Page,Src,Alt,Width,Height,Loading,Issues
"https://mclair.com.br/","/logos/logo-color.png","Mclair","","","","sem width/height (risco de CLS) | sem atributo loading"
"https://mclair.com.br/","/logos/logo-white-hd.png","Mclair","","","","sem width/height (risco de CLS) | sem atributo loading"
"https://mclair.com.br/","/cases-img/claudia-elisa-1.webp","","","","eager","alt vazio (ok se decorativa) | sem width/height (risco de CLS)"
"https://mclair.com.br/","/logos/logo-icone-M.png","Mclair","120","120","","sem atributo loading"
"https://mclair.com.br/","/logos/logo-icone-M.png","Mclair","52","52","","sem atributo loading"
"https://mclair.com.br/","/sobre/equipe-mclair-comunicacao-estrategica.jpg","Equipe Mclair: Agência de Comunicação Estratégica em São Paulo","","","","sem width/height (risco de CLS) | sem atributo loading"
"https://mclair.com.br/","/cases-hero.jpg","Cases Mclair","","","","sem width/height (risco de CLS) | sem atributo loading"
"https://mclair.com.br/","","","","","","sem src | alt vazio (ok se decorativa) | sem width/height (risco de CLS) | sem atributo loading"
"https://mclair.com.br/","/kelly-pinheiro.jpg","","","","","alt vazio (ok se decorativa) | sem width/height (risco de CLS) | sem atributo loading"
"https://mclair.com.br/","/depoimentos/rogerio-carvalho-automatiza-sistemas.jpg","Rogério Carvalho","","","lazy","sem width/height (risco de CLS)"
"https://mclair.com.br/","/depoimentos/fabiana-carvalho-vinke-zoom-mind.jpg","Fabiana Carvalho Vinke","","","lazy","sem width/height (risco de CLS)"
"https://mclair.com.br/","/depoimentos/elemar-jr-eximiaco.jpg","Elemar Jr.","","","lazy","sem width/height (risco de CLS)"
"https://mclair.com.br/","/depoimentos/eduardo-camargo-guiando.png","Eduardo Camargo","","","lazy","sem width/height (risco de CLS)"
"https://mclair.com.br/","/depoimentos/denis-zanini-ynusitado.png","Denis Zanini","","","lazy","sem width/height (risco de CLS)"
"https://mclair.com.br/","/depoimentos/rogerio-carvalho-automatiza-sistemas.jpg","Rogério Carvalho","","","lazy","sem width/height (risco de CLS)"
"https://mclair.com.br/","/depoimentos/fabiana-carvalho-vinke-zoom-mind.jpg","Fabiana Carvalho Vinke","","","lazy","sem width/height (risco de CLS)"
"https://mclair.com.br/","/depoimentos/elemar-jr-eximiaco.jpg","Elemar Jr.","","","lazy","sem width/height (risco de CLS)"
"https://mclair.com.br/","/depoimentos/eduardo-camargo-guiando.png","Eduardo Camargo","","","lazy","sem width/height (risco de CLS)"
"https://mclair.com.br/","/depoimentos/denis-zanini-ynusitado.png","Denis Zanini","","","lazy","sem width/height (risco de CLS)"
"https://mclair.com.br/","https://mclair.com.br/blog-images/capa-padrao-og.png","A arte de transformar metas em realidade","","","lazy","sem width/height (risco de CLS)"
"https://mclair.com.br/","https://mclair.com.br/blog-images/capa-padrao-og.png","Lambda3 abre 28 vagas para desenvolvedores","","","lazy","sem width/height (risco de CLS)"
"https://mclair.com.br/","https://mclair.com.br/blog-images/capa-padrao-og.png","O lado B da produtividade em trabalho remoto","","","lazy","sem width/height (risco de CLS)"
"https://mclair.com.br/","/logos/logo-negativo.png","Mclair","","32","","sem width/height (risco de CLS) | sem atributo loading"
"https://mclair.com.br/blog/","/logos/logo-color.png","Mclair","","","","sem width/height (risco de CLS) | sem atributo loading"
"https://mclair.com.br/blog/","/logos/logo-white-hd.png","Mclair","","","","sem width/height (risco de CLS) | sem atributo loading"
"https://mclair.com.br/blog/","/cases-img/claudia-elisa-1.webp","","","","eager","alt vazio (ok se decorativa) | sem width/height (risco de CLS)"
"https://mclair.com.br/blog/","/logos/logo-icone-M.png","Mclair","120","120","","sem atributo loading"
"https://mclair.com.br/blog/","https://mclair.com.br/blog-images/capa-padrao-og.png","A arte de transformar metas em realidade","","","lazy","sem width/height (risco de CLS)"
"https://mclair.com.br/blog/","https://mclair.com.br/blog-images/capa-padrao-og.png","Lambda3 abre 28 vagas para desenvolvedores","","","lazy","sem width/height (risco de CLS)"
"https://mclair.com.br/blog/","https://mclair.com.br/blog-images/capa-padrao-og.png","O lado B da produtividade em trabalho remoto","","","lazy","sem width/height (risco de CLS)"
"https://mclair.com.br/blog/","https://mclair.com.br/blog-images/capa-padrao-og.png","Perspectivas 2020 para o varejo farmacêutico","","","lazy","sem width/height (risco de CLS)"
"https://mclair.com.br/blog/","https://mclair.com.br/blog-images/capa-padrao-og.png","AQUARANTENADOS lança single ""Tudo vai dar certo""","","","lazy","sem width/height (risco de CLS)"
"https://mclair.com.br/blog/","https://mclair.com.br/blog-images/capa-padrao-og.png","Dia do Orgulho Nerd: 4 dicas para celebrar a data","","","lazy","sem width/height (risco de CLS)"
"https://mclair.com.br/blog/","https://mclair.com.br/blog-images/capa-padrao-og.png","Momentos de crise exigem lideranças inteligentes","","","lazy","sem width/height (risco de CLS)"
"https://mclair.com.br/blog/","https://mclair.com.br/blog-images/capa-padrao-og.png","LGPD: empresas podem ser penalizadas solidariamente","","","lazy","sem width/height (risco de CLS)"
"https://mclair.com.br/blog/","https://mclair.com.br/blog-images/capa-padrao-og.png","Os parâmetros para produtividade foram redefinidos","","","lazy","sem width/height (risco de CLS)"
"https://mclair.com.br/blog/","https://mclair.com.br/blog-images/capa-padrao-og.png","Em tempos de pandemia, tecnologia cria oportunidades","","","lazy","sem width/height (risco de CLS)"
"https://mclair.com.br/blog/","https://mclair.com.br/blog-images/capa-padrao-og.png","Ted Lasso: Por que a série é um case de branded content?","","","lazy","sem width/height (risco de CLS)"
"https://mclair.com.br/blog/","https://mclair.com.br/blog-images/capa-padrao-og.png","Computadores não vencem humanos em debates... Por enquanto!","","","lazy","sem width/height (risco de CLS)"
"https://mclair.com.br/blog/","https://mclair.com.br/blog-images/capa-padrao-og.png","Dicas de nutrição: cuidados com a alimentação no inverno","","","lazy","sem width/height (risco de CLS)"
"https://mclair.com.br/blog/","https://mclair.com.br/blog-images/capa-padrao-og.png","ESG e felicidade corporativa: a nova fronteira da gestão","","","lazy","sem width/height (risco de CLS)"
"https://mclair.com.br/blog/","https://mclair.com.br/blog-images/capa-padrao-og.png","Setores devem se fortalecer com a transformação digital","","","lazy","sem width/height (risco de CLS)"
"https://mclair.com.br/blog/","https://mclair.com.br/blog-images/capa-padrao-og.png","Empresas modernas serão, cada vez mais, empresas de software","","","lazy","sem width/height (risco de CLS)"
"https://mclair.com.br/blog/","https://mclair.com.br/blog-images/capa-padrao-og.png","Negócios digitais: os ""6Ds"" cruciais para a inovação exponencial","","","lazy","sem width/height (risco de CLS)"
"https://mclair.com.br/blog/","https://mclair.com.br/blog-images/capa-padrao-og.png","Pandemia evidencia necessidades de reposicionamento de marcas","","","lazy","sem width/height (risco de CLS)"
"https://mclair.com.br/blog/","https://mclair.com.br/blog-images/capa-padrao-og.png","A arte de transformar metas em realidade","","","eager","sem width/height (risco de CLS)"
"https://mclair.com.br/blog/","https://mclair.com.br/blog-images/capa-padrao-og.png","Lambda3 abre 28 vagas para desenvolvedores","","","lazy","sem width/height (risco de CLS)"
"https://mclair.com.br/blog/","https://mclair.com.br/blog-images/capa-padrao-og.png","O lado B da produtividade em trabalho remoto","","","lazy","sem width/height (risco de CLS)"
"https://mclair.com.br/blog/","https://mclair.com.br/blog-images/capa-padrao-og.png","Perspectivas 2020 para o varejo farmacêutico","","","lazy","sem width/height (risco de CLS)"
"https://mclair.com.br/blog/","https://mclair.com.br/blog-images/capa-padrao-og.png","AQUARANTENADOS lança single ""Tudo vai dar certo""","","","lazy","sem width/height (risco de CLS)"
"https://mclair.com.br/blog/","https://mclair.com.br/blog-images/capa-padrao-og.png","Dia do Orgulho Nerd: 4 dicas para celebrar a data","","","lazy","sem width/height (risco de CLS)"
"https://mclair.com.br/blog/","https://mclair.com.br/blog-images/capa-padrao-og.png","Momentos de crise exigem lideranças inteligentes","","","lazy","sem width/height (risco de CLS)"
"https://mclair.com.br/blog/","https://mclair.com.br/blog-images/capa-padrao-og.png","LGPD: empresas podem ser penalizadas solidariamente","","","lazy","sem width/height (risco de CLS)"
"https://mclair.com.br/blog/","https://mclair.com.br/blog-images/capa-padrao-og.png","Os parâmetros para produtividade foram redefinidos","","","lazy","sem width/height (risco de CLS)"
"https://mclair.com.br/blog/","https://mclair.com.br/blog-images/capa-padrao-og.png","Em tempos de pandemia, tecnologia cria oportunidades","","","lazy","sem width/height (risco de CLS)"
"https://mclair.com.br/blog/","https://mclair.com.br/blog-images/capa-padrao-og.png","Ted Lasso: Por que a série é um case de branded content?","","","lazy","sem width/height (risco de CLS)"
"https://mclair.com.br/blog/","https://mclair.com.br/blog-images/capa-padrao-og.png","Computadores não vencem humanos em debates... Por enquanto!","","","lazy","sem width/height (risco de CLS)"
"https://mclair.com.br/blog/","https://mclair.com.br/blog-images/capa-padrao-og.png","Dicas de nutrição: cuidados com a alimentação no inverno","","","lazy","sem width/height (risco de CLS)"
"https://mclair.com.br/blog/","https://mclair.com.br/blog-images/capa-padrao-og.png","ESG e felicidade corporativa: a nova fronteira da gestão","","","lazy","sem width/height (risco de CLS)"
"https://mclair.com.br/blog/","https://mclair.com.br/blog-images/capa-padrao-og.png","Setores devem se fortalecer com a transformação digital","","","lazy","sem width/height (risco de CLS)"
"https://mclair.com.br/blog/","https://mclair.com.br/blog-images/capa-padrao-og.png","Empresas modernas serão, cada vez mais, empresas de software","","","lazy","sem width/height (risco de CLS)"
"https://mclair.com.br/blog/","https://mclair.com.br/blog-images/capa-padrao-og.png","Negócios digitais: os ""6Ds"" cruciais para a inovação exponencial","","","lazy","sem width/height (risco de CLS)"
"https://mclair.com.br/blog/","https://mclair.com.br/blog-images/capa-padrao-og.png","Pandemia evidencia necessidades de reposicionamento de marcas","","","lazy","sem width/height (risco de CLS)"
"https://mclair.com.br/blog/","/logos/logo-negativo.png","Mclair","","32","","sem width/height (risco de CLS) | sem atributo loading"
"https://mclair.com.br/blog/2/","/logos/logo-color.png","Mclair","","","","sem width/height (risco de CLS) | sem atributo loading"
"https://mclair.com.br/blog/2/","/logos/logo-white-hd.png","Mclair","","","","sem width/height (risco de CLS) | sem atributo loading"
"https://mclair.com.br/blog/2/","/cases-img/claudia-elisa-1.webp","","","","eager","alt vazio (ok se decorativa) | sem width/height (risco de CLS)"
"https://mclair.com.br/blog/2/","/logos/logo-icone-M.png","Mclair","120","120","","sem atributo loading"
"https://mclair.com.br/blog/2/","https://mclair.com.br/blog-images/capa-padrao-og.png","Transformação digital e o ""novo normal"" para o setor de eventos","","","lazy","sem width/height (risco de CLS)"
"https://mclair.com.br/blog/2/","https://mclair.com.br/blog-images/capa-padrao-og.png","A complexa relação entre a tecnologia e as viagens pós-pandemia","","","lazy","sem width/height (risco de CLS)"
"https://mclair.com.br/blog/2/","https://mclair.com.br/blog-images/capa-padrao-og.png","O poder da tecnologia e automação de marketing para os negócios","","","lazy","sem width/height (risco de CLS)"
"https://mclair.com.br/blog/2/","https://mclair.com.br/blog-images/capa-padrao-og.png","Quando misturar relação mercantil e social não é um bom negócio","","","lazy","sem width/height (risco de CLS)"
"https://mclair.com.br/blog/2/","https://mclair.com.br/blog-images/capa-padrao-og.png","Democracia organizacional tornam empresa de tecnologia referência","","","lazy","sem width/height (risco de CLS)"
"https://mclair.com.br/blog/2/","https://mclair.com.br/blog-images/capa-padrao-og.png","Seis recomendações imediatas para gestão de equipes de tecnologia","","","lazy","sem width/height (risco de CLS)"
"https://mclair.com.br/blog/2/","https://mclair.com.br/blog-images/capa-padrao-og.png","Vissla lança plataforma para potencializar campanhas de marketing","","","lazy","sem width/height (risco de CLS)"
"https://mclair.com.br/blog/2/","https://mclair.com.br/blog-images/capa-padrao-og.png","Leilão do Bradesco traz 52 imóveis com preços a partir de R$ 40 mil","","","lazy","sem width/height (risco de CLS)"
"https://mclair.com.br/blog/2/","https://mclair.com.br/blog-images/capa-padrao-og.png","Digitalização evidencia o abismo entre o ensino público e o privado","","","lazy","sem width/height (risco de CLS)"
"https://mclair.com.br/blog/2/","https://mclair.com.br/blog-images/capa-padrao-og.png","Microsserviços evidenciam impactos em escalabilidade para o negócio","","","lazy","sem width/height (risco de CLS)"
"https://mclair.com.br/blog/2/","https://mclair.com.br/blog-images/capa-padrao-og.png","Urgência do trabalho remoto evidencia oportunidades de qualificação","","","lazy","sem width/height (risco de CLS)"
"https://mclair.com.br/blog/2/","https://mclair.com.br/blog-images/capa-padrao-og.png","5 recomendações práticas para facilitar o trabalho remoto de times de T.I.","","","lazy","sem width/height (risco de CLS)"
"https://mclair.com.br/blog/2/","https://mclair.com.br/blog-images/capa-padrao-og.png","8 em cada 10 brasileiros já utilizaram Inteligência Artificial ao menos uma vez","","","lazy","sem width/height (risco de CLS)"
"https://mclair.com.br/blog/2/","https://mclair.com.br/blog-images/capa-padrao-og.png","Apps de reconhecimento facial alertam para riscos de controle governamental","","","lazy","sem width/height (risco de CLS)"
"https://mclair.com.br/blog/2/","https://mclair.com.br/blog-images/capa-padrao-og.png","Criatividade cibernética redefinirá o conceito de transformação digital","","","lazy","sem width/height (risco de CLS)"
"https://mclair.com.br/blog/2/","https://mclair.com.br/blog-images/capa-padrao-og.png","De imóveis a veículos, o leilão da Justiça do Trabalho de SP oferece variedade de bens com até 80% de deságio","","","lazy","sem width/height (risco de CLS)"
"https://mclair.com.br/blog/2/","https://mclair.com.br/blog-images/capa-padrao-og.png","Diego Nogare deixa o Itaú após consolidar inovação em Machine Learning no maior banco da América Latina","","","lazy","sem width/height (risco de CLS)"
"https://mclair.com.br/blog/2/","https://mclair.com.br/blog-images/capa-padrao-og.png","Do GLP ao coração dos Corinthianos: como o patrocínio do Appgas ao Timão revoluciona, novamente, o mercado tradicional","","","lazy","sem width/height (risco de CLS)"
"https://mclair.com.br/blog/2/","https://mclair.com.br/blog-images/capa-padrao-og.png","Transformação digital e o ""novo normal"" para o setor de eventos","","","eager","sem width/height (risco de CLS)"
"https://mclair.com.br/blog/2/","https://mclair.com.br/blog-images/capa-padrao-og.png","A complexa relação entre a tecnologia e as viagens pós-pandemia","","","lazy","sem width/height (risco de CLS)"
"https://mclair.com.br/blog/2/","https://mclair.com.br/blog-images/capa-padrao-og.png","O poder da tecnologia e automação de marketing para os negócios","","","lazy","sem width/height (risco de CLS)"
"https://mclair.com.br/blog/2/","https://mclair.com.br/blog-images/capa-padrao-og.png","Quando misturar relação mercantil e social não é um bom negócio","","","lazy","sem width/height (risco de CLS)"
"https://mclair.com.br/blog/2/","https://mclair.com.br/blog-images/capa-padrao-og.png","Democracia organizacional tornam empresa de tecnologia referência","","","lazy","sem width/height (risco de CLS)"
"https://mclair.com.br/blog/2/","https://mclair.com.br/blog-images/capa-padrao-og.png","Seis recomendações imediatas para gestão de equipes de tecnologia","","","lazy","sem width/height (risco de CLS)"
"https://mclair.com.br/blog/2/","https://mclair.com.br/blog-images/capa-padrao-og.png","Vissla lança plataforma para potencializar campanhas de marketing","","","lazy","sem width/height (risco de CLS)"
"https://mclair.com.br/blog/2/","https://mclair.com.br/blog-images/capa-padrao-og.png","Leilão do Bradesco traz 52 imóveis com preços a partir de R$ 40 mil","","","lazy","sem width/height (risco de CLS)"
"https://mclair.com.br/blog/2/","https://mclair.com.br/blog-images/capa-padrao-og.png","Digitalização evidencia o abismo entre o ensino público e o privado","","","lazy","sem width/height (risco de CLS)"
"https://mclair.com.br/blog/2/","https://mclair.com.br/blog-images/capa-padrao-og.png","Microsserviços evidenciam impactos em escalabilidade para o negócio","","","lazy","sem width/height (risco de CLS)"
"https://mclair.com.br/blog/2/","https://mclair.com.br/blog-images/capa-padrao-og.png","Urgência do trabalho remoto evidencia oportunidades de qualificação","","","lazy","sem width/height (risco de CLS)"
"https://mclair.com.br/blog/2/","https://mclair.com.br/blog-images/capa-padrao-og.png","5 recomendações práticas para facilitar o trabalho remoto de times de T.I.","","","lazy","sem width/height (risco de CLS)"
"https://mclair.com.br/blog/2/","https://mclair.com.br/blog-images/capa-padrao-og.png","8 em cada 10 brasileiros já utilizaram Inteligência Artificial ao menos uma vez","","","lazy","sem width/height (risco de CLS)"
"https://mclair.com.br/blog/2/","https://mclair.com.br/blog-images/capa-padrao-og.png","Apps de reconhecimento facial alertam para riscos de controle governamental","","","lazy","sem width/height (risco de CLS)"
"https://mclair.com.br/blog/2/","https://mclair.com.br/blog-images/capa-padrao-og.png","Criatividade cibernética redefinirá o conceito de transformação digital","","","lazy","sem width/height (risco de CLS)"
"https://mclair.com.br/blog/2/","https://mclair.com.br/blog-images/capa-padrao-og.png","De imóveis a veículos, o leilão da Justiça do Trabalho de SP oferece variedade de bens com até 80% de deságio","","","lazy","sem width/height (risco de CLS)"
"https://mclair.com.br/blog/2/","https://mclair.com.br/blog-images/capa-padrao-og.png","Diego Nogare deixa o Itaú após consolidar inovação em Machine Learning no maior banco da América Latina","","","lazy","sem width/height (risco de CLS)"
"https://mclair.com.br/blog/2/","https://mclair.com.br/blog-images/capa-padrao-og.png","Do GLP ao coração dos Corinthianos: como o patrocínio do Appgas ao Timão revoluciona, novamente, o mercado tradicional","","","lazy","sem width/height (risco de CLS)"
"https://mclair.com.br/blog/2/","/logos/logo-negativo.png","Mclair","","32","","sem width/height (risco de CLS) | sem atributo loading"
"https://mclair.com.br/blog/3-dicas-para-equilibrar-o-controle-e-velocidade-nas-tomadas-de-decisao/","/logos/logo-color.png","Mclair","","","","sem width/height (risco de CLS) | sem atributo loading"
"https://mclair.com.br/blog/3-dicas-para-equilibrar-o-controle-e-velocidade-nas-tomadas-de-decisao/","/logos/logo-white-hd.png","Mclair","","","","sem width/height (risco de CLS) | sem atributo loading"
"https://mclair.com.br/blog/3-dicas-para-equilibrar-o-controle-e-velocidade-nas-tomadas-de-decisao/","/cases-img/claudia-elisa-1.webp","","","","eager","alt vazio (ok se decorativa) | sem width/height (risco de CLS)"
"https://mclair.com.br/blog/3-dicas-para-equilibrar-o-controle-e-velocidade-nas-tomadas-de-decisao/","/logos/logo-icone-M.png","Mclair","120","120","","sem atributo loading"
"https://mclair.com.br/blog/3-dicas-para-equilibrar-o-controle-e-velocidade-nas-tomadas-de-decisao/","https://mclair.com.br/blog-images/capa-padrao-og.png","","","","","alt vazio (ok se decorativa) | sem width/height (risco de CLS) | sem atributo loading"
"https://mclair.com.br/blog/3-dicas-para-equilibrar-o-controle-e-velocidade-nas-tomadas-de-decisao/","https://mclair.com.br/blog-images/capa-padrao-og.png","Os desafios e mitos sobre a transição energética","","","lazy","sem width/height (risco de CLS)"
"https://mclair.com.br/blog/3-dicas-para-equilibrar-o-controle-e-velocidade-nas-tomadas-de-decisao/","https://mclair.com.br/blog-images/capa-padrao-og.png","RH e o futuro do trabalho: quais as tendências para os próximos 10 anos?","","","lazy","sem width/height (risco de CLS)"
"https://mclair.com.br/blog/3-dicas-para-equilibrar-o-controle-e-velocidade-nas-tomadas-de-decisao/","https://mclair.com.br/blog-images/capa-padrao-og.png","O","","","lazy","sem width/height (risco de CLS)"
"https://mclair.com.br/blog/3-dicas-para-equilibrar-o-controle-e-velocidade-nas-tomadas-de-decisao/","/logos/logo-negativo.png","Mclair","","32","","sem width/height (risco de CLS) | sem atributo loading"
"https://mclair.com.br/blog/3-setores-beneficiados-pelo-audiovisual-em-2021/","/logos/logo-color.png","Mclair","","","","sem width/height (risco de CLS) | sem atributo loading"
"https://mclair.com.br/blog/3-setores-beneficiados-pelo-audiovisual-em-2021/","/logos/logo-white-hd.png","Mclair","","","","sem width/height (risco de CLS) | sem atributo loading"
"https://mclair.com.br/blog/3-setores-beneficiados-pelo-audiovisual-em-2021/","/cases-img/claudia-elisa-1.webp","","","","eager","alt vazio (ok se decorativa) | sem width/height (risco de CLS)"
"https://mclair.com.br/blog/3-setores-beneficiados-pelo-audiovisual-em-2021/","/logos/logo-icone-M.png","Mclair","120","120","","sem atributo loading"
"https://mclair.com.br/blog/3-setores-beneficiados-pelo-audiovisual-em-2021/","https://mclair.com.br/blog-images/capa-padrao-og.png","","","","","alt vazio (ok se decorativa) | sem width/height (risco de CLS) | sem atributo loading"
"https://mclair.com.br/blog/3-setores-beneficiados-pelo-audiovisual-em-2021/","https://mclair.com.br/blog-images/capa-padrao-og.png","Black Friday reforça a importância do Vídeo Marketing","","","lazy","sem width/height (risco de CLS)"
"https://mclair.com.br/blog/3-setores-beneficiados-pelo-audiovisual-em-2021/","https://mclair.com.br/blog-images/capa-padrao-og.png","A arte de transformar metas em realidade","","","lazy","sem width/height (risco de CLS)"
"https://mclair.com.br/blog/3-setores-beneficiados-pelo-audiovisual-em-2021/","https://mclair.com.br/blog-images/capa-padrao-og.png","Lambda3 abre 28 vagas para desenvolvedores","","","lazy","sem width/height (risco de CLS)"
"https://mclair.com.br/blog/3-setores-beneficiados-pelo-audiovisual-em-2021/","/logos/logo-negativo.png","Mclair","","32","","sem width/height (risco de CLS) | sem atributo loading"
"https://mclair.com.br/blog/3-solucoes-para-a-transformacao-digital-da-construcao-civil/","/logos/logo-color.png","Mclair","","","","sem width/height (risco de CLS) | sem atributo loading"
"https://mclair.com.br/blog/3-solucoes-para-a-transformacao-digital-da-construcao-civil/","/logos/logo-white-hd.png","Mclair","","","","sem width/height (risco de CLS) | sem atributo loading"
"https://mclair.com.br/blog/3-solucoes-para-a-transformacao-digital-da-construcao-civil/","/cases-img/claudia-elisa-1.webp","","","","eager","alt vazio (ok se decorativa) | sem width/height (risco de CLS)"
"https://mclair.com.br/blog/3-solucoes-para-a-transformacao-digital-da-construcao-civil/","/logos/logo-icone-M.png","Mclair","120","120","","sem atributo loading"
"https://mclair.com.br/blog/3-solucoes-para-a-transformacao-digital-da-construcao-civil/","https://mclair.com.br/blog-images/capa-padrao-og.png","","","","","alt vazio (ok se decorativa) | sem width/height (risco de CLS) | sem atributo loading"
"https://mclair.com.br/blog/3-solucoes-para-a-transformacao-digital-da-construcao-civil/","https://mclair.com.br/blog-images/capa-padrao-og.png","7 razões para implementar a automação de processos na sua empresa","","","lazy","sem width/height (risco de CLS)"
"https://mclair.com.br/blog/3-solucoes-para-a-transformacao-digital-da-construcao-civil/","https://mclair.com.br/blog-images/capa-padrao-og.png","Home office e transformação digital impulsionam retomada de investimentos","","","lazy","sem width/height (risco de CLS)"
"https://mclair.com.br/blog/3-solucoes-para-a-transformacao-digital-da-construcao-civil/","https://mclair.com.br/blog-images/capa-padrao-og.png","Como a tecnologia ajuda aumentar a confiança do cliente","","","lazy","sem width/height (risco de CLS)"
"https://mclair.com.br/blog/3-solucoes-para-a-transformacao-digital-da-construcao-civil/","/logos/logo-negativo.png","Mclair","","32","","sem width/height (risco de CLS) | sem atributo loading"
"https://mclair.com.br/blog/3/","/logos/logo-color.png","Mclair","","","","sem width/height (risco de CLS) | sem atributo loading"
"https://mclair.com.br/blog/3/","/logos/logo-white-hd.png","Mclair","","","","sem width/height (risco de CLS) | sem atributo loading"
"https://mclair.com.br/blog/3/","/cases-img/claudia-elisa-1.webp","","","","eager","alt vazio (ok se decorativa) | sem width/height (risco de CLS)"
"https://mclair.com.br/blog/3/","/logos/logo-icone-M.png","Mclair","120","120","","sem atributo loading"
"https://mclair.com.br/blog/3/","https://mclair.com.br/blog-images/capa-padrao-og.png","Estética e saúde: dois conceitos aliados para garantia da qualidade de vida","","","lazy","sem width/height (risco de CLS)"
"https://mclair.com.br/blog/3/","https://mclair.com.br/blog-images/capa-padrao-og.png","Justiça Federal: leilão com descontos de até 50% oferece imóveis e veículos em São Paulo","","","lazy","sem width/height (risco de CLS)"
"https://mclair.com.br/blog/3/","https://mclair.com.br/blog-images/capa-padrao-og.png","Lambda3 mira fintechs de investimento e prevê crescimento de 25% em 2020","","","lazy","sem width/height (risco de CLS)"
"https://mclair.com.br/blog/3/","https://mclair.com.br/blog-images/capa-padrao-og.png","MARKETING PARA FARMÁCIAS: CONHEÇA OS PILARES PARA UMA ESTRATÉGIA DE SUCESSO","","","lazy","sem width/height (risco de CLS)"
"https://mclair.com.br/blog/3/","https://mclair.com.br/blog-images/capa-padrao-og.png","Novo petróleo: uso correto de dados pode gerar oportunidades de negócios","","","lazy","sem width/height (risco de CLS)"
"https://mclair.com.br/blog/3/","https://mclair.com.br/blog-images/capa-padrao-og.png","Práticas de Gestão de Pessoas ajudam na transformação de conceitos culturais","","","lazy","sem width/height (risco de CLS)"
"https://mclair.com.br/blog/3/","https://mclair.com.br/blog-images/capa-padrao-og.png","Recursos digitais potencializam eficiência e economia ao setor de saúde","","","lazy","sem width/height (risco de CLS)"
"https://mclair.com.br/blog/3/","https://mclair.com.br/blog-images/capa-padrao-og.png","Startup lança plataforma inédita para o mercado de automação de vídeos","","","lazy","sem width/height (risco de CLS)"
"https://mclair.com.br/blog/3/","https://mclair.com.br/blog-images/capa-padrao-og.png","ZBRA anuncia Head de Novos Negócios","","","lazy","sem width/height (risco de CLS)"
"https://mclair.com.br/blog/3/","https://mclair.com.br/blog-images/capa-padrao-og.png","MIS recebe exposição de arte urbana no dia 4","","","lazy","sem width/height (risco de CLS)"
"https://mclair.com.br/blog/3/","https://mclair.com.br/blog-images/capa-padrao-og.png","Os desafios e mitos sobre a transição energética","","","lazy","sem width/height (risco de CLS)"
"https://mclair.com.br/blog/3/","https://mclair.com.br/blog-images/capa-padrao-og.png","5 filmes e séries para inspirar os amantes da comunicação","","","lazy","sem width/height (risco de CLS)"
"https://mclair.com.br/blog/3/","https://mclair.com.br/blog-images/capa-padrao-og.png","Artista catarinense vence a 3ª edição da Galeria Consigaz","","","lazy","sem width/height (risco de CLS)"
"https://mclair.com.br/blog/3/","https://mclair.com.br/blog-images/capa-padrao-og.png","GALERIA CONSIGAZ busca talentos brasileiros da arte urbana","","","lazy","sem width/height (risco de CLS)"
"https://mclair.com.br/blog/3/","https://mclair.com.br/blog-images/capa-padrao-og.png","Leilão especial: evento online tem motos a partir de R$3,4 mil","","","lazy","sem width/height (risco de CLS)"
"https://mclair.com.br/blog/3/","https://mclair.com.br/blog-images/capa-padrao-og.png","Fidalgo amplia portfólio de negócios com novos segmentos de leilões","","","lazy","sem width/height (risco de CLS)"
"https://mclair.com.br/blog/3/","https://mclair.com.br/blog-images/capa-padrao-og.png","Cubo Comunicação anuncia rebranding e plano de expansão para a Europa","","","lazy","sem width/height (risco de CLS)"
"https://mclair.com.br/blog/3/","https://mclair.com.br/blog-images/capa-padrao-og.png","Maternidade e trabalho: um mês para nós e todos os outros dias de luta","","","lazy","sem width/height (risco de CLS)"
"https://mclair.com.br/blog/3/","https://mclair.com.br/blog-images/capa-padrao-og.png","Estética e saúde: dois conceitos aliados para garantia da qualidade de vida","","","eager","sem width/height (risco de CLS)"
"https://mclair.com.br/blog/3/","https://mclair.com.br/blog-images/capa-padrao-og.png","Justiça Federal: leilão com descontos de até 50% oferece imóveis e veículos em São Paulo","","","lazy","sem width/height (risco de CLS)"
"https://mclair.com.br/blog/3/","https://mclair.com.br/blog-images/capa-padrao-og.png","Lambda3 mira fintechs de investimento e prevê crescimento de 25% em 2020","","","lazy","sem width/height (risco de CLS)"
"https://mclair.com.br/blog/3/","https://mclair.com.br/blog-images/capa-padrao-og.png","MARKETING PARA FARMÁCIAS: CONHEÇA OS PILARES PARA UMA ESTRATÉGIA DE SUCESSO","","","lazy","sem width/height (risco de CLS)"
"https://mclair.com.br/blog/3/","https://mclair.com.br/blog-images/capa-padrao-og.png","Novo petróleo: uso correto de dados pode gerar oportunidades de negócios","","","lazy","sem width/height (risco de CLS)"
"https://mclair.com.br/blog/3/","https://mclair.com.br/blog-images/capa-padrao-og.png","Práticas de Gestão de Pessoas ajudam na transformação de conceitos culturais","","","lazy","sem width/height (risco de CLS)"
"https://mclair.com.br/blog/3/","https://mclair.com.br/blog-images/capa-padrao-og.png","Recursos digitais potencializam eficiência e economia ao setor de saúde","","","lazy","sem width/height (risco de CLS)"
"https://mclair.com.br/blog/3/","https://mclair.com.br/blog-images/capa-padrao-og.png","Startup lança plataforma inédita para o mercado de automação de vídeos","","","lazy","sem width/height (risco de CLS)"
"https://mclair.com.br/blog/3/","https://mclair.com.br/blog-images/capa-padrao-og.png","ZBRA anuncia Head de Novos Negócios","","","lazy","sem width/height (risco de CLS)"
"https://mclair.com.br/blog/3/","https://mclair.com.br/blog-images/capa-padrao-og.png","MIS recebe exposição de arte urbana no dia 4","","","lazy","sem width/height (risco de CLS)"
"https://mclair.com.br/blog/3/","https://mclair.com.br/blog-images/capa-padrao-og.png","Os desafios e mitos sobre a transição energética","","","lazy","sem width/height (risco de CLS)"
"https://mclair.com.br/blog/3/","https://mclair.com.br/blog-images/capa-padrao-og.png","5 filmes e séries para inspirar os amantes da comunicação","","","lazy","sem width/height (risco de CLS)"
"https://mclair.com.br/blog/3/","https://mclair.com.br/blog-images/capa-padrao-og.png","Artista catarinense vence a 3ª edição da Galeria Consigaz","","","lazy","sem width/height (risco de CLS)"
"https://mclair.com.br/blog/3/","https://mclair.com.br/blog-images/capa-padrao-og.png","GALERIA CONSIGAZ busca talentos brasileiros da arte urbana","","","lazy","sem width/height (risco de CLS)"
"https://mclair.com.br/blog/3/","https://mclair.com.br/blog-images/capa-padrao-og.png","Leilão especial: evento online tem motos a partir de R$3,4 mil","","","lazy","sem width/height (risco de CLS)"
"https://mclair.com.br/blog/3/","https://mclair.com.br/blog-images/capa-padrao-og.png","Fidalgo amplia portfólio de negócios com novos segmentos de leilões","","","lazy","sem width/height (risco de CLS)"
"https://mclair.com.br/blog/3/","https://mclair.com.br/blog-images/capa-padrao-og.png","Cubo Comunicação anuncia rebranding e plano de expansão para a Europa","","","lazy","sem width/height (risco de CLS)"
"https://mclair.com.br/blog/3/","https://mclair.com.br/blog-images/capa-padrao-og.png","Maternidade e trabalho: um mês para nós e todos os outros dias de luta","","","lazy","sem width/height (risco de CLS)"
"https://mclair.com.br/blog/3/","/logos/logo-negativo.png","Mclair","","32","","sem width/height (risco de CLS) | sem atributo loading"
"https://mclair.com.br/blog/4-caracteristicas-comuns-em-produtos-na-era-da/","/logos/logo-color.png","Mclair","","","","sem width/height (risco de CLS) | sem atributo loading"
"https://mclair.com.br/blog/4-caracteristicas-comuns-em-produtos-na-era-da/","/logos/logo-white-hd.png","Mclair","","","","sem width/height (risco de CLS) | sem atributo loading"
"https://mclair.com.br/blog/4-caracteristicas-comuns-em-produtos-na-era-da/","/cases-img/claudia-elisa-1.webp","","","","eager","alt vazio (ok se decorativa) | sem width/height (risco de CLS)"
"https://mclair.com.br/blog/4-caracteristicas-comuns-em-produtos-na-era-da/","/logos/logo-icone-M.png","Mclair","120","120","","sem atributo loading"
"https://mclair.com.br/blog/4-caracteristicas-comuns-em-produtos-na-era-da/","https://mclair.com.br/blog-images/capa-padrao-og.png","","","","","alt vazio (ok se decorativa) | sem width/height (risco de CLS) | sem atributo loading"
"https://mclair.com.br/blog/4-caracteristicas-comuns-em-produtos-na-era-da/","https://mclair.com.br/blog-images/capa-padrao-og.png","Momentos de crise exigem lideranças inteligentes","","","lazy","sem width/height (risco de CLS)"
"https://mclair.com.br/blog/4-caracteristicas-comuns-em-produtos-na-era-da/","https://mclair.com.br/blog-images/capa-padrao-og.png","Os parâmetros para produtividade foram redefinidos","","","lazy","sem width/height (risco de CLS)"
"https://mclair.com.br/blog/4-caracteristicas-comuns-em-produtos-na-era-da/","https://mclair.com.br/blog-images/capa-padrao-og.png","Computadores não vencem humanos em debates... Por enquanto!","","","lazy","sem width/height (risco de CLS)"
"https://mclair.com.br/blog/4-caracteristicas-comuns-em-produtos-na-era-da/","/logos/logo-negativo.png","Mclair","","32","","sem width/height (risco de CLS) | sem atributo loading"
"https://mclair.com.br/blog/4-erros-comuns-ao-implementar-produtos-digitais/","/logos/logo-color.png","Mclair","","","","sem width/height (risco de CLS) | sem atributo loading"
"https://mclair.com.br/blog/4-erros-comuns-ao-implementar-produtos-digitais/","/logos/logo-white-hd.png","Mclair","","","","sem width/height (risco de CLS) | sem atributo loading"
"https://mclair.com.br/blog/4-erros-comuns-ao-implementar-produtos-digitais/","/cases-img/claudia-elisa-1.webp","","","","eager","alt vazio (ok se decorativa) | sem width/height (risco de CLS)"
"https://mclair.com.br/blog/4-erros-comuns-ao-implementar-produtos-digitais/","/logos/logo-icone-M.png","Mclair","120","120","","sem atributo loading"
"https://mclair.com.br/blog/4-erros-comuns-ao-implementar-produtos-digitais/","https://mclair.com.br/blog-images/capa-padrao-og.png","","","","","alt vazio (ok se decorativa) | sem width/height (risco de CLS) | sem atributo loading"
"https://mclair.com.br/blog/4-erros-comuns-ao-implementar-produtos-digitais/","https://mclair.com.br/blog-images/capa-padrao-og.png","14/09 - Lambda3 completa 12 anos e lança podcast com olhar sobre negócios no contexto nacional","","","lazy","sem width/height (risco de CLS)"
"https://mclair.com.br/blog/4-erros-comuns-ao-implementar-produtos-digitais/","https://mclair.com.br/blog-images/capa-padrao-og.png","Oportunidade de capacitação em TI: Lambda3 apresenta palestras no TDC Business","","","lazy","sem width/height (risco de CLS)"
"https://mclair.com.br/blog/4-erros-comuns-ao-implementar-produtos-digitais/","https://mclair.com.br/blog-images/capa-padrao-og.png","4 filmes e séries sobre tecnologia para maratonar nas férias","","","lazy","sem width/height (risco de CLS)"
"https://mclair.com.br/blog/4-erros-comuns-ao-implementar-produtos-digitais/","/logos/logo-negativo.png","Mclair","","32","","sem width/height (risco de CLS) | sem atributo loading"
"https://mclair.com.br/blog/4-filmes-e-series-sobre-tecnologia-para-maratonar-nas-ferias/","/logos/logo-color.png","Mclair","","","","sem width/height (risco de CLS) | sem atributo loading"
"https://mclair.com.br/blog/4-filmes-e-series-sobre-tecnologia-para-maratonar-nas-ferias/","/logos/logo-white-hd.png","Mclair","","","","sem width/height (risco de CLS) | sem atributo loading"
"https://mclair.com.br/blog/4-filmes-e-series-sobre-tecnologia-para-maratonar-nas-ferias/","/cases-img/claudia-elisa-1.webp","","","","eager","alt vazio (ok se decorativa) | sem width/height (risco de CLS)"
"https://mclair.com.br/blog/4-filmes-e-series-sobre-tecnologia-para-maratonar-nas-ferias/","/logos/logo-icone-M.png","Mclair","120","120","","sem atributo loading"
"https://mclair.com.br/blog/4-filmes-e-series-sobre-tecnologia-para-maratonar-nas-ferias/","https://mclair.com.br/blog-images/capa-padrao-og.png","","","","","alt vazio (ok se decorativa) | sem width/height (risco de CLS) | sem atributo loading"
"https://mclair.com.br/blog/4-filmes-e-series-sobre-tecnologia-para-maratonar-nas-ferias/","https://mclair.com.br/blog-images/capa-padrao-og.png","14/09 - Lambda3 completa 12 anos e lança podcast com olhar sobre negócios no contexto nacional","","","lazy","sem width/height (risco de CLS)"
"https://mclair.com.br/blog/4-filmes-e-series-sobre-tecnologia-para-maratonar-nas-ferias/","https://mclair.com.br/blog-images/capa-padrao-og.png","Oportunidade de capacitação em TI: Lambda3 apresenta palestras no TDC Business","","","lazy","sem width/height (risco de CLS)"
"https://mclair.com.br/blog/4-filmes-e-series-sobre-tecnologia-para-maratonar-nas-ferias/","https://mclair.com.br/blog-images/capa-padrao-og.png","4 erros comuns ao implementar produtos digitais","","","lazy","sem width/height (risco de CLS)"
"https://mclair.com.br/blog/4-filmes-e-series-sobre-tecnologia-para-maratonar-nas-ferias/","/logos/logo-negativo.png","Mclair","","32","","sem width/height (risco de CLS) | sem atributo loading"
"https://mclair.com.br/blog/4-formas-de-evitar-o-vazamento-de-dados/","/logos/logo-color.png","Mclair","","","","sem width/height (risco de CLS) | sem atributo loading"
"https://mclair.com.br/blog/4-formas-de-evitar-o-vazamento-de-dados/","/logos/logo-white-hd.png","Mclair","","","","sem width/height (risco de CLS) | sem atributo loading"
"https://mclair.com.br/blog/4-formas-de-evitar-o-vazamento-de-dados/","/cases-img/claudia-elisa-1.webp","","","","eager","alt vazio (ok se decorativa) | sem width/height (risco de CLS)"
"https://mclair.com.br/blog/4-formas-de-evitar-o-vazamento-de-dados/","/logos/logo-icone-M.png","Mclair","120","120","","sem atributo loading"
"https://mclair.com.br/blog/4-formas-de-evitar-o-vazamento-de-dados/","https://mclair.com.br/blog-images/capa-padrao-og.png","","","","","alt vazio (ok se decorativa) | sem width/height (risco de CLS) | sem atributo loading"
"https://mclair.com.br/blog/4-formas-de-evitar-o-vazamento-de-dados/","https://mclair.com.br/blog-images/capa-padrao-og.png","14/09 - Lambda3 completa 12 anos e lança podcast com olhar sobre negócios no contexto nacional","","","lazy","sem width/height (risco de CLS)"
"https://mclair.com.br/blog/4-formas-de-evitar-o-vazamento-de-dados/","https://mclair.com.br/blog-images/capa-padrao-og.png","Oportunidade de capacitação em TI: Lambda3 apresenta palestras no TDC Business","","","lazy","sem width/height (risco de CLS)"
"https://mclair.com.br/blog/4-formas-de-evitar-o-vazamento-de-dados/","https://mclair.com.br/blog-images/capa-padrao-og.png","4 erros comuns ao implementar produtos digitais","","","lazy","sem width/height (risco de CLS)"
"https://mclair.com.br/blog/4-formas-de-evitar-o-vazamento-de-dados/","/logos/logo-negativo.png","Mclair","","32","","sem width/height (risco de CLS) | sem atributo loading"
"https://mclair.com.br/blog/4/","/logos/logo-color.png","Mclair","","","","sem width/height (risco de CLS) | sem atributo loading"
"https://mclair.com.br/blog/4/","/logos/logo-white-hd.png","Mclair","","","","sem width/height (risco de CLS) | sem atributo loading"
"https://mclair.com.br/blog/4/","/cases-img/claudia-elisa-1.webp","","","","eager","alt vazio (ok se decorativa) | sem width/height (risco de CLS)"
"https://mclair.com.br/blog/4/","/logos/logo-icone-M.png","Mclair","120","120","","sem atributo loading"
"https://mclair.com.br/blog/4/","https://mclair.com.br/blog-images/capa-padrao-og.png","AGRO: Indústrias brasileiras de máquinas e equipamentos buscam expansão no mercado africano","","","lazy","sem width/height (risco de CLS)"
"https://mclair.com.br/blog/4/","https://mclair.com.br/blog-images/capa-padrao-og.png","Indústria de máquinas projeta USD 15 MI em negócios  internacionais durante Agrishow 2023","","","lazy","sem width/height (risco de CLS)"
"https://mclair.com.br/blog/4/","https://mclair.com.br/blog-images/capa-padrao-og.png","Leilão da Justiça Federal tem lacnha a partir de R$ 25 mil e imóveis com até 50% de desconto","","","lazy","sem width/height (risco de CLS)"
"https://mclair.com.br/blog/4/","https://mclair.com.br/blog-images/capa-padrao-og.png","Mineração: indústria de máquinas e equipamentos estima US$11,6 milhões em exportações","","","lazy","sem width/height (risco de CLS)"
"https://mclair.com.br/blog/4/","https://mclair.com.br/blog-images/capa-padrao-og.png","Racismo algorítmico: especialistas apontam caminhos para um futuro inclusivo","","","lazy","sem width/height (risco de CLS)"
"https://mclair.com.br/blog/4/","https://mclair.com.br/blog-images/capa-padrao-og.png","Referência mundial em tecnologia para o campo, Brasil apresenta máquinas e implementos agrícolas ao mercado colombiano","","","lazy","sem width/height (risco de CLS)"
"https://mclair.com.br/blog/4/","https://mclair.com.br/blog-images/capa-padrao-og.png","BBB: a guerra de ADMs e o sucesso nas redes sociais","","","lazy","sem width/height (risco de CLS)"
"https://mclair.com.br/blog/4/","https://mclair.com.br/blog-images/capa-padrao-og.png","Não caia na armadilha da massificação da Inteligência Artificial","","","lazy","sem width/height (risco de CLS)"
"https://mclair.com.br/blog/4/","https://mclair.com.br/blog-images/capa-padrao-og.png","Comunicação com propósito é a base para uma reputação de autoridade","","","lazy","sem width/height (risco de CLS)"
"https://mclair.com.br/blog/4/","https://mclair.com.br/blog-images/capa-padrao-og.png","RH e o futuro do trabalho: quais as tendências para os próximos 10 anos?","","","lazy","sem width/height (risco de CLS)"
"https://mclair.com.br/blog/4/","https://mclair.com.br/blog-images/capa-padrao-og.png","O","","","lazy","sem width/height (risco de CLS)"
"https://mclair.com.br/blog/4/","https://mclair.com.br/blog-images/capa-padrao-og.png","Quem está por trás da automação?","","","lazy","sem width/height (risco de CLS)"
"https://mclair.com.br/blog/4/","https://mclair.com.br/blog-images/capa-padrao-og.png","As 5 vantagens em ter um Conselho diverso","","","lazy","sem width/height (risco de CLS)"
"https://mclair.com.br/blog/4/","https://mclair.com.br/blog-images/capa-padrao-og.png","Como evitar o transtorno com roubo de smartphones e dados","","","lazy","sem width/height (risco de CLS)"
"https://mclair.com.br/blog/4/","https://mclair.com.br/blog-images/capa-padrao-og.png","Empresas brasileiras marcam presença na ColombiaPlast 2022","","","lazy","sem width/height (risco de CLS)"
"https://mclair.com.br/blog/4/","https://mclair.com.br/blog-images/capa-padrao-og.png","O papel de entidades públicas para as Cidades Inteligentes","","","lazy","sem width/height (risco de CLS)"
"https://mclair.com.br/blog/4/","https://mclair.com.br/blog-images/capa-padrao-og.png","Dia do Programador: 4 curiosidades sobre a profissão do futuro","","","lazy","sem width/height (risco de CLS)"
"https://mclair.com.br/blog/4/","https://mclair.com.br/blog-images/capa-padrao-og.png","Expo Prado 2022 recebe empresas brasileiras do setor agrícola","","","lazy","sem width/height (risco de CLS)"
"https://mclair.com.br/blog/4/","https://mclair.com.br/blog-images/capa-padrao-og.png","AGRO: Indústrias brasileiras de máquinas e equipamentos buscam expansão no mercado africano","","","eager","sem width/height (risco de CLS)"
"https://mclair.com.br/blog/4/","https://mclair.com.br/blog-images/capa-padrao-og.png","Indústria de máquinas projeta USD 15 MI em negócios  internacionais durante Agrishow 2023","","","lazy","sem width/height (risco de CLS)"
"https://mclair.com.br/blog/4/","https://mclair.com.br/blog-images/capa-padrao-og.png","Leilão da Justiça Federal tem lacnha a partir de R$ 25 mil e imóveis com até 50% de desconto","","","lazy","sem width/height (risco de CLS)"
"https://mclair.com.br/blog/4/","https://mclair.com.br/blog-images/capa-padrao-og.png","Mineração: indústria de máquinas e equipamentos estima US$11,6 milhões em exportações","","","lazy","sem width/height (risco de CLS)"
"https://mclair.com.br/blog/4/","https://mclair.com.br/blog-images/capa-padrao-og.png","Racismo algorítmico: especialistas apontam caminhos para um futuro inclusivo","","","lazy","sem width/height (risco de CLS)"
"https://mclair.com.br/blog/4/","https://mclair.com.br/blog-images/capa-padrao-og.png","Referência mundial em tecnologia para o campo, Brasil apresenta máquinas e implementos agrícolas ao mercado colombiano","","","lazy","sem width/height (risco de CLS)"
"https://mclair.com.br/blog/4/","https://mclair.com.br/blog-images/capa-padrao-og.png","BBB: a guerra de ADMs e o sucesso nas redes sociais","","","lazy","sem width/height (risco de CLS)"
"https://mclair.com.br/blog/4/","https://mclair.com.br/blog-images/capa-padrao-og.png","Não caia na armadilha da massificação da Inteligência Artificial","","","lazy","sem width/height (risco de CLS)"
"https://mclair.com.br/blog/4/","https://mclair.com.br/blog-images/capa-padrao-og.png","Comunicação com propósito é a base para uma reputação de autoridade","","","lazy","sem width/height (risco de CLS)"
"https://mclair.com.br/blog/4/","https://mclair.com.br/blog-images/capa-padrao-og.png","RH e o futuro do trabalho: quais as tendências para os próximos 10 anos?","","","lazy","sem width/height (risco de CLS)"
"https://mclair.com.br/blog/4/","https://mclair.com.br/blog-images/capa-padrao-og.png","O","","","lazy","sem width/height (risco de CLS)"
"https://mclair.com.br/blog/4/","https://mclair.com.br/blog-images/capa-padrao-og.png","Quem está por trás da automação?","","","lazy","sem width/height (risco de CLS)"
"https://mclair.com.br/blog/4/","https://mclair.com.br/blog-images/capa-padrao-og.png","As 5 vantagens em ter um Conselho diverso","","","lazy","sem width/height (risco de CLS)"
"https://mclair.com.br/blog/4/","https://mclair.com.br/blog-images/capa-padrao-og.png","Como evitar o transtorno com roubo de smartphones e dados","","","lazy","sem width/height (risco de CLS)"
"https://mclair.com.br/blog/4/","https://mclair.com.br/blog-images/capa-padrao-og.png","Empresas brasileiras marcam presença na ColombiaPlast 2022","","","lazy","sem width/height (risco de CLS)"
"https://mclair.com.br/blog/4/","https://mclair.com.br/blog-images/capa-padrao-og.png","O papel de entidades públicas para as Cidades Inteligentes","","","lazy","sem width/height (risco de CLS)"
"https://mclair.com.br/blog/4/","https://mclair.com.br/blog-images/capa-padrao-og.png","Dia do Programador: 4 curiosidades sobre a profissão do futuro","","","lazy","sem width/height (risco de CLS)"
"https://mclair.com.br/blog/4/","https://mclair.com.br/blog-images/capa-padrao-og.png","Expo Prado 2022 recebe empresas brasileiras do setor agrícola","","","lazy","sem width/height (risco de CLS)"
"https://mclair.com.br/blog/4/","/logos/logo-negativo.png","Mclair","","32","","sem width/height (risco de CLS) | sem atributo loading"
"https://mclair.com.br/blog/5-areas-do-varejo-que-podem-se-beneficiar-da-automacao/","/logos/logo-color.png","Mclair","","","","sem width/height (risco de CLS) | sem atributo loading"
"https://mclair.com.br/blog/5-areas-do-varejo-que-podem-se-beneficiar-da-automacao/","/logos/logo-white-hd.png","Mclair","","","","sem width/height (risco de CLS) | sem atributo loading"
"https://mclair.com.br/blog/5-areas-do-varejo-que-podem-se-beneficiar-da-automacao/","/cases-img/claudia-elisa-1.webp","","","","eager","alt vazio (ok se decorativa) | sem width/height (risco de CLS)"
"https://mclair.com.br/blog/5-areas-do-varejo-que-podem-se-beneficiar-da-automacao/","/logos/logo-icone-M.png","Mclair","120","120","","sem atributo loading"
"https://mclair.com.br/blog/5-areas-do-varejo-que-podem-se-beneficiar-da-automacao/","https://mclair.com.br/blog-images/capa-padrao-og.png","","","","","alt vazio (ok se decorativa) | sem width/height (risco de CLS) | sem atributo loading"
"https://mclair.com.br/blog/5-areas-do-varejo-que-podem-se-beneficiar-da-automacao/","https://mclair.com.br/blog-images/capa-padrao-og.png","7 razões para implementar a automação de processos na sua empresa","","","lazy","sem width/height (risco de CLS)"
"https://mclair.com.br/blog/5-areas-do-varejo-que-podem-se-beneficiar-da-automacao/","https://mclair.com.br/blog-images/capa-padrao-og.png","Home office e transformação digital impulsionam retomada de investimentos","","","lazy","sem width/height (risco de CLS)"
"https://mclair.com.br/blog/5-areas-do-varejo-que-podem-se-beneficiar-da-automacao/","https://mclair.com.br/blog-images/capa-padrao-og.png","Como a tecnologia ajuda aumentar a confiança do cliente","","","lazy","sem width/height (risco de CLS)"
"https://mclair.com.br/blog/5-areas-do-varejo-que-podem-se-beneficiar-da-automacao/","/logos/logo-negativo.png","Mclair","","32","","sem width/height (risco de CLS) | sem atributo loading"
"https://mclair.com.br/blog/5-desafios-para-area-de-dados-e-ia/","/logos/logo-color.png","Mclair","","","","sem width/height (risco de CLS) | sem atributo loading"
"https://mclair.com.br/blog/5-desafios-para-area-de-dados-e-ia/","/logos/logo-white-hd.png","Mclair","","","","sem width/height (risco de CLS) | sem atributo loading"
"https://mclair.com.br/blog/5-desafios-para-area-de-dados-e-ia/","/cases-img/claudia-elisa-1.webp","","","","eager","alt vazio (ok se decorativa) | sem width/height (risco de CLS)"
"https://mclair.com.br/blog/5-desafios-para-area-de-dados-e-ia/","/logos/logo-icone-M.png","Mclair","120","120","","sem atributo loading"
"https://mclair.com.br/blog/5-desafios-para-area-de-dados-e-ia/","https://mclair.com.br/blog-images/capa-padrao-og.png","","","","","alt vazio (ok se decorativa) | sem width/height (risco de CLS) | sem atributo loading"
"https://mclair.com.br/blog/5-desafios-para-area-de-dados-e-ia/","https://mclair.com.br/blog-images/capa-padrao-og.png","14/09 - Lambda3 completa 12 anos e lança podcast com olhar sobre negócios no contexto nacional","","","lazy","sem width/height (risco de CLS)"
"https://mclair.com.br/blog/5-desafios-para-area-de-dados-e-ia/","https://mclair.com.br/blog-images/capa-padrao-og.png","Oportunidade de capacitação em TI: Lambda3 apresenta palestras no TDC Business","","","lazy","sem width/height (risco de CLS)"
"https://mclair.com.br/blog/5-desafios-para-area-de-dados-e-ia/","https://mclair.com.br/blog-images/capa-padrao-og.png","4 erros comuns ao implementar produtos digitais","","","lazy","sem width/height (risco de CLS)"
"https://mclair.com.br/blog/5-desafios-para-area-de-dados-e-ia/","/logos/logo-negativo.png","Mclair","","32","","sem width/height (risco de CLS) | sem atributo loading"
"https://mclair.com.br/blog/5-dicas-para-criar-um-conselho-para-sua-startup/","/logos/logo-color.png","Mclair","","","","sem width/height (risco de CLS) | sem atributo loading"
"https://mclair.com.br/blog/5-dicas-para-criar-um-conselho-para-sua-startup/","/logos/logo-white-hd.png","Mclair","","","","sem width/height (risco de CLS) | sem atributo loading"
"https://mclair.com.br/blog/5-dicas-para-criar-um-conselho-para-sua-startup/","/cases-img/claudia-elisa-1.webp","","","","eager","alt vazio (ok se decorativa) | sem width/height (risco de CLS)"
"https://mclair.com.br/blog/5-dicas-para-criar-um-conselho-para-sua-startup/","/logos/logo-icone-M.png","Mclair","120","120","","sem atributo loading"
"https://mclair.com.br/blog/5-dicas-para-criar-um-conselho-para-sua-startup/","https://mclair.com.br/blog-images/capa-padrao-og.png","","","","","alt vazio (ok se decorativa) | sem width/height (risco de CLS) | sem atributo loading"
"https://mclair.com.br/blog/5-dicas-para-criar-um-conselho-para-sua-startup/","https://mclair.com.br/blog-images/capa-padrao-og.png","Os desafios e mitos sobre a transição energética","","","lazy","sem width/height (risco de CLS)"
"https://mclair.com.br/blog/5-dicas-para-criar-um-conselho-para-sua-startup/","https://mclair.com.br/blog-images/capa-padrao-og.png","RH e o futuro do trabalho: quais as tendências para os próximos 10 anos?","","","lazy","sem width/height (risco de CLS)"
"https://mclair.com.br/blog/5-dicas-para-criar-um-conselho-para-sua-startup/","https://mclair.com.br/blog-images/capa-padrao-og.png","O","","","lazy","sem width/height (risco de CLS)"
"https://mclair.com.br/blog/5-dicas-para-criar-um-conselho-para-sua-startup/","/logos/logo-negativo.png","Mclair","","32","","sem width/height (risco de CLS) | sem atributo loading"
"https://mclair.com.br/blog/5-filmes-e-series-para-inspirar-os-amantes-da-comunicacao/","/logos/logo-color.png","Mclair","","","","sem width/height (risco de CLS) | sem atributo loading"
"https://mclair.com.br/blog/5-filmes-e-series-para-inspirar-os-amantes-da-comunicacao/","/logos/logo-white-hd.png","Mclair","","","","sem width/height (risco de CLS) | sem atributo loading"
"https://mclair.com.br/blog/5-filmes-e-series-para-inspirar-os-amantes-da-comunicacao/","/cases-img/claudia-elisa-1.webp","","","","eager","alt vazio (ok se decorativa) | sem width/height (risco de CLS)"
"https://mclair.com.br/blog/5-filmes-e-series-para-inspirar-os-amantes-da-comunicacao/","/logos/logo-icone-M.png","Mclair","120","120","","sem atributo loading"
"https://mclair.com.br/blog/5-filmes-e-series-para-inspirar-os-amantes-da-comunicacao/","https://mclair.com.br/blog-images/capa-padrao-og.png","","","","","alt vazio (ok se decorativa) | sem width/height (risco de CLS) | sem atributo loading"
"https://mclair.com.br/blog/5-filmes-e-series-para-inspirar-os-amantes-da-comunicacao/","https://mclair.com.br/blog-images/capa-padrao-og.png","Lambda3 abre 28 vagas para desenvolvedores","","","lazy","sem width/height (risco de CLS)"
"https://mclair.com.br/blog/5-filmes-e-series-para-inspirar-os-amantes-da-comunicacao/","https://mclair.com.br/blog-images/capa-padrao-og.png","O lado B da produtividade em trabalho remoto","","","lazy","sem width/height (risco de CLS)"
"https://mclair.com.br/blog/5-filmes-e-series-para-inspirar-os-amantes-da-comunicacao/","https://mclair.com.br/blog-images/capa-padrao-og.png","AQUARANTENADOS lança single ""Tudo vai dar certo""","","","lazy","sem width/height (risco de CLS)"
"https://mclair.com.br/blog/5-filmes-e-series-para-inspirar-os-amantes-da-comunicacao/","/logos/logo-negativo.png","Mclair","","32","","sem width/height (risco de CLS) | sem atributo loading"
"https://mclair.com.br/blog/5-passos-para-ter-sucesso-na-venda-de-uma-pme/","/logos/logo-color.png","Mclair","","","","sem width/height (risco de CLS) | sem atributo loading"
"https://mclair.com.br/blog/5-passos-para-ter-sucesso-na-venda-de-uma-pme/","/logos/logo-white-hd.png","Mclair","","","","sem width/height (risco de CLS) | sem atributo loading"
"https://mclair.com.br/blog/5-passos-para-ter-sucesso-na-venda-de-uma-pme/","/cases-img/claudia-elisa-1.webp","","","","eager","alt vazio (ok se decorativa) | sem width/height (risco de CLS)"
"https://mclair.com.br/blog/5-passos-para-ter-sucesso-na-venda-de-uma-pme/","/logos/logo-icone-M.png","Mclair","120","120","","sem atributo loading"
"https://mclair.com.br/blog/5-passos-para-ter-sucesso-na-venda-de-uma-pme/","https://mclair.com.br/blog-images/capa-padrao-og.png","","","","","alt vazio (ok se decorativa) | sem width/height (risco de CLS) | sem atributo loading"
"https://mclair.com.br/blog/5-passos-para-ter-sucesso-na-venda-de-uma-pme/","https://mclair.com.br/blog-images/capa-padrao-og.png","Cannabis: Valuation de qualidade e transparência são diferenciais para atrair investidores","","","lazy","sem width/height (risco de CLS)"
"https://mclair.com.br/blog/5-passos-para-ter-sucesso-na-venda-de-uma-pme/","https://mclair.com.br/blog-images/capa-padrao-og.png","Valuation: Quanto vale um canal no Youtube?","","","lazy","sem width/height (risco de CLS)"
"https://mclair.com.br/blog/5-passos-para-ter-sucesso-na-venda-de-uma-pme/","https://mclair.com.br/blog-images/capa-padrao-og.png","6 dicas para PMEs e startups atraírem investimento","","","lazy","sem width/height (risco de CLS)"
"https://mclair.com.br/blog/5-passos-para-ter-sucesso-na-venda-de-uma-pme/","/logos/logo-negativo.png","Mclair","","32","","sem width/height (risco de CLS) | sem atributo loading"
"https://mclair.com.br/blog/5-passos-para-tornar-as-praticas-de-esg-uma-realidade-em-sua-empresa/","/logos/logo-color.png","Mclair","","","","sem width/height (risco de CLS) | sem atributo loading"
"https://mclair.com.br/blog/5-passos-para-tornar-as-praticas-de-esg-uma-realidade-em-sua-empresa/","/logos/logo-white-hd.png","Mclair","","","","sem width/height (risco de CLS) | sem atributo loading"
"https://mclair.com.br/blog/5-passos-para-tornar-as-praticas-de-esg-uma-realidade-em-sua-empresa/","/cases-img/claudia-elisa-1.webp","","","","eager","alt vazio (ok se decorativa) | sem width/height (risco de CLS)"
"https://mclair.com.br/blog/5-passos-para-tornar-as-praticas-de-esg-uma-realidade-em-sua-empresa/","/logos/logo-icone-M.png","Mclair","120","120","","sem atributo loading"
"https://mclair.com.br/blog/5-passos-para-tornar-as-praticas-de-esg-uma-realidade-em-sua-empresa/","https://mclair.com.br/blog-images/capa-padrao-og.png","","","","","alt vazio (ok se decorativa) | sem width/height (risco de CLS) | sem atributo loading"
"https://mclair.com.br/blog/5-passos-para-tornar-as-praticas-de-esg-uma-realidade-em-sua-empresa/","https://mclair.com.br/blog-images/capa-padrao-og.png","Os desafios e mitos sobre a transição energética","","","lazy","sem width/height (risco de CLS)"
"https://mclair.com.br/blog/5-passos-para-tornar-as-praticas-de-esg-uma-realidade-em-sua-empresa/","https://mclair.com.br/blog-images/capa-padrao-og.png","RH e o futuro do trabalho: quais as tendências para os próximos 10 anos?","","","lazy","sem width/height (risco de CLS)"
"https://mclair.com.br/blog/5-passos-para-tornar-as-praticas-de-esg-uma-realidade-em-sua-empresa/","https://mclair.com.br/blog-images/capa-padrao-og.png","O","","","lazy","sem width/height (risco de CLS)"
"https://mclair.com.br/blog/5-passos-para-tornar-as-praticas-de-esg-uma-realidade-em-sua-empresa/","/logos/logo-negativo.png","Mclair","","32","","sem width/height (risco de CLS) | sem atributo loading"
"https://mclair.com.br/blog/5-perguntas-cruciais-antes-de-formar-um-conselho-administrativo-ou-con/","/logos/logo-color.png","Mclair","","","","sem width/height (risco de CLS) | sem atributo loading"
"https://mclair.com.br/blog/5-perguntas-cruciais-antes-de-formar-um-conselho-administrativo-ou-con/","/logos/logo-white-hd.png","Mclair","","","","sem width/height (risco de CLS) | sem atributo loading"
"https://mclair.com.br/blog/5-perguntas-cruciais-antes-de-formar-um-conselho-administrativo-ou-con/","/cases-img/claudia-elisa-1.webp","","","","eager","alt vazio (ok se decorativa) | sem width/height (risco de CLS)"
"https://mclair.com.br/blog/5-perguntas-cruciais-antes-de-formar-um-conselho-administrativo-ou-con/","/logos/logo-icone-M.png","Mclair","120","120","","sem atributo loading"
"https://mclair.com.br/blog/5-perguntas-cruciais-antes-de-formar-um-conselho-administrativo-ou-con/","https://mclair.com.br/blog-images/capa-padrao-og.png","","","","","alt vazio (ok se decorativa) | sem width/height (risco de CLS) | sem atributo loading"
"https://mclair.com.br/blog/5-perguntas-cruciais-antes-de-formar-um-conselho-administrativo-ou-con/","https://mclair.com.br/blog-images/capa-padrao-og.png","Os desafios e mitos sobre a transição energética","","","lazy","sem width/height (risco de CLS)"
"https://mclair.com.br/blog/5-perguntas-cruciais-antes-de-formar-um-conselho-administrativo-ou-con/","https://mclair.com.br/blog-images/capa-padrao-og.png","RH e o futuro do trabalho: quais as tendências para os próximos 10 anos?","","","lazy","sem width/height (risco de CLS)"
"https://mclair.com.br/blog/5-perguntas-cruciais-antes-de-formar-um-conselho-administrativo-ou-con/","https://mclair.com.br/blog-images/capa-padrao-og.png","O","","","lazy","sem width/height (risco de CLS)"
"https://mclair.com.br/blog/5-perguntas-cruciais-antes-de-formar-um-conselho-administrativo-ou-con/","/logos/logo-negativo.png","Mclair","","32","","sem width/height (risco de CLS) | sem atributo loading"
"https://mclair.com.br/blog/5-recomendacoes-praticas-para-facilitar-o-trabalho-remoto-de-times-de-/","/logos/logo-color.png","Mclair","","","","sem width/height (risco de CLS) | sem atributo loading"
"https://mclair.com.br/blog/5-recomendacoes-praticas-para-facilitar-o-trabalho-remoto-de-times-de-/","/logos/logo-white-hd.png","Mclair","","","","sem width/height (risco de CLS) | sem atributo loading"
"https://mclair.com.br/blog/5-recomendacoes-praticas-para-facilitar-o-trabalho-remoto-de-times-de-/","/cases-img/claudia-elisa-1.webp","","","","eager","alt vazio (ok se decorativa) | sem width/height (risco de CLS)"
"https://mclair.com.br/blog/5-recomendacoes-praticas-para-facilitar-o-trabalho-remoto-de-times-de-/","/logos/logo-icone-M.png","Mclair","120","120","","sem atributo loading"
"https://mclair.com.br/blog/5-recomendacoes-praticas-para-facilitar-o-trabalho-remoto-de-times-de-/","https://mclair.com.br/blog-images/capa-padrao-og.png","","","","","alt vazio (ok se decorativa) | sem width/height (risco de CLS) | sem atributo loading"
"https://mclair.com.br/blog/5-recomendacoes-praticas-para-facilitar-o-trabalho-remoto-de-times-de-/","https://mclair.com.br/blog-images/capa-padrao-og.png","A arte de transformar metas em realidade","","","lazy","sem width/height (risco de CLS)"
"https://mclair.com.br/blog/5-recomendacoes-praticas-para-facilitar-o-trabalho-remoto-de-times-de-/","https://mclair.com.br/blog-images/capa-padrao-og.png","Lambda3 abre 28 vagas para desenvolvedores","","","lazy","sem width/height (risco de CLS)"
"https://mclair.com.br/blog/5-recomendacoes-praticas-para-facilitar-o-trabalho-remoto-de-times-de-/","https://mclair.com.br/blog-images/capa-padrao-og.png","O lado B da produtividade em trabalho remoto","","","lazy","sem width/height (risco de CLS)"
"https://mclair.com.br/blog/5-recomendacoes-praticas-para-facilitar-o-trabalho-remoto-de-times-de-/","/logos/logo-negativo.png","Mclair","","32","","sem width/height (risco de CLS) | sem atributo loading"
"https://mclair.com.br/blog/5-series-e-filmes-impactantes-sobre-esg-para-maratonar-no-feriado/","/logos/logo-color.png","Mclair","","","","sem width/height (risco de CLS) | sem atributo loading"
"https://mclair.com.br/blog/5-series-e-filmes-impactantes-sobre-esg-para-maratonar-no-feriado/","/logos/logo-white-hd.png","Mclair","","","","sem width/height (risco de CLS) | sem atributo loading"
"https://mclair.com.br/blog/5-series-e-filmes-impactantes-sobre-esg-para-maratonar-no-feriado/","/cases-img/claudia-elisa-1.webp","","","","eager","alt vazio (ok se decorativa) | sem width/height (risco de CLS)"
"https://mclair.com.br/blog/5-series-e-filmes-impactantes-sobre-esg-para-maratonar-no-feriado/","/logos/logo-icone-M.png","Mclair","120","120","","sem atributo loading"
"https://mclair.com.br/blog/5-series-e-filmes-impactantes-sobre-esg-para-maratonar-no-feriado/","https://mclair.com.br/blog-images/capa-padrao-og.png","","","","","alt vazio (ok se decorativa) | sem width/height (risco de CLS) | sem atributo loading"
"https://mclair.com.br/blog/5-series-e-filmes-impactantes-sobre-esg-para-maratonar-no-feriado/","https://mclair.com.br/blog-images/capa-padrao-og.png","Os desafios e mitos sobre a transição energética","","","lazy","sem width/height (risco de CLS)"
"https://mclair.com.br/blog/5-series-e-filmes-impactantes-sobre-esg-para-maratonar-no-feriado/","https://mclair.com.br/blog-images/capa-padrao-og.png","RH e o futuro do trabalho: quais as tendências para os próximos 10 anos?","","","lazy","sem width/height (risco de CLS)"
"https://mclair.com.br/blog/5-series-e-filmes-impactantes-sobre-esg-para-maratonar-no-feriado/","https://mclair.com.br/blog-images/capa-padrao-og.png","O","","","lazy","sem width/height (risco de CLS)"
"https://mclair.com.br/blog/5-series-e-filmes-impactantes-sobre-esg-para-maratonar-no-feriado/","/logos/logo-negativo.png","Mclair","","32","","sem width/height (risco de CLS) | sem atributo loading"
"https://mclair.com.br/blog/5-tecnologias-que-se-consolidaram-na-pandemia/","/logos/logo-color.png","Mclair","","","","sem width/height (risco de CLS) | sem atributo loading"
"https://mclair.com.br/blog/5-tecnologias-que-se-consolidaram-na-pandemia/","/logos/logo-white-hd.png","Mclair","","","","sem width/height (risco de CLS) | sem atributo loading"
"https://mclair.com.br/blog/5-tecnologias-que-se-consolidaram-na-pandemia/","/cases-img/claudia-elisa-1.webp","","","","eager","alt vazio (ok se decorativa) | sem width/height (risco de CLS)"
"https://mclair.com.br/blog/5-tecnologias-que-se-consolidaram-na-pandemia/","/logos/logo-icone-M.png","Mclair","120","120","","sem atributo loading"
"https://mclair.com.br/blog/5-tecnologias-que-se-consolidaram-na-pandemia/","https://mclair.com.br/blog-images/capa-padrao-og.png","","","","","alt vazio (ok se decorativa) | sem width/height (risco de CLS) | sem atributo loading"
"https://mclair.com.br/blog/5-tecnologias-que-se-consolidaram-na-pandemia/","https://mclair.com.br/blog-images/capa-padrao-og.png","7 razões para implementar a automação de processos na sua empresa","","","lazy","sem width/height (risco de CLS)"
"https://mclair.com.br/blog/5-tecnologias-que-se-consolidaram-na-pandemia/","https://mclair.com.br/blog-images/capa-padrao-og.png","Home office e transformação digital impulsionam retomada de investimentos","","","lazy","sem width/height (risco de CLS)"
"https://mclair.com.br/blog/5-tecnologias-que-se-consolidaram-na-pandemia/","https://mclair.com.br/blog-images/capa-padrao-og.png","Como a tecnologia ajuda aumentar a confiança do cliente","","","lazy","sem width/height (risco de CLS)"
"https://mclair.com.br/blog/5-tecnologias-que-se-consolidaram-na-pandemia/","/logos/logo-negativo.png","Mclair","","32","","sem width/height (risco de CLS) | sem atributo loading"
"https://mclair.com.br/blog/5/","/logos/logo-color.png","Mclair","","","","sem width/height (risco de CLS) | sem atributo loading"
"https://mclair.com.br/blog/5/","/logos/logo-white-hd.png","Mclair","","","","sem width/height (risco de CLS) | sem atributo loading"
"https://mclair.com.br/blog/5/","/cases-img/claudia-elisa-1.webp","","","","eager","alt vazio (ok se decorativa) | sem width/height (risco de CLS)"
"https://mclair.com.br/blog/5/","/logos/logo-icone-M.png","Mclair","120","120","","sem atributo loading"
"https://mclair.com.br/blog/5/","https://mclair.com.br/blog-images/capa-padrao-og.png","Insatisfeita, Geração Z não quer trabalhar mais do mesmo jeito","","","lazy","sem width/height (risco de CLS)"
"https://mclair.com.br/blog/5/","https://mclair.com.br/blog-images/capa-padrao-og.png","5 séries e filmes impactantes sobre ESG para maratonar no feriado","","","lazy","sem width/height (risco de CLS)"
"https://mclair.com.br/blog/5/","https://mclair.com.br/blog-images/capa-padrao-og.png","A importância dos 3 C""s para a implementação do ESG nas organizações","","","lazy","sem width/height (risco de CLS)"
"https://mclair.com.br/blog/5/","https://mclair.com.br/blog-images/capa-padrao-og.png","14/09 - Lambda3 completa 12 anos e lança podcast com olhar sobre negócios no contexto nacional","","","lazy","sem width/height (risco de CLS)"
"https://mclair.com.br/blog/5/","https://mclair.com.br/blog-images/capa-padrao-og.png","Brasil atinge marco positivo em negócios durante Feira Internacional de Bogotá (FIB)","","","lazy","sem width/height (risco de CLS)"
"https://mclair.com.br/blog/5/","https://mclair.com.br/blog-images/capa-padrao-og.png","""Copa do Mundo"" supera buscas sobre ""eleições"" e ""Black Friday"" no Google e desafia mídias","","","lazy","sem width/height (risco de CLS)"
"https://mclair.com.br/blog/5/","https://mclair.com.br/blog-images/capa-padrao-og.png","Do estágio à liderança: empresa cria novos caminhos para o crescimento de profissionais","","","lazy","sem width/height (risco de CLS)"
"https://mclair.com.br/blog/5/","https://mclair.com.br/blog-images/capa-padrao-og.png","Europa busca soluções brasileiras para o desenvolvimento das indústrias  de embalagens","","","lazy","sem width/height (risco de CLS)"
"https://mclair.com.br/blog/5/","https://mclair.com.br/blog-images/capa-padrao-og.png","Há futuro para o mercado de tecnologia sem cultura organizacional diversa?","","","lazy","sem width/height (risco de CLS)"
"https://mclair.com.br/blog/5/","https://mclair.com.br/blog-images/capa-padrao-og.png","Oportunidade de capacitação em TI: Lambda3 apresenta palestras no TDC Business","","","lazy","sem width/height (risco de CLS)"
"https://mclair.com.br/blog/5/","https://mclair.com.br/blog-images/capa-padrao-og.png","Lensa: quanto vale a imagem do usuário?","","","lazy","sem width/height (risco de CLS)"
"https://mclair.com.br/blog/5/","https://mclair.com.br/blog-images/capa-padrao-og.png","Brasil gera US$4,5 milhões durante a EIMA 2022","","","lazy","sem width/height (risco de CLS)"
"https://mclair.com.br/blog/5/","https://mclair.com.br/blog-images/capa-padrao-og.png","4 erros comuns ao implementar produtos digitais","","","lazy","sem width/height (risco de CLS)"
"https://mclair.com.br/blog/5/","https://mclair.com.br/blog-images/capa-padrao-og.png","Sustentabilidade lidera agenda corporativa em 2023","","","lazy","sem width/height (risco de CLS)"
"https://mclair.com.br/blog/5/","https://mclair.com.br/blog-images/capa-padrao-og.png","ChatGPT: conheça a IA que tem assombrado os programadores","","","lazy","sem width/height (risco de CLS)"
"https://mclair.com.br/blog/5/","https://mclair.com.br/blog-images/capa-padrao-og.png","5 dicas para criar um conselho para sua startup","","","lazy","sem width/height (risco de CLS)"
"https://mclair.com.br/blog/5/","https://mclair.com.br/blog-images/capa-padrao-og.png","Por que as gerações Y e Z se relacionam melhor com o ESG?","","","lazy","sem width/height (risco de CLS)"
"https://mclair.com.br/blog/5/","https://mclair.com.br/blog-images/capa-padrao-og.png","4 filmes e séries sobre tecnologia para maratonar nas férias","","","lazy","sem width/height (risco de CLS)"
"https://mclair.com.br/blog/5/","https://mclair.com.br/blog-images/capa-padrao-og.png","Insatisfeita, Geração Z não quer trabalhar mais do mesmo jeito","","","eager","sem width/height (risco de CLS)"
"https://mclair.com.br/blog/5/","https://mclair.com.br/blog-images/capa-padrao-og.png","5 séries e filmes impactantes sobre ESG para maratonar no feriado","","","lazy","sem width/height (risco de CLS)"
"https://mclair.com.br/blog/5/","https://mclair.com.br/blog-images/capa-padrao-og.png","A importância dos 3 C""s para a implementação do ESG nas organizações","","","lazy","sem width/height (risco de CLS)"
"https://mclair.com.br/blog/5/","https://mclair.com.br/blog-images/capa-padrao-og.png","14/09 - Lambda3 completa 12 anos e lança podcast com olhar sobre negócios no contexto nacional","","","lazy","sem width/height (risco de CLS)"
"https://mclair.com.br/blog/5/","https://mclair.com.br/blog-images/capa-padrao-og.png","Brasil atinge marco positivo em negócios durante Feira Internacional de Bogotá (FIB)","","","lazy","sem width/height (risco de CLS)"
"https://mclair.com.br/blog/5/","https://mclair.com.br/blog-images/capa-padrao-og.png","""Copa do Mundo"" supera buscas sobre ""eleições"" e ""Black Friday"" no Google e desafia mídias","","","lazy","sem width/height (risco de CLS)"
"https://mclair.com.br/blog/5/","https://mclair.com.br/blog-images/capa-padrao-og.png","Do estágio à liderança: empresa cria novos caminhos para o crescimento de profissionais","","","lazy","sem width/height (risco de CLS)"
"https://mclair.com.br/blog/5/","https://mclair.com.br/blog-images/capa-padrao-og.png","Europa busca soluções brasileiras para o desenvolvimento das indústrias  de embalagens","","","lazy","sem width/height (risco de CLS)"
"https://mclair.com.br/blog/5/","https://mclair.com.br/blog-images/capa-padrao-og.png","Há futuro para o mercado de tecnologia sem cultura organizacional diversa?","","","lazy","sem width/height (risco de CLS)"
"https://mclair.com.br/blog/5/","https://mclair.com.br/blog-images/capa-padrao-og.png","Oportunidade de capacitação em TI: Lambda3 apresenta palestras no TDC Business","","","lazy","sem width/height (risco de CLS)"
"https://mclair.com.br/blog/5/","https://mclair.com.br/blog-images/capa-padrao-og.png","Lensa: quanto vale a imagem do usuário?","","","lazy","sem width/height (risco de CLS)"
"https://mclair.com.br/blog/5/","https://mclair.com.br/blog-images/capa-padrao-og.png","Brasil gera US$4,5 milhões durante a EIMA 2022","","","lazy","sem width/height (risco de CLS)"
"https://mclair.com.br/blog/5/","https://mclair.com.br/blog-images/capa-padrao-og.png","4 erros comuns ao implementar produtos digitais","","","lazy","sem width/height (risco de CLS)"
"https://mclair.com.br/blog/5/","https://mclair.com.br/blog-images/capa-padrao-og.png","Sustentabilidade lidera agenda corporativa em 2023","","","lazy","sem width/height (risco de CLS)"
"https://mclair.com.br/blog/5/","https://mclair.com.br/blog-images/capa-padrao-og.png","ChatGPT: conheça a IA que tem assombrado os programadores","","","lazy","sem width/height (risco de CLS)"
"https://mclair.com.br/blog/5/","https://mclair.com.br/blog-images/capa-padrao-og.png","5 dicas para criar um conselho para sua startup","","","lazy","sem width/height (risco de CLS)"
"https://mclair.com.br/blog/5/","https://mclair.com.br/blog-images/capa-padrao-og.png","Por que as gerações Y e Z se relacionam melhor com o ESG?","","","lazy","sem width/height (risco de CLS)"
"https://mclair.com.br/blog/5/","https://mclair.com.br/blog-images/capa-padrao-og.png","4 filmes e séries sobre tecnologia para maratonar nas férias","","","lazy","sem width/height (risco de CLS)"
"https://mclair.com.br/blog/5/","/logos/logo-negativo.png","Mclair","","32","","sem width/height (risco de CLS) | sem atributo loading"
"https://mclair.com.br/blog/6-atitudes-essenciais-para-os-profissionais-ageis/","/logos/logo-color.png","Mclair","","","","sem width/height (risco de CLS) | sem atributo loading"
"https://mclair.com.br/blog/6-atitudes-essenciais-para-os-profissionais-ageis/","/logos/logo-white-hd.png","Mclair","","","","sem width/height (risco de CLS) | sem atributo loading"
"https://mclair.com.br/blog/6-atitudes-essenciais-para-os-profissionais-ageis/","/cases-img/claudia-elisa-1.webp","","","","eager","alt vazio (ok se decorativa) | sem width/height (risco de CLS)"
"https://mclair.com.br/blog/6-atitudes-essenciais-para-os-profissionais-ageis/","/logos/logo-icone-M.png","Mclair","120","120","","sem atributo loading"
"https://mclair.com.br/blog/6-atitudes-essenciais-para-os-profissionais-ageis/","https://mclair.com.br/blog-images/capa-padrao-og.png","","","","","alt vazio (ok se decorativa) | sem width/height (risco de CLS) | sem atributo loading"
"https://mclair.com.br/blog/6-atitudes-essenciais-para-os-profissionais-ageis/","https://mclair.com.br/blog-images/capa-padrao-og.png","A arte de transformar metas em realidade","","","lazy","sem width/height (risco de CLS)"
"https://mclair.com.br/blog/6-atitudes-essenciais-para-os-profissionais-ageis/","https://mclair.com.br/blog-images/capa-padrao-og.png","Lambda3 abre 28 vagas para desenvolvedores","","","lazy","sem width/height (risco de CLS)"
"https://mclair.com.br/blog/6-atitudes-essenciais-para-os-profissionais-ageis/","https://mclair.com.br/blog-images/capa-padrao-og.png","O lado B da produtividade em trabalho remoto","","","lazy","sem width/height (risco de CLS)"
"https://mclair.com.br/blog/6-atitudes-essenciais-para-os-profissionais-ageis/","/logos/logo-negativo.png","Mclair","","32","","sem width/height (risco de CLS) | sem atributo loading"
"https://mclair.com.br/blog/6-dicas-para-lidar-com-invasoes-hackers/","/logos/logo-color.png","Mclair","","","","sem width/height (risco de CLS) | sem atributo loading"
"https://mclair.com.br/blog/6-dicas-para-lidar-com-invasoes-hackers/","/logos/logo-white-hd.png","Mclair","","","","sem width/height (risco de CLS) | sem atributo loading"
"https://mclair.com.br/blog/6-dicas-para-lidar-com-invasoes-hackers/","/cases-img/claudia-elisa-1.webp","","","","eager","alt vazio (ok se decorativa) | sem width/height (risco de CLS)"
"https://mclair.com.br/blog/6-dicas-para-lidar-com-invasoes-hackers/","/logos/logo-icone-M.png","Mclair","120","120","","sem atributo loading"
"https://mclair.com.br/blog/6-dicas-para-lidar-com-invasoes-hackers/","https://mclair.com.br/blog-images/capa-padrao-og.png","","","","","alt vazio (ok se decorativa) | sem width/height (risco de CLS) | sem atributo loading"
"https://mclair.com.br/blog/6-dicas-para-lidar-com-invasoes-hackers/","https://mclair.com.br/blog-images/capa-padrao-og.png","14/09 - Lambda3 completa 12 anos e lança podcast com olhar sobre negócios no contexto nacional","","","lazy","sem width/height (risco de CLS)"
"https://mclair.com.br/blog/6-dicas-para-lidar-com-invasoes-hackers/","https://mclair.com.br/blog-images/capa-padrao-og.png","Oportunidade de capacitação em TI: Lambda3 apresenta palestras no TDC Business","","","lazy","sem width/height (risco de CLS)"
"https://mclair.com.br/blog/6-dicas-para-lidar-com-invasoes-hackers/","https://mclair.com.br/blog-images/capa-padrao-og.png","4 erros comuns ao implementar produtos digitais","","","lazy","sem width/height (risco de CLS)"
"https://mclair.com.br/blog/6-dicas-para-lidar-com-invasoes-hackers/","/logos/logo-negativo.png","Mclair","","32","","sem width/height (risco de CLS) | sem atributo loading"
"https://mclair.com.br/blog/6-dicas-para-pmes-e-startups-atrairem-investimento/","/logos/logo-color.png","Mclair","","","","sem width/height (risco de CLS) | sem atributo loading"
"https://mclair.com.br/blog/6-dicas-para-pmes-e-startups-atrairem-investimento/","/logos/logo-white-hd.png","Mclair","","","","sem width/height (risco de CLS) | sem atributo loading"
"https://mclair.com.br/blog/6-dicas-para-pmes-e-startups-atrairem-investimento/","/cases-img/claudia-elisa-1.webp","","","","eager","alt vazio (ok se decorativa) | sem width/height (risco de CLS)"
"https://mclair.com.br/blog/6-dicas-para-pmes-e-startups-atrairem-investimento/","/logos/logo-icone-M.png","Mclair","120","120","","sem atributo loading"
"https://mclair.com.br/blog/6-dicas-para-pmes-e-startups-atrairem-investimento/","https://mclair.com.br/blog-images/capa-padrao-og.png","","","","","alt vazio (ok se decorativa) | sem width/height (risco de CLS) | sem atributo loading"
"https://mclair.com.br/blog/6-dicas-para-pmes-e-startups-atrairem-investimento/","https://mclair.com.br/blog-images/capa-padrao-og.png","Cannabis: Valuation de qualidade e transparência são diferenciais para atrair investidores","","","lazy","sem width/height (risco de CLS)"
"https://mclair.com.br/blog/6-dicas-para-pmes-e-startups-atrairem-investimento/","https://mclair.com.br/blog-images/capa-padrao-og.png","Valuation: Quanto vale um canal no Youtube?","","","lazy","sem width/height (risco de CLS)"
"https://mclair.com.br/blog/6-dicas-para-pmes-e-startups-atrairem-investimento/","https://mclair.com.br/blog-images/capa-padrao-og.png","Startup cresce 400% com serviços de valuation para o mercado de cannabis","","","lazy","sem width/height (risco de CLS)"
"https://mclair.com.br/blog/6-dicas-para-pmes-e-startups-atrairem-investimento/","/logos/logo-negativo.png","Mclair","","32","","sem width/height (risco de CLS) | sem atributo loading"
"https://mclair.com.br/blog/6/","/logos/logo-color.png","Mclair","","","","sem width/height (risco de CLS) | sem atributo loading"
"https://mclair.com.br/blog/6/","/logos/logo-white-hd.png","Mclair","","","","sem width/height (risco de CLS) | sem atributo loading"
"https://mclair.com.br/blog/6/","/cases-img/claudia-elisa-1.webp","","","","eager","alt vazio (ok se decorativa) | sem width/height (risco de CLS)"
"https://mclair.com.br/blog/6/","/logos/logo-icone-M.png","Mclair","120","120","","sem atributo loading"
"https://mclair.com.br/blog/6/","https://mclair.com.br/blog-images/capa-padrao-og.png","Marketing Digital: 4 séries da Netflix para maratonar nas férias","","","lazy","sem width/height (risco de CLS)"
"https://mclair.com.br/blog/6/","https://mclair.com.br/blog-images/capa-padrao-og.png","Os impactos da Engenharia de Dados para a transformação digital","","","lazy","sem width/height (risco de CLS)"
"https://mclair.com.br/blog/6/","https://mclair.com.br/blog-images/capa-padrao-og.png","O marketing por trás do universo gamer e a sua ascensão no Brasil","","","lazy","sem width/height (risco de CLS)"
"https://mclair.com.br/blog/6/","https://mclair.com.br/blog-images/capa-padrao-og.png","Brasil apresenta nos EUA tendências em tecnologia para produção e processamento de proteína animal","","","lazy","sem width/height (risco de CLS)"
"https://mclair.com.br/blog/6/","https://mclair.com.br/blog-images/capa-padrao-og.png","Brasil aumenta volume de negócios de máquinas e equipamentos em 48,5% após participação em evento colombiano","","","lazy","sem width/height (risco de CLS)"
"https://mclair.com.br/blog/6/","https://mclair.com.br/blog-images/capa-padrao-og.png","Brasil estima faturamento superior a US$100 MI para as exportações do setor de máquinas e equipamentos industriais","","","lazy","sem width/height (risco de CLS)"
"https://mclair.com.br/blog/6/","https://mclair.com.br/blog-images/capa-padrao-og.png","Exportação: indústria de máquinas e equipamentos estima faturamento de US$31 MI após eventos internacionais","","","lazy","sem width/height (risco de CLS)"
"https://mclair.com.br/blog/6/","https://mclair.com.br/blog-images/capa-padrao-og.png","Exportações em alta: indústria brasileira de máquinas e equipamentos alcança US$25 MI na estreia da agenda internacional 2023","","","lazy","sem width/height (risco de CLS)"
"https://mclair.com.br/blog/6/","https://mclair.com.br/blog-images/capa-padrao-og.png","Indústria brasileira apresenta soluções em sustentabilidade e economia circular para o mercado têxtil internacional","","","lazy","sem width/height (risco de CLS)"
"https://mclair.com.br/blog/6/","https://mclair.com.br/blog-images/capa-padrao-og.png","Migração para nuvem e negócios digitais: afinal, os impactos não são apenas tecnológicos","","","lazy","sem width/height (risco de CLS)"
"https://mclair.com.br/blog/6/","https://mclair.com.br/blog-images/capa-padrao-og.png","ZBRA anuncia mudanças na diretoria e plano de expansão","","","lazy","sem width/height (risco de CLS)"
"https://mclair.com.br/blog/6/","https://mclair.com.br/blog-images/capa-padrao-og.png","Daniel Calero é o novo BDM do portfólio digital da Tivit","","","lazy","sem width/height (risco de CLS)"
"https://mclair.com.br/blog/6/","https://mclair.com.br/blog-images/capa-padrao-og.png","A experiência, o Marketing Digital e os festivais de música","","","lazy","sem width/height (risco de CLS)"
"https://mclair.com.br/blog/6/","https://mclair.com.br/blog-images/capa-padrao-og.png","A complexidade e a co-dependência entre humanos e tecnologias","","","lazy","sem width/height (risco de CLS)"
"https://mclair.com.br/blog/6/","https://mclair.com.br/blog-images/capa-padrao-og.png","BH recebe delegação internacional interessada na tecnologia brasileira para a indústria de mineração","","","lazy","sem width/height (risco de CLS)"
"https://mclair.com.br/blog/6/","https://mclair.com.br/blog-images/capa-padrao-og.png","Brasil apresenta soluções para a indústria latinoamericana de mineração","","","lazy","sem width/height (risco de CLS)"
"https://mclair.com.br/blog/6/","https://mclair.com.br/blog-images/capa-padrao-og.png","Como a IA está impactando o futuro das profissões e dos conselhos administrativos","","","lazy","sem width/height (risco de CLS)"
"https://mclair.com.br/blog/6/","https://mclair.com.br/blog-images/capa-padrao-og.png","Como atrair os Zillennials para a sua marca por meio do marketing digital","","","lazy","sem width/height (risco de CLS)"
"https://mclair.com.br/blog/6/","https://mclair.com.br/blog-images/capa-padrao-og.png","Marketing Digital: 4 séries da Netflix para maratonar nas férias","","","eager","sem width/height (risco de CLS)"
"https://mclair.com.br/blog/6/","https://mclair.com.br/blog-images/capa-padrao-og.png","Os impactos da Engenharia de Dados para a transformação digital","","","lazy","sem width/height (risco de CLS)"
"https://mclair.com.br/blog/6/","https://mclair.com.br/blog-images/capa-padrao-og.png","O marketing por trás do universo gamer e a sua ascensão no Brasil","","","lazy","sem width/height (risco de CLS)"
"https://mclair.com.br/blog/6/","https://mclair.com.br/blog-images/capa-padrao-og.png","Brasil apresenta nos EUA tendências em tecnologia para produção e processamento de proteína animal","","","lazy","sem width/height (risco de CLS)"
"https://mclair.com.br/blog/6/","https://mclair.com.br/blog-images/capa-padrao-og.png","Brasil aumenta volume de negócios de máquinas e equipamentos em 48,5% após participação em evento colombiano","","","lazy","sem width/height (risco de CLS)"
"https://mclair.com.br/blog/6/","https://mclair.com.br/blog-images/capa-padrao-og.png","Brasil estima faturamento superior a US$100 MI para as exportações do setor de máquinas e equipamentos industriais","","","lazy","sem width/height (risco de CLS)"
"https://mclair.com.br/blog/6/","https://mclair.com.br/blog-images/capa-padrao-og.png","Exportação: indústria de máquinas e equipamentos estima faturamento de US$31 MI após eventos internacionais","","","lazy","sem width/height (risco de CLS)"
"https://mclair.com.br/blog/6/","https://mclair.com.br/blog-images/capa-padrao-og.png","Exportações em alta: indústria brasileira de máquinas e equipamentos alcança US$25 MI na estreia da agenda internacional 2023","","","lazy","sem width/height (risco de CLS)"
"https://mclair.com.br/blog/6/","https://mclair.com.br/blog-images/capa-padrao-og.png","Indústria brasileira apresenta soluções em sustentabilidade e economia circular para o mercado têxtil internacional","","","lazy","sem width/height (risco de CLS)"
"https://mclair.com.br/blog/6/","https://mclair.com.br/blog-images/capa-padrao-og.png","Migração para nuvem e negócios digitais: afinal, os impactos não são apenas tecnológicos","","","lazy","sem width/height (risco de CLS)"
"https://mclair.com.br/blog/6/","https://mclair.com.br/blog-images/capa-padrao-og.png","ZBRA anuncia mudanças na diretoria e plano de expansão","","","lazy","sem width/height (risco de CLS)"
"https://mclair.com.br/blog/6/","https://mclair.com.br/blog-images/capa-padrao-og.png","Daniel Calero é o novo BDM do portfólio digital da Tivit","","","lazy","sem width/height (risco de CLS)"
"https://mclair.com.br/blog/6/","https://mclair.com.br/blog-images/capa-padrao-og.png","A experiência, o Marketing Digital e os festivais de música","","","lazy","sem width/height (risco de CLS)"
"https://mclair.com.br/blog/6/","https://mclair.com.br/blog-images/capa-padrao-og.png","A complexidade e a co-dependência entre humanos e tecnologias","","","lazy","sem width/height (risco de CLS)"
"https://mclair.com.br/blog/6/","https://mclair.com.br/blog-images/capa-padrao-og.png","BH recebe delegação internacional interessada na tecnologia brasileira para a indústria de mineração","","","lazy","sem width/height (risco de CLS)"
"https://mclair.com.br/blog/6/","https://mclair.com.br/blog-images/capa-padrao-og.png","Brasil apresenta soluções para a indústria latinoamericana de mineração","","","lazy","sem width/height (risco de CLS)"
"https://mclair.com.br/blog/6/","https://mclair.com.br/blog-images/capa-padrao-og.png","Como a IA está impactando o futuro das profissões e dos conselhos administrativos","","","lazy","sem width/height (risco de CLS)"
"https://mclair.com.br/blog/6/","https://mclair.com.br/blog-images/capa-padrao-og.png","Como atrair os Zillennials para a sua marca por meio do marketing digital","","","lazy","sem width/height (risco de CLS)"
"https://mclair.com.br/blog/6/","/logos/logo-negativo.png","Mclair","","32","","sem width/height (risco de CLS) | sem atributo loading"
"https://mclair.com.br/blog/7-razoes-para-implementar-a-automacao-de-processos-na-sua-empresa/","/logos/logo-color.png","Mclair","","","","sem width/height (risco de CLS) | sem atributo loading"
"https://mclair.com.br/blog/7-razoes-para-implementar-a-automacao-de-processos-na-sua-empresa/","/logos/logo-white-hd.png","Mclair","","","","sem width/height (risco de CLS) | sem atributo loading"
"https://mclair.com.br/blog/7-razoes-para-implementar-a-automacao-de-processos-na-sua-empresa/","/cases-img/claudia-elisa-1.webp","","","","eager","alt vazio (ok se decorativa) | sem width/height (risco de CLS)"
"https://mclair.com.br/blog/7-razoes-para-implementar-a-automacao-de-processos-na-sua-empresa/","/logos/logo-icone-M.png","Mclair","120","120","","sem atributo loading"
"https://mclair.com.br/blog/7-razoes-para-implementar-a-automacao-de-processos-na-sua-empresa/","https://mclair.com.br/blog-images/capa-padrao-og.png","","","","","alt vazio (ok se decorativa) | sem width/height (risco de CLS) | sem atributo loading"
"https://mclair.com.br/blog/7-razoes-para-implementar-a-automacao-de-processos-na-sua-empresa/","https://mclair.com.br/blog-images/capa-padrao-og.png","Home office e transformação digital impulsionam retomada de investimentos","","","lazy","sem width/height (risco de CLS)"
"https://mclair.com.br/blog/7-razoes-para-implementar-a-automacao-de-processos-na-sua-empresa/","https://mclair.com.br/blog-images/capa-padrao-og.png","Como a tecnologia ajuda aumentar a confiança do cliente","","","lazy","sem width/height (risco de CLS)"
"https://mclair.com.br/blog/7-razoes-para-implementar-a-automacao-de-processos-na-sua-empresa/","https://mclair.com.br/blog-images/capa-padrao-og.png","3 soluções para a transformação digital da construção civil","","","lazy","sem width/height (risco de CLS)"
"https://mclair.com.br/blog/7-razoes-para-implementar-a-automacao-de-processos-na-sua-empresa/","/logos/logo-negativo.png","Mclair","","32","","sem width/height (risco de CLS) | sem atributo loading"
"https://mclair.com.br/blog/7-tendencias-de-video-content-para-2021/","/logos/logo-color.png","Mclair","","","","sem width/height (risco de CLS) | sem atributo loading"
"https://mclair.com.br/blog/7-tendencias-de-video-content-para-2021/","/logos/logo-white-hd.png","Mclair","","","","sem width/height (risco de CLS) | sem atributo loading"
"https://mclair.com.br/blog/7-tendencias-de-video-content-para-2021/","/cases-img/claudia-elisa-1.webp","","","","eager","alt vazio (ok se decorativa) | sem width/height (risco de CLS)"
"https://mclair.com.br/blog/7-tendencias-de-video-content-para-2021/","/logos/logo-icone-M.png","Mclair","120","120","","sem atributo loading"
"https://mclair.com.br/blog/7-tendencias-de-video-content-para-2021/","https://mclair.com.br/blog-images/capa-padrao-og.png","","","","","alt vazio (ok se decorativa) | sem width/height (risco de CLS) | sem atributo loading"
"https://mclair.com.br/blog/7-tendencias-de-video-content-para-2021/","https://mclair.com.br/blog-images/capa-padrao-og.png","Abrolhos Filmes lança vídeo manifesto para reforçar posicionamento","","","lazy","sem width/height (risco de CLS)"
"https://mclair.com.br/blog/7-tendencias-de-video-content-para-2021/","https://mclair.com.br/blog-images/capa-padrao-og.png","Cotas para streaming na França realça atraso do Brasil na regulamentação de VoD","","","lazy","sem width/height (risco de CLS)"
"https://mclair.com.br/blog/7-tendencias-de-video-content-para-2021/","https://mclair.com.br/blog-images/capa-padrao-og.png","Pirataria sai do controle com streaming e isolamento social","","","lazy","sem width/height (risco de CLS)"
"https://mclair.com.br/blog/7-tendencias-de-video-content-para-2021/","/logos/logo-negativo.png","Mclair","","32","","sem width/height (risco de CLS) | sem atributo loading"
"https://mclair.com.br/blog/7/","/logos/logo-color.png","Mclair","","","","sem width/height (risco de CLS) | sem atributo loading"
"https://mclair.com.br/blog/7/","/logos/logo-white-hd.png","Mclair","","","","sem width/height (risco de CLS) | sem atributo loading"
"https://mclair.com.br/blog/7/","/cases-img/claudia-elisa-1.webp","","","","eager","alt vazio (ok se decorativa) | sem width/height (risco de CLS)"
"https://mclair.com.br/blog/7/","/logos/logo-icone-M.png","Mclair","120","120","","sem atributo loading"
"https://mclair.com.br/blog/7/","https://mclair.com.br/blog-images/capa-padrao-og.png","Eficiência nas nuvens: busca por multicloud e nuvem híbrida cresce no Brasil","","","lazy","sem width/height (risco de CLS)"
"https://mclair.com.br/blog/7/","https://mclair.com.br/blog-images/capa-padrao-og.png","Exportações de máquinas e equipamentos brasileiros ganham visibilidade  internacional por meio do Programa BMS","","","lazy","sem width/height (risco de CLS)"
"https://mclair.com.br/blog/7/","https://mclair.com.br/blog-images/capa-padrao-og.png","Leilão da Justiça Federal tem imóveis no ABC e veículos com 50% de desconto","","","lazy","sem width/height (risco de CLS)"
"https://mclair.com.br/blog/7/","https://mclair.com.br/blog-images/capa-padrao-og.png","Lideranças femininas: profissionais inspiradoras explicam os principais desafios da mulher em suas profissões","","","lazy","sem width/height (risco de CLS)"
"https://mclair.com.br/blog/7/","https://mclair.com.br/blog-images/capa-padrao-og.png","Mineração: rodada de negócios internacional supera expectativas e alcança USD 14,6 MI em estimativa de exportações","","","lazy","sem width/height (risco de CLS)"
"https://mclair.com.br/blog/7/","https://mclair.com.br/blog-images/capa-padrao-og.png","Como entender melhor e liderar a Geração Z?","","","lazy","sem width/height (risco de CLS)"
"https://mclair.com.br/blog/7/","https://mclair.com.br/blog-images/capa-padrao-og.png","Expoplast 2022 destaca inovações brasileiras","","","lazy","sem width/height (risco de CLS)"
"https://mclair.com.br/blog/7/","https://mclair.com.br/blog-images/capa-padrao-og.png","Como evitar o comércio milionário de ataques cibernéticos","","","lazy","sem width/height (risco de CLS)"
"https://mclair.com.br/blog/7/","https://mclair.com.br/blog-images/capa-padrao-og.png","Inteligência Artificial: consenso é a chave para um mundo robotizado","","","lazy","sem width/height (risco de CLS)"
"https://mclair.com.br/blog/7/","https://mclair.com.br/blog-images/capa-padrao-og.png","Brasil movimenta US$5,6 bilhões em exportação de máquinas e equipamentos no primeiro semestre de 2022","","","lazy","sem width/height (risco de CLS)"
"https://mclair.com.br/blog/7/","https://mclair.com.br/blog-images/capa-padrao-og.png","Exportações brasileiras de máquinas e equipamentos a países latinos somam US$747,5 milhões no 1º semestre","","","lazy","sem width/height (risco de CLS)"
"https://mclair.com.br/blog/7/","https://mclair.com.br/blog-images/capa-padrao-og.png","O que a série Sandman tem em comum com ""transparência radical"" em conselhos empresariais?","","","lazy","sem width/height (risco de CLS)"
"https://mclair.com.br/blog/7/","https://mclair.com.br/blog-images/capa-padrao-og.png","Por que a segurança psicológica de colaboradores é fundamental para as organizações","","","lazy","sem width/height (risco de CLS)"
"https://mclair.com.br/blog/7/","https://mclair.com.br/blog-images/capa-padrao-og.png","ZBRA anuncia rebranding com reforço do posicionamento para o mercado Tech","","","lazy","sem width/height (risco de CLS)"
"https://mclair.com.br/blog/7/","https://mclair.com.br/blog-images/capa-padrao-og.png","Três lugares e um ponto","","","lazy","sem width/height (risco de CLS)"
"https://mclair.com.br/blog/7/","https://mclair.com.br/blog-images/capa-padrao-og.png","O impacto dos microsserviços para o mercado e o consumidor","","","lazy","sem width/height (risco de CLS)"
"https://mclair.com.br/blog/7/","https://mclair.com.br/blog-images/capa-padrao-og.png","Empresas brasileiras movimentam US$4,7 milhões durante a Argenplás","","","lazy","sem width/height (risco de CLS)"
"https://mclair.com.br/blog/7/","https://mclair.com.br/blog-images/capa-padrao-og.png","Moto clube brasileiro promove campanha mundial de doação de sangue","","","lazy","sem width/height (risco de CLS)"
"https://mclair.com.br/blog/7/","https://mclair.com.br/blog-images/capa-padrao-og.png","Eficiência nas nuvens: busca por multicloud e nuvem híbrida cresce no Brasil","","","eager","sem width/height (risco de CLS)"
"https://mclair.com.br/blog/7/","https://mclair.com.br/blog-images/capa-padrao-og.png","Exportações de máquinas e equipamentos brasileiros ganham visibilidade  internacional por meio do Programa BMS","","","lazy","sem width/height (risco de CLS)"
"https://mclair.com.br/blog/7/","https://mclair.com.br/blog-images/capa-padrao-og.png","Leilão da Justiça Federal tem imóveis no ABC e veículos com 50% de desconto","","","lazy","sem width/height (risco de CLS)"
"https://mclair.com.br/blog/7/","https://mclair.com.br/blog-images/capa-padrao-og.png","Lideranças femininas: profissionais inspiradoras explicam os principais desafios da mulher em suas profissões","","","lazy","sem width/height (risco de CLS)"
"https://mclair.com.br/blog/7/","https://mclair.com.br/blog-images/capa-padrao-og.png","Mineração: rodada de negócios internacional supera expectativas e alcança USD 14,6 MI em estimativa de exportações","","","lazy","sem width/height (risco de CLS)"
"https://mclair.com.br/blog/7/","https://mclair.com.br/blog-images/capa-padrao-og.png","Como entender melhor e liderar a Geração Z?","","","lazy","sem width/height (risco de CLS)"
"https://mclair.com.br/blog/7/","https://mclair.com.br/blog-images/capa-padrao-og.png","Expoplast 2022 destaca inovações brasileiras","","","lazy","sem width/height (risco de CLS)"
"https://mclair.com.br/blog/7/","https://mclair.com.br/blog-images/capa-padrao-og.png","Como evitar o comércio milionário de ataques cibernéticos","","","lazy","sem width/height (risco de CLS)"
"https://mclair.com.br/blog/7/","https://mclair.com.br/blog-images/capa-padrao-og.png","Inteligência Artificial: consenso é a chave para um mundo robotizado","","","lazy","sem width/height (risco de CLS)"
"https://mclair.com.br/blog/7/","https://mclair.com.br/blog-images/capa-padrao-og.png","Brasil movimenta US$5,6 bilhões em exportação de máquinas e equipamentos no primeiro semestre de 2022","","","lazy","sem width/height (risco de CLS)"
"https://mclair.com.br/blog/7/","https://mclair.com.br/blog-images/capa-padrao-og.png","Exportações brasileiras de máquinas e equipamentos a países latinos somam US$747,5 milhões no 1º semestre","","","lazy","sem width/height (risco de CLS)"
"https://mclair.com.br/blog/7/","https://mclair.com.br/blog-images/capa-padrao-og.png","O que a série Sandman tem em comum com ""transparência radical"" em conselhos empresariais?","","","lazy","sem width/height (risco de CLS)"
"https://mclair.com.br/blog/7/","https://mclair.com.br/blog-images/capa-padrao-og.png","Por que a segurança psicológica de colaboradores é fundamental para as organizações","","","lazy","sem width/height (risco de CLS)"
"https://mclair.com.br/blog/7/","https://mclair.com.br/blog-images/capa-padrao-og.png","ZBRA anuncia rebranding com reforço do posicionamento para o mercado Tech","","","lazy","sem width/height (risco de CLS)"
"https://mclair.com.br/blog/7/","https://mclair.com.br/blog-images/capa-padrao-og.png","Três lugares e um ponto","","","lazy","sem width/height (risco de CLS)"
"https://mclair.com.br/blog/7/","https://mclair.com.br/blog-images/capa-padrao-og.png","O impacto dos microsserviços para o mercado e o consumidor","","","lazy","sem width/height (risco de CLS)"
"https://mclair.com.br/blog/7/","https://mclair.com.br/blog-images/capa-padrao-og.png","Empresas brasileiras movimentam US$4,7 milhões durante a Argenplás","","","lazy","sem width/height (risco de CLS)"
"https://mclair.com.br/blog/7/","https://mclair.com.br/blog-images/capa-padrao-og.png","Moto clube brasileiro promove campanha mundial de doação de sangue","","","lazy","sem width/height (risco de CLS)"
"https://mclair.com.br/blog/7/","/logos/logo-negativo.png","Mclair","","32","","sem width/height (risco de CLS) | sem atributo loading"
"https://mclair.com.br/blog/8-em-cada-10-brasileiros-ja-utilizaram-inteligencia-artificial-ao-meno/","/logos/logo-color.png","Mclair","","","","sem width/height (risco de CLS) | sem atributo loading"
"https://mclair.com.br/blog/8-em-cada-10-brasileiros-ja-utilizaram-inteligencia-artificial-ao-meno/","/logos/logo-white-hd.png","Mclair","","","","sem width/height (risco de CLS) | sem atributo loading"
"https://mclair.com.br/blog/8-em-cada-10-brasileiros-ja-utilizaram-inteligencia-artificial-ao-meno/","/cases-img/claudia-elisa-1.webp","","","","eager","alt vazio (ok se decorativa) | sem width/height (risco de CLS)"
"https://mclair.com.br/blog/8-em-cada-10-brasileiros-ja-utilizaram-inteligencia-artificial-ao-meno/","/logos/logo-icone-M.png","Mclair","120","120","","sem atributo loading"
"https://mclair.com.br/blog/8-em-cada-10-brasileiros-ja-utilizaram-inteligencia-artificial-ao-meno/","https://mclair.com.br/blog-images/capa-padrao-og.png","","","","","alt vazio (ok se decorativa) | sem width/height (risco de CLS) | sem atributo loading"
"https://mclair.com.br/blog/8-em-cada-10-brasileiros-ja-utilizaram-inteligencia-artificial-ao-meno/","https://mclair.com.br/blog-images/capa-padrao-og.png","Lambda3 abre 28 vagas para desenvolvedores","","","lazy","sem width/height (risco de CLS)"
"https://mclair.com.br/blog/8-em-cada-10-brasileiros-ja-utilizaram-inteligencia-artificial-ao-meno/","https://mclair.com.br/blog-images/capa-padrao-og.png","O lado B da produtividade em trabalho remoto","","","lazy","sem width/height (risco de CLS)"
"https://mclair.com.br/blog/8-em-cada-10-brasileiros-ja-utilizaram-inteligencia-artificial-ao-meno/","https://mclair.com.br/blog-images/capa-padrao-og.png","AQUARANTENADOS lança single ""Tudo vai dar certo""","","","lazy","sem width/height (risco de CLS)"
"https://mclair.com.br/blog/8-em-cada-10-brasileiros-ja-utilizaram-inteligencia-artificial-ao-meno/","/logos/logo-negativo.png","Mclair","","32","","sem width/height (risco de CLS) | sem atributo loading"
"https://mclair.com.br/blog/8/","/logos/logo-color.png","Mclair","","","","sem width/height (risco de CLS) | sem atributo loading"
"https://mclair.com.br/blog/8/","/logos/logo-white-hd.png","Mclair","","","","sem width/height (risco de CLS) | sem atributo loading"
"https://mclair.com.br/blog/8/","/cases-img/claudia-elisa-1.webp","","","","eager","alt vazio (ok se decorativa) | sem width/height (risco de CLS)"
"https://mclair.com.br/blog/8/","/logos/logo-icone-M.png","Mclair","120","120","","sem atributo loading"
"https://mclair.com.br/blog/8/","https://mclair.com.br/blog-images/capa-padrao-og.png","Exportações para o setor de mineração e energia devem atingir US$1,08 milhão após Exponor","","","lazy","sem width/height (risco de CLS)"
"https://mclair.com.br/blog/8/","https://mclair.com.br/blog-images/capa-padrao-og.png","Tecnologia brasileira para o setor de mineração e energia é destaque na Exponor","","","lazy","sem width/height (risco de CLS)"
"https://mclair.com.br/blog/8/","https://mclair.com.br/blog-images/capa-padrao-og.png","Os desafios e impactos do 5G para o mercado","","","lazy","sem width/height (risco de CLS)"
"https://mclair.com.br/blog/8/","https://mclair.com.br/blog-images/capa-padrao-og.png","Como as fraudes online afetam o mercado brasileiro","","","lazy","sem width/height (risco de CLS)"
"https://mclair.com.br/blog/8/","https://mclair.com.br/blog-images/capa-padrao-og.png","Diversidade nas lideranças é fundamental para as ações de ESG","","","lazy","sem width/height (risco de CLS)"
"https://mclair.com.br/blog/8/","https://mclair.com.br/blog-images/capa-padrao-og.png","O papel da governança corporativa no engajamento das lideranças","","","lazy","sem width/height (risco de CLS)"
"https://mclair.com.br/blog/8/","https://mclair.com.br/blog-images/capa-padrao-og.png","Pós-Licença: a realidade e rotina de uma mãe na volta ao trabalho","","","lazy","sem width/height (risco de CLS)"
"https://mclair.com.br/blog/8/","https://mclair.com.br/blog-images/capa-padrao-og.png","O que ""Top Gun - Maverick"" tem a nos ensinar sobre o futuro da automação?","","","lazy","sem width/height (risco de CLS)"
"https://mclair.com.br/blog/8/","https://mclair.com.br/blog-images/capa-padrao-og.png","Agrishow 2022: Projeto Imagem promove a indústria brasileira de máquinas e equipamentos ao mercado internacional","","","lazy","sem width/height (risco de CLS)"
"https://mclair.com.br/blog/8/","https://mclair.com.br/blog-images/capa-padrao-og.png","Audiovisual: os desafios e o impacto das redes sociais para a publicidade","","","lazy","sem width/height (risco de CLS)"
"https://mclair.com.br/blog/8/","https://mclair.com.br/blog-images/capa-padrao-og.png","Empresas brasileiras levam inovações com foco em economia circular e meio ambiente à Argenplás","","","lazy","sem width/height (risco de CLS)"
"https://mclair.com.br/blog/8/","https://mclair.com.br/blog-images/capa-padrao-og.png","Lambda3 consolida as unidades negócios de Produtos Digitais do ecossistema TIVIT","","","lazy","sem width/height (risco de CLS)"
"https://mclair.com.br/blog/8/","https://mclair.com.br/blog-images/capa-padrao-og.png","Mclair Comunicação é a nova assessoria de imprensa do Programa Brazil Machinery Solutions","","","lazy","sem width/height (risco de CLS)"
"https://mclair.com.br/blog/8/","https://mclair.com.br/blog-images/capa-padrao-og.png","5 desafios para área de Dados e IA","","","lazy","sem width/height (risco de CLS)"
"https://mclair.com.br/blog/8/","https://mclair.com.br/blog-images/capa-padrao-og.png","6 dicas para lidar com invasões hackers","","","lazy","sem width/height (risco de CLS)"
"https://mclair.com.br/blog/8/","https://mclair.com.br/blog-images/capa-padrao-og.png","Arena 22 é o novo fantasy game oficial da Copa do Nordeste","","","lazy","sem width/height (risco de CLS)"
"https://mclair.com.br/blog/8/","https://mclair.com.br/blog-images/capa-padrao-og.png","Os desafios para a Gestão de Pessoas e o êxito organizacional","","","lazy","sem width/height (risco de CLS)"
"https://mclair.com.br/blog/8/","https://mclair.com.br/blog-images/capa-padrao-og.png","Caixa leiloa 400 imóveis com descontos de até 60% em todo o país","","","lazy","sem width/height (risco de CLS)"
"https://mclair.com.br/blog/8/","https://mclair.com.br/blog-images/capa-padrao-og.png","Exportações para o setor de mineração e energia devem atingir US$1,08 milhão após Exponor","","","eager","sem width/height (risco de CLS)"
"https://mclair.com.br/blog/8/","https://mclair.com.br/blog-images/capa-padrao-og.png","Tecnologia brasileira para o setor de mineração e energia é destaque na Exponor","","","lazy","sem width/height (risco de CLS)"
"https://mclair.com.br/blog/8/","https://mclair.com.br/blog-images/capa-padrao-og.png","Os desafios e impactos do 5G para o mercado","","","lazy","sem width/height (risco de CLS)"
"https://mclair.com.br/blog/8/","https://mclair.com.br/blog-images/capa-padrao-og.png","Como as fraudes online afetam o mercado brasileiro","","","lazy","sem width/height (risco de CLS)"
"https://mclair.com.br/blog/8/","https://mclair.com.br/blog-images/capa-padrao-og.png","Diversidade nas lideranças é fundamental para as ações de ESG","","","lazy","sem width/height (risco de CLS)"
"https://mclair.com.br/blog/8/","https://mclair.com.br/blog-images/capa-padrao-og.png","O papel da governança corporativa no engajamento das lideranças","","","lazy","sem width/height (risco de CLS)"
"https://mclair.com.br/blog/8/","https://mclair.com.br/blog-images/capa-padrao-og.png","Pós-Licença: a realidade e rotina de uma mãe na volta ao trabalho","","","lazy","sem width/height (risco de CLS)"
"https://mclair.com.br/blog/8/","https://mclair.com.br/blog-images/capa-padrao-og.png","O que ""Top Gun - Maverick"" tem a nos ensinar sobre o futuro da automação?","","","lazy","sem width/height (risco de CLS)"
"https://mclair.com.br/blog/8/","https://mclair.com.br/blog-images/capa-padrao-og.png","Agrishow 2022: Projeto Imagem promove a indústria brasileira de máquinas e equipamentos ao mercado internacional","","","lazy","sem width/height (risco de CLS)"
"https://mclair.com.br/blog/8/","https://mclair.com.br/blog-images/capa-padrao-og.png","Audiovisual: os desafios e o impacto das redes sociais para a publicidade","","","lazy","sem width/height (risco de CLS)"
"https://mclair.com.br/blog/8/","https://mclair.com.br/blog-images/capa-padrao-og.png","Empresas brasileiras levam inovações com foco em economia circular e meio ambiente à Argenplás","","","lazy","sem width/height (risco de CLS)"
"https://mclair.com.br/blog/8/","https://mclair.com.br/blog-images/capa-padrao-og.png","Lambda3 consolida as unidades negócios de Produtos Digitais do ecossistema TIVIT","","","lazy","sem width/height (risco de CLS)"
"https://mclair.com.br/blog/8/","https://mclair.com.br/blog-images/capa-padrao-og.png","Mclair Comunicação é a nova assessoria de imprensa do Programa Brazil Machinery Solutions","","","lazy","sem width/height (risco de CLS)"
"https://mclair.com.br/blog/8/","https://mclair.com.br/blog-images/capa-padrao-og.png","5 desafios para área de Dados e IA","","","lazy","sem width/height (risco de CLS)"
"https://mclair.com.br/blog/8/","https://mclair.com.br/blog-images/capa-padrao-og.png","6 dicas para lidar com invasões hackers","","","lazy","sem width/height (risco de CLS)"
"https://mclair.com.br/blog/8/","https://mclair.com.br/blog-images/capa-padrao-og.png","Arena 22 é o novo fantasy game oficial da Copa do Nordeste","","","lazy","sem width/height (risco de CLS)"
"https://mclair.com.br/blog/8/","https://mclair.com.br/blog-images/capa-padrao-og.png","Os desafios para a Gestão de Pessoas e o êxito organizacional","","","lazy","sem width/height (risco de CLS)"
"https://mclair.com.br/blog/8/","https://mclair.com.br/blog-images/capa-padrao-og.png","Caixa leiloa 400 imóveis com descontos de até 60% em todo o país","","","lazy","sem width/height (risco de CLS)"
"https://mclair.com.br/blog/8/","/logos/logo-negativo.png","Mclair","","32","","sem width/height (risco de CLS) | sem atributo loading"
"https://mclair.com.br/blog/9/","/logos/logo-color.png","Mclair","","","","sem width/height (risco de CLS) | sem atributo loading"
"https://mclair.com.br/blog/9/","/logos/logo-white-hd.png","Mclair","","","","sem width/height (risco de CLS) | sem atributo loading"
"https://mclair.com.br/blog/9/","/cases-img/claudia-elisa-1.webp","","","","eager","alt vazio (ok se decorativa) | sem width/height (risco de CLS)"
"https://mclair.com.br/blog/9/","/logos/logo-icone-M.png","Mclair","120","120","","sem atributo loading"
"https://mclair.com.br/blog/9/","https://mclair.com.br/blog-images/capa-padrao-og.png","7 razões para implementar a automação de processos na sua empresa","","","lazy","sem width/height (risco de CLS)"
"https://mclair.com.br/blog/9/","/uploads/recovered-o-que-mudou-na-busca-pelo-lider-de-rh.jpg","O que mudou na busca pelo líder de RH?","","","lazy","sem width/height (risco de CLS)"
"https://mclair.com.br/blog/9/","/uploads/recovered-lambda3-abre-vagas-para-times-de-tecnologia.jpg","Lambda3 abre vagas para times de tecnologia","","","lazy","sem width/height (risco de CLS)"
"https://mclair.com.br/blog/9/","https://mclair.com.br/blog-images/capa-padrao-og.png","Estrutura organizacional: um predador da estratégia","","","lazy","sem width/height (risco de CLS)"
"https://mclair.com.br/blog/9/","/uploads/recovered-a-maternidade-e-os-desafios-para-a-carreira-da-mulher.jpg","A maternidade e os desafios para a carreira da mulher","","","lazy","sem width/height (risco de CLS)"
"https://mclair.com.br/blog/9/","https://mclair.com.br/blog-images/capa-padrao-og.png","Como a chegada do 5G deve impactar o Marketing Digital","","","lazy","sem width/height (risco de CLS)"
"https://mclair.com.br/blog/9/","https://mclair.com.br/blog-images/capa-padrao-og.png","GPTW: Lambda3 é uma das melhores empresas de T.I para trabalhar","","","lazy","sem width/height (risco de CLS)"
"https://mclair.com.br/blog/9/","https://mclair.com.br/blog-images/capa-padrao-og.png","Abrolhos Filmes lança vídeo manifesto para reforçar posicionamento","","","lazy","sem width/height (risco de CLS)"
"https://mclair.com.br/blog/9/","https://mclair.com.br/blog-images/capa-padrao-og.png","Como a gamificação tornou-se estratégia People First na Era Digital","","","lazy","sem width/height (risco de CLS)"
"https://mclair.com.br/blog/9/","/uploads/recovered-caixa-realiza-leilao-de-imoveis-online-no-centro-oeste-com-descontos-d.jpg","Caixa realiza leilão de imóveis online no Centro-Oeste com descontos de até 60%","","","lazy","sem width/height (risco de CLS)"
"https://mclair.com.br/blog/9/","/uploads/recovered-como-a-robotizacao-deve-ganhar-protagonismo-para-os-processos-empresar.jpg","Como a robotização deve ganhar protagonismo para os processos empresariais em 2022","","","lazy","sem width/height (risco de CLS)"
"https://mclair.com.br/blog/9/","https://mclair.com.br/blog-images/capa-padrao-og.png","Escassez de profissionais no mercado de TI amplia a necessidade de diálogo sobre diversidade e inclusão","","","lazy","sem width/height (risco de CLS)"
"https://mclair.com.br/blog/9/","https://mclair.com.br/blog-images/capa-padrao-og.png","Home office e transformação digital impulsionam retomada de investimentos","","","lazy","sem width/height (risco de CLS)"
"https://mclair.com.br/blog/9/","/uploads/recovered-dona-coruja-e-sua-marca-propria.jpg","Dona Coruja e sua marca própria","","","lazy","sem width/height (risco de CLS)"
"https://mclair.com.br/blog/9/","https://mclair.com.br/blog-images/capa-padrao-og.png","Três fundamentos para uma boa governança da inovação","","","lazy","sem width/height (risco de CLS)"
"https://mclair.com.br/blog/9/","https://mclair.com.br/blog-images/capa-padrao-og.png","Black Friday reforça a importância do Vídeo Marketing","","","lazy","sem width/height (risco de CLS)"
"https://mclair.com.br/blog/9/","https://mclair.com.br/blog-images/capa-padrao-og.png","Avanço da LGPD é essencial para sucesso do 5G no Brasil","","","lazy","sem width/height (risco de CLS)"
"https://mclair.com.br/blog/9/","https://mclair.com.br/blog-images/capa-padrao-og.png","""Round 6"", ""Seinfield"" e as dinâmicas do mercado de streaming","","","lazy","sem width/height (risco de CLS)"
"https://mclair.com.br/blog/9/","https://mclair.com.br/blog-images/capa-padrao-og.png","7 razões para implementar a automação de processos na sua empresa","","","eager","sem width/height (risco de CLS)"
"https://mclair.com.br/blog/9/","/uploads/recovered-o-que-mudou-na-busca-pelo-lider-de-rh.jpg","O que mudou na busca pelo líder de RH?","","","lazy","sem width/height (risco de CLS)"
"https://mclair.com.br/blog/9/","/uploads/recovered-lambda3-abre-vagas-para-times-de-tecnologia.jpg","Lambda3 abre vagas para times de tecnologia","","","lazy","sem width/height (risco de CLS)"
"https://mclair.com.br/blog/9/","https://mclair.com.br/blog-images/capa-padrao-og.png","Estrutura organizacional: um predador da estratégia","","","lazy","sem width/height (risco de CLS)"
"https://mclair.com.br/blog/9/","/uploads/recovered-a-maternidade-e-os-desafios-para-a-carreira-da-mulher.jpg","A maternidade e os desafios para a carreira da mulher","","","lazy","sem width/height (risco de CLS)"
"https://mclair.com.br/blog/9/","https://mclair.com.br/blog-images/capa-padrao-og.png","Como a chegada do 5G deve impactar o Marketing Digital","","","lazy","sem width/height (risco de CLS)"
"https://mclair.com.br/blog/9/","https://mclair.com.br/blog-images/capa-padrao-og.png","GPTW: Lambda3 é uma das melhores empresas de T.I para trabalhar","","","lazy","sem width/height (risco de CLS)"
"https://mclair.com.br/blog/9/","https://mclair.com.br/blog-images/capa-padrao-og.png","Abrolhos Filmes lança vídeo manifesto para reforçar posicionamento","","","lazy","sem width/height (risco de CLS)"
"https://mclair.com.br/blog/9/","https://mclair.com.br/blog-images/capa-padrao-og.png","Como a gamificação tornou-se estratégia People First na Era Digital","","","lazy","sem width/height (risco de CLS)"
"https://mclair.com.br/blog/9/","/uploads/recovered-caixa-realiza-leilao-de-imoveis-online-no-centro-oeste-com-descontos-d.jpg","Caixa realiza leilão de imóveis online no Centro-Oeste com descontos de até 60%","","","lazy","sem width/height (risco de CLS)"
"https://mclair.com.br/blog/9/","/uploads/recovered-como-a-robotizacao-deve-ganhar-protagonismo-para-os-processos-empresar.jpg","Como a robotização deve ganhar protagonismo para os processos empresariais em 2022","","","lazy","sem width/height (risco de CLS)"
"https://mclair.com.br/blog/9/","https://mclair.com.br/blog-images/capa-padrao-og.png","Escassez de profissionais no mercado de TI amplia a necessidade de diálogo sobre diversidade e inclusão","","","lazy","sem width/height (risco de CLS)"
"https://mclair.com.br/blog/9/","https://mclair.com.br/blog-images/capa-padrao-og.png","Home office e transformação digital impulsionam retomada de investimentos","","","lazy","sem width/height (risco de CLS)"
"https://mclair.com.br/blog/9/","/uploads/recovered-dona-coruja-e-sua-marca-propria.jpg","Dona Coruja e sua marca própria","","","lazy","sem width/height (risco de CLS)"
"https://mclair.com.br/blog/9/","https://mclair.com.br/blog-images/capa-padrao-og.png","Três fundamentos para uma boa governança da inovação","","","lazy","sem width/height (risco de CLS)"
"https://mclair.com.br/blog/9/","https://mclair.com.br/blog-images/capa-padrao-og.png","Black Friday reforça a importância do Vídeo Marketing","","","lazy","sem width/height (risco de CLS)"
"https://mclair.com.br/blog/9/","https://mclair.com.br/blog-images/capa-padrao-og.png","Avanço da LGPD é essencial para sucesso do 5G no Brasil","","","lazy","sem width/height (risco de CLS)"
"https://mclair.com.br/blog/9/","https://mclair.com.br/blog-images/capa-padrao-og.png","""Round 6"", ""Seinfield"" e as dinâmicas do mercado de streaming","","","lazy","sem width/height (risco de CLS)"
"https://mclair.com.br/blog/9/","/logos/logo-negativo.png","Mclair","","32","","sem width/height (risco de CLS) | sem atributo loading"
"https://mclair.com.br/blog/10/","/logos/logo-color.png","Mclair","","","","sem width/height (risco de CLS) | sem atributo loading"
"https://mclair.com.br/blog/10/","/logos/logo-white-hd.png","Mclair","","","","sem width/height (risco de CLS) | sem atributo loading"
"https://mclair.com.br/blog/10/","/cases-img/claudia-elisa-1.webp","","","","eager","alt vazio (ok se decorativa) | sem width/height (risco de CLS)"
"https://mclair.com.br/blog/10/","/logos/logo-icone-M.png","Mclair","120","120","","sem atributo loading"
"https://mclair.com.br/blog/10/","https://mclair.com.br/blog-images/capa-padrao-og.png","LGPD, desafios e a responsabilidade das empresas na Black Friday","","","lazy","sem width/height (risco de CLS)"
"https://mclair.com.br/blog/10/","https://mclair.com.br/blog-images/capa-padrao-og.png","Boa gestão de pessoas ajuda a reduzir o déficit de profissionais de TI","","","lazy","sem width/height (risco de CLS)"
"https://mclair.com.br/blog/10/","https://mclair.com.br/blog-images/capa-padrao-og.png","Cannabis: Valuation de qualidade e transparência são diferenciais para atrair investidores","","","lazy","sem width/height (risco de CLS)"
"https://mclair.com.br/blog/10/","https://mclair.com.br/blog-images/capa-padrao-og.png","Sua marca quer ser notícia?","","","lazy","sem width/height (risco de CLS)"
"https://mclair.com.br/blog/10/","https://mclair.com.br/blog-images/capa-padrao-og.png","Missão Angola:  Como a Quinto Andar me ajudou a vender milho na África","","","lazy","sem width/height (risco de CLS)"
"https://mclair.com.br/blog/10/","https://mclair.com.br/blog-images/capa-padrao-og.png","Sem G, não dá!","","","lazy","sem width/height (risco de CLS)"
"https://mclair.com.br/blog/10/","https://mclair.com.br/blog-images/capa-padrao-og.png","A quem interessa a desigualdade social?","","","lazy","sem width/height (risco de CLS)"
"https://mclair.com.br/blog/10/","https://mclair.com.br/blog-images/capa-padrao-og.png","Valuation: Quanto vale um canal no Youtube?","","","lazy","sem width/height (risco de CLS)"
"https://mclair.com.br/blog/10/","https://mclair.com.br/blog-images/capa-padrao-og.png","54% das empresas que passam por transformação digital pretendem aderir ao Outsourcing no futuro","","","lazy","sem width/height (risco de CLS)"
"https://mclair.com.br/blog/10/","https://mclair.com.br/blog-images/capa-padrao-og.png","Diversidade Etária: Por que a geração 40+ é essencial para o mercado de trabalho","","","lazy","sem width/height (risco de CLS)"
"https://mclair.com.br/blog/10/","https://mclair.com.br/blog-images/capa-padrao-og.png","Liderança de times de engenharia de software é tema de debate na Codecon","","","lazy","sem width/height (risco de CLS)"
"https://mclair.com.br/blog/10/","https://mclair.com.br/blog-images/capa-padrao-og.png","6 atitudes essenciais para os profissionais ágeis","","","lazy","sem width/height (risco de CLS)"
"https://mclair.com.br/blog/10/","https://mclair.com.br/blog-images/capa-padrao-og.png","6 dicas para PMEs e startups atraírem investimento","","","lazy","sem width/height (risco de CLS)"
"https://mclair.com.br/blog/10/","https://mclair.com.br/blog-images/capa-padrao-og.png","Liderança: 5 dicas para quem deseja assumir o posto","","","lazy","sem width/height (risco de CLS)"
"https://mclair.com.br/blog/10/","https://mclair.com.br/blog-images/capa-padrao-og.png","O que falta para termos conselhos realmente diversos?","","","lazy","sem width/height (risco de CLS)"
"https://mclair.com.br/blog/10/","https://mclair.com.br/blog-images/capa-padrao-og.png","Como a tecnologia ajuda aumentar a confiança do cliente","","","lazy","sem width/height (risco de CLS)"
"https://mclair.com.br/blog/10/","https://mclair.com.br/blog-images/capa-padrao-og.png","3 soluções para a transformação digital da construção civil","","","lazy","sem width/height (risco de CLS)"
"https://mclair.com.br/blog/10/","/uploads/recovered-por-que-o-respeito-e-decisivo-para-as-relacoes-e-resultados.jpeg","Por que o respeito é decisivo para as relações e resultados","","","lazy","sem width/height (risco de CLS)"
"https://mclair.com.br/blog/10/","https://mclair.com.br/blog-images/capa-padrao-og.png","LGPD, desafios e a responsabilidade das empresas na Black Friday","","","eager","sem width/height (risco de CLS)"
"https://mclair.com.br/blog/10/","https://mclair.com.br/blog-images/capa-padrao-og.png","Boa gestão de pessoas ajuda a reduzir o déficit de profissionais de TI","","","lazy","sem width/height (risco de CLS)"
"https://mclair.com.br/blog/10/","https://mclair.com.br/blog-images/capa-padrao-og.png","Cannabis: Valuation de qualidade e transparência são diferenciais para atrair investidores","","","lazy","sem width/height (risco de CLS)"
"https://mclair.com.br/blog/10/","https://mclair.com.br/blog-images/capa-padrao-og.png","Sua marca quer ser notícia?","","","lazy","sem width/height (risco de CLS)"
"https://mclair.com.br/blog/10/","https://mclair.com.br/blog-images/capa-padrao-og.png","Missão Angola:  Como a Quinto Andar me ajudou a vender milho na África","","","lazy","sem width/height (risco de CLS)"
"https://mclair.com.br/blog/10/","https://mclair.com.br/blog-images/capa-padrao-og.png","Sem G, não dá!","","","lazy","sem width/height (risco de CLS)"
"https://mclair.com.br/blog/10/","https://mclair.com.br/blog-images/capa-padrao-og.png","A quem interessa a desigualdade social?","","","lazy","sem width/height (risco de CLS)"
"https://mclair.com.br/blog/10/","https://mclair.com.br/blog-images/capa-padrao-og.png","Valuation: Quanto vale um canal no Youtube?","","","lazy","sem width/height (risco de CLS)"
"https://mclair.com.br/blog/10/","https://mclair.com.br/blog-images/capa-padrao-og.png","54% das empresas que passam por transformação digital pretendem aderir ao Outsourcing no futuro","","","lazy","sem width/height (risco de CLS)"
"https://mclair.com.br/blog/10/","https://mclair.com.br/blog-images/capa-padrao-og.png","Diversidade Etária: Por que a geração 40+ é essencial para o mercado de trabalho","","","lazy","sem width/height (risco de CLS)"
"https://mclair.com.br/blog/10/","https://mclair.com.br/blog-images/capa-padrao-og.png","Liderança de times de engenharia de software é tema de debate na Codecon","","","lazy","sem width/height (risco de CLS)"
"https://mclair.com.br/blog/10/","https://mclair.com.br/blog-images/capa-padrao-og.png","6 atitudes essenciais para os profissionais ágeis","","","lazy","sem width/height (risco de CLS)"
"https://mclair.com.br/blog/10/","https://mclair.com.br/blog-images/capa-padrao-og.png","6 dicas para PMEs e startups atraírem investimento","","","lazy","sem width/height (risco de CLS)"
"https://mclair.com.br/blog/10/","https://mclair.com.br/blog-images/capa-padrao-og.png","Liderança: 5 dicas para quem deseja assumir o posto","","","lazy","sem width/height (risco de CLS)"
"https://mclair.com.br/blog/10/","https://mclair.com.br/blog-images/capa-padrao-og.png","O que falta para termos conselhos realmente diversos?","","","lazy","sem width/height (risco de CLS)"
"https://mclair.com.br/blog/10/","https://mclair.com.br/blog-images/capa-padrao-og.png","Como a tecnologia ajuda aumentar a confiança do cliente","","","lazy","sem width/height (risco de CLS)"
"https://mclair.com.br/blog/10/","https://mclair.com.br/blog-images/capa-padrao-og.png","3 soluções para a transformação digital da construção civil","","","lazy","sem width/height (risco de CLS)"
"https://mclair.com.br/blog/10/","/uploads/recovered-por-que-o-respeito-e-decisivo-para-as-relacoes-e-resultados.jpeg","Por que o respeito é decisivo para as relações e resultados","","","lazy","sem width/height (risco de CLS)"
"https://mclair.com.br/blog/10/","/logos/logo-negativo.png","Mclair","","32","","sem width/height (risco de CLS) | sem atributo loading"
"https://mclair.com.br/blog/11/","/logos/logo-color.png","Mclair","","","","sem width/height (risco de CLS) | sem atributo loading"
"https://mclair.com.br/blog/11/","/logos/logo-white-hd.png","Mclair","","","","sem width/height (risco de CLS) | sem atributo loading"
"https://mclair.com.br/blog/11/","/cases-img/claudia-elisa-1.webp","","","","eager","alt vazio (ok se decorativa) | sem width/height (risco de CLS)"
"https://mclair.com.br/blog/11/","/logos/logo-icone-M.png","Mclair","120","120","","sem atributo loading"
"https://mclair.com.br/blog/11/","https://mclair.com.br/blog-images/capa-padrao-og.png","Transforme subjetividade em método: sua missão ficará mais fácil","","","lazy","sem width/height (risco de CLS)"
"https://mclair.com.br/blog/11/","https://mclair.com.br/blog-images/capa-padrao-og.png","Itaú Unibanco incorpora startup Emergee, especializada em métodos para agilidade nos negócios","","","lazy","sem width/height (risco de CLS)"
"https://mclair.com.br/blog/11/","https://mclair.com.br/blog-images/capa-padrao-og.png","Lambda3 leva debate sobre diversidade e inclusão ao PrograMaria Summit 2021","","","lazy","sem width/height (risco de CLS)"
"https://mclair.com.br/blog/11/","https://mclair.com.br/blog-images/capa-padrao-og.png","Novos nichos do marketing de influência podem impactar a retomada do audiovisual","","","lazy","sem width/height (risco de CLS)"
"https://mclair.com.br/blog/11/","https://mclair.com.br/blog-images/capa-padrao-og.png","O que as empresas de TI devem fazer para superar o déficit de profissionais","","","lazy","sem width/height (risco de CLS)"
"https://mclair.com.br/blog/11/","https://mclair.com.br/blog-images/capa-padrao-og.png","Startup cresce 400% com serviços de valuation para o mercado de cannabis","","","lazy","sem width/height (risco de CLS)"
"https://mclair.com.br/blog/11/","/uploads/recovered-o-growth-e-eu-acelerando.png","O Growth e eu: Acelerando!","","","lazy","sem width/height (risco de CLS)"
"https://mclair.com.br/blog/11/","https://mclair.com.br/blog-images/capa-padrao-og.png","Entre Perfis e Curtidas, por que alguém seria fiel à sua marca?","","","lazy","sem width/height (risco de CLS)"
"https://mclair.com.br/blog/11/","https://mclair.com.br/blog-images/capa-padrao-og.png","Comunicação não tem receita infalível","","","lazy","sem width/height (risco de CLS)"
"https://mclair.com.br/blog/11/","https://mclair.com.br/blog-images/capa-padrao-og.png","Guiando abre novas vagas para TI e outras áreas","","","lazy","sem width/height (risco de CLS)"
"https://mclair.com.br/blog/11/","https://mclair.com.br/blog-images/capa-padrao-og.png","3 setores beneficiados pelo audiovisual em 2021","","","lazy","sem width/height (risco de CLS)"
"https://mclair.com.br/blog/11/","https://mclair.com.br/blog-images/capa-padrao-og.png","Emergee e TIVIT lançam o programa ""Agility Drops""","","","lazy","sem width/height (risco de CLS)"
"https://mclair.com.br/blog/11/","https://mclair.com.br/blog-images/capa-padrao-og.png","Expansão do IoT impulsiona demanda por soluções de gestão","","","lazy","sem width/height (risco de CLS)"
"https://mclair.com.br/blog/11/","https://mclair.com.br/blog-images/capa-padrao-og.png","Cotas para streaming na França realça atraso do Brasil na regulamentação de VoD","","","lazy","sem width/height (risco de CLS)"
"https://mclair.com.br/blog/11/","https://mclair.com.br/blog-images/capa-padrao-og.png","Projeto Zé Conecta amplia inclusão digital a alunos em situação vulnerável","","","lazy","sem width/height (risco de CLS)"
"https://mclair.com.br/blog/11/","https://mclair.com.br/blog-images/capa-padrao-og.png","A tal primeira vez","","","lazy","sem width/height (risco de CLS)"
"https://mclair.com.br/blog/11/","https://mclair.com.br/blog-images/capa-padrao-og.png","Três dicas para quem quer ser um Conselheiro","","","lazy","sem width/height (risco de CLS)"
"https://mclair.com.br/blog/11/","https://mclair.com.br/blog-images/capa-padrao-og.png","Três lições que aprendi com Cláudio Galeazzi","","","lazy","sem width/height (risco de CLS)"
"https://mclair.com.br/blog/11/","https://mclair.com.br/blog-images/capa-padrao-og.png","Transforme subjetividade em método: sua missão ficará mais fácil","","","eager","sem width/height (risco de CLS)"
"https://mclair.com.br/blog/11/","https://mclair.com.br/blog-images/capa-padrao-og.png","Itaú Unibanco incorpora startup Emergee, especializada em métodos para agilidade nos negócios","","","lazy","sem width/height (risco de CLS)"
"https://mclair.com.br/blog/11/","https://mclair.com.br/blog-images/capa-padrao-og.png","Lambda3 leva debate sobre diversidade e inclusão ao PrograMaria Summit 2021","","","lazy","sem width/height (risco de CLS)"
"https://mclair.com.br/blog/11/","https://mclair.com.br/blog-images/capa-padrao-og.png","Novos nichos do marketing de influência podem impactar a retomada do audiovisual","","","lazy","sem width/height (risco de CLS)"
"https://mclair.com.br/blog/11/","https://mclair.com.br/blog-images/capa-padrao-og.png","O que as empresas de TI devem fazer para superar o déficit de profissionais","","","lazy","sem width/height (risco de CLS)"
"https://mclair.com.br/blog/11/","https://mclair.com.br/blog-images/capa-padrao-og.png","Startup cresce 400% com serviços de valuation para o mercado de cannabis","","","lazy","sem width/height (risco de CLS)"
"https://mclair.com.br/blog/11/","/uploads/recovered-o-growth-e-eu-acelerando.png","O Growth e eu: Acelerando!","","","lazy","sem width/height (risco de CLS)"
"https://mclair.com.br/blog/11/","https://mclair.com.br/blog-images/capa-padrao-og.png","Entre Perfis e Curtidas, por que alguém seria fiel à sua marca?","","","lazy","sem width/height (risco de CLS)"
"https://mclair.com.br/blog/11/","https://mclair.com.br/blog-images/capa-padrao-og.png","Comunicação não tem receita infalível","","","lazy","sem width/height (risco de CLS)"
"https://mclair.com.br/blog/11/","https://mclair.com.br/blog-images/capa-padrao-og.png","Guiando abre novas vagas para TI e outras áreas","","","lazy","sem width/height (risco de CLS)"
"https://mclair.com.br/blog/11/","https://mclair.com.br/blog-images/capa-padrao-og.png","3 setores beneficiados pelo audiovisual em 2021","","","lazy","sem width/height (risco de CLS)"
"https://mclair.com.br/blog/11/","https://mclair.com.br/blog-images/capa-padrao-og.png","Emergee e TIVIT lançam o programa ""Agility Drops""","","","lazy","sem width/height (risco de CLS)"
"https://mclair.com.br/blog/11/","https://mclair.com.br/blog-images/capa-padrao-og.png","Expansão do IoT impulsiona demanda por soluções de gestão","","","lazy","sem width/height (risco de CLS)"
"https://mclair.com.br/blog/11/","https://mclair.com.br/blog-images/capa-padrao-og.png","Cotas para streaming na França realça atraso do Brasil na regulamentação de VoD","","","lazy","sem width/height (risco de CLS)"
"https://mclair.com.br/blog/11/","https://mclair.com.br/blog-images/capa-padrao-og.png","Projeto Zé Conecta amplia inclusão digital a alunos em situação vulnerável","","","lazy","sem width/height (risco de CLS)"
"https://mclair.com.br/blog/11/","https://mclair.com.br/blog-images/capa-padrao-og.png","A tal primeira vez","","","lazy","sem width/height (risco de CLS)"
"https://mclair.com.br/blog/11/","https://mclair.com.br/blog-images/capa-padrao-og.png","Três dicas para quem quer ser um Conselheiro","","","lazy","sem width/height (risco de CLS)"
"https://mclair.com.br/blog/11/","https://mclair.com.br/blog-images/capa-padrao-og.png","Três lições que aprendi com Cláudio Galeazzi","","","lazy","sem width/height (risco de CLS)"
"https://mclair.com.br/blog/11/","/logos/logo-negativo.png","Mclair","","32","","sem width/height (risco de CLS) | sem atributo loading"
"https://mclair.com.br/blog/12/","/logos/logo-color.png","Mclair","","","","sem width/height (risco de CLS) | sem atributo loading"
"https://mclair.com.br/blog/12/","/logos/logo-white-hd.png","Mclair","","","","sem width/height (risco de CLS) | sem atributo loading"
"https://mclair.com.br/blog/12/","/cases-img/claudia-elisa-1.webp","","","","eager","alt vazio (ok se decorativa) | sem width/height (risco de CLS)"
"https://mclair.com.br/blog/12/","/logos/logo-icone-M.png","Mclair","120","120","","sem atributo loading"
"https://mclair.com.br/blog/12/","https://mclair.com.br/blog-images/capa-padrao-og.png","5 passos para ter sucesso na venda de uma PME","","","lazy","sem width/height (risco de CLS)"
"https://mclair.com.br/blog/12/","https://mclair.com.br/blog-images/capa-padrao-og.png","5 tecnologias  que se consolidaram na pandemia","","","lazy","sem width/height (risco de CLS)"
"https://mclair.com.br/blog/12/","https://mclair.com.br/blog-images/capa-padrao-og.png","Ian Macdonald é o novo diretor-executivo da Emergee","","","lazy","sem width/height (risco de CLS)"
"https://mclair.com.br/blog/12/","https://mclair.com.br/blog-images/capa-padrao-og.png","Perceber nuances: o ""superpoder"" que todo líder precisa ter","","","lazy","sem width/height (risco de CLS)"
"https://mclair.com.br/blog/12/","https://mclair.com.br/blog-images/capa-padrao-og.png","Pirataria sai do controle com streaming e isolamento social","","","lazy","sem width/height (risco de CLS)"
"https://mclair.com.br/blog/12/","https://mclair.com.br/blog-images/capa-padrao-og.png","Série Lupin movimenta consumo e reitera potência do audiovisual","","","lazy","sem width/height (risco de CLS)"
"https://mclair.com.br/blog/12/","https://mclair.com.br/blog-images/capa-padrao-og.png","Como a compra da Lambda3 vai impactar o modelo de negócios no setor de TI no Brasil","","","lazy","sem width/height (risco de CLS)"
"https://mclair.com.br/blog/12/","https://mclair.com.br/blog-images/capa-padrao-og.png","Empresas familiares exigem flexibilidade e comunicação empática do executivo","","","lazy","sem width/height (risco de CLS)"
"https://mclair.com.br/blog/12/","https://mclair.com.br/blog-images/capa-padrao-og.png","Guiando está entre as melhores empresas para trabalhar em MG, segundo GPTW","","","lazy","sem width/height (risco de CLS)"
"https://mclair.com.br/blog/12/","https://mclair.com.br/blog-images/capa-padrao-og.png","Projeto Zé Conecta amplia a inclusão digital para alunos da Fundação José Carvalho","","","lazy","sem width/height (risco de CLS)"
"https://mclair.com.br/blog/12/","https://mclair.com.br/blog-images/capa-padrao-og.png","Startup carioca cresce 400% na pandemia com serviço de valuation via WhatsApp para PMEs","","","lazy","sem width/height (risco de CLS)"
"https://mclair.com.br/blog/12/","https://mclair.com.br/blog-images/capa-padrao-og.png","Claudia Elisa passa a integrar Conselho da Tupy","","","lazy","sem width/height (risco de CLS)"
"https://mclair.com.br/blog/12/","https://mclair.com.br/blog-images/capa-padrao-og.png","O futuro do trabalho remoto e o match entre tecnologia e pessoas","","","lazy","sem width/height (risco de CLS)"
"https://mclair.com.br/blog/12/","https://mclair.com.br/blog-images/capa-padrao-og.png","4 formas de evitar o vazamento de dados","","","lazy","sem width/height (risco de CLS)"
"https://mclair.com.br/blog/12/","https://mclair.com.br/blog-images/capa-padrao-og.png","Guiando tem 20 vagas abertas 100% remoto","","","lazy","sem width/height (risco de CLS)"
"https://mclair.com.br/blog/12/","https://mclair.com.br/blog-images/capa-padrao-og.png","O algoritmo humano por trás de uma boa decisão","","","lazy","sem width/height (risco de CLS)"
"https://mclair.com.br/blog/12/","https://mclair.com.br/blog-images/capa-padrao-og.png","A transformação digital começa na cultura empresarial","","","lazy","sem width/height (risco de CLS)"
"https://mclair.com.br/blog/12/","https://mclair.com.br/blog-images/capa-padrao-og.png","5 áreas do varejo que podem se beneficiar da automação","","","lazy","sem width/height (risco de CLS)"
"https://mclair.com.br/blog/12/","https://mclair.com.br/blog-images/capa-padrao-og.png","5 passos para ter sucesso na venda de uma PME","","","eager","sem width/height (risco de CLS)"
"https://mclair.com.br/blog/12/","https://mclair.com.br/blog-images/capa-padrao-og.png","5 tecnologias  que se consolidaram na pandemia","","","lazy","sem width/height (risco de CLS)"
"https://mclair.com.br/blog/12/","https://mclair.com.br/blog-images/capa-padrao-og.png","Ian Macdonald é o novo diretor-executivo da Emergee","","","lazy","sem width/height (risco de CLS)"
"https://mclair.com.br/blog/12/","https://mclair.com.br/blog-images/capa-padrao-og.png","Perceber nuances: o ""superpoder"" que todo líder precisa ter","","","lazy","sem width/height (risco de CLS)"
"https://mclair.com.br/blog/12/","https://mclair.com.br/blog-images/capa-padrao-og.png","Pirataria sai do controle com streaming e isolamento social","","","lazy","sem width/height (risco de CLS)"
"https://mclair.com.br/blog/12/","https://mclair.com.br/blog-images/capa-padrao-og.png","Série Lupin movimenta consumo e reitera potência do audiovisual","","","lazy","sem width/height (risco de CLS)"
"https://mclair.com.br/blog/12/","https://mclair.com.br/blog-images/capa-padrao-og.png","Como a compra da Lambda3 vai impactar o modelo de negócios no setor de TI no Brasil","","","lazy","sem width/height (risco de CLS)"
"https://mclair.com.br/blog/12/","https://mclair.com.br/blog-images/capa-padrao-og.png","Empresas familiares exigem flexibilidade e comunicação empática do executivo","","","lazy","sem width/height (risco de CLS)"
"https://mclair.com.br/blog/12/","https://mclair.com.br/blog-images/capa-padrao-og.png","Guiando está entre as melhores empresas para trabalhar em MG, segundo GPTW","","","lazy","sem width/height (risco de CLS)"
"https://mclair.com.br/blog/12/","https://mclair.com.br/blog-images/capa-padrao-og.png","Projeto Zé Conecta amplia a inclusão digital para alunos da Fundação José Carvalho","","","lazy","sem width/height (risco de CLS)"
"https://mclair.com.br/blog/12/","https://mclair.com.br/blog-images/capa-padrao-og.png","Startup carioca cresce 400% na pandemia com serviço de valuation via WhatsApp para PMEs","","","lazy","sem width/height (risco de CLS)"
"https://mclair.com.br/blog/12/","https://mclair.com.br/blog-images/capa-padrao-og.png","Claudia Elisa passa a integrar Conselho da Tupy","","","lazy","sem width/height (risco de CLS)"
"https://mclair.com.br/blog/12/","https://mclair.com.br/blog-images/capa-padrao-og.png","O futuro do trabalho remoto e o match entre tecnologia e pessoas","","","lazy","sem width/height (risco de CLS)"
"https://mclair.com.br/blog/12/","https://mclair.com.br/blog-images/capa-padrao-og.png","4 formas de evitar o vazamento de dados","","","lazy","sem width/height (risco de CLS)"
"https://mclair.com.br/blog/12/","https://mclair.com.br/blog-images/capa-padrao-og.png","Guiando tem 20 vagas abertas 100% remoto","","","lazy","sem width/height (risco de CLS)"
"https://mclair.com.br/blog/12/","https://mclair.com.br/blog-images/capa-padrao-og.png","O algoritmo humano por trás de uma boa decisão","","","lazy","sem width/height (risco de CLS)"
"https://mclair.com.br/blog/12/","https://mclair.com.br/blog-images/capa-padrao-og.png","A transformação digital começa na cultura empresarial","","","lazy","sem width/height (risco de CLS)"
"https://mclair.com.br/blog/12/","https://mclair.com.br/blog-images/capa-padrao-og.png","5 áreas do varejo que podem se beneficiar da automação","","","lazy","sem width/height (risco de CLS)"
"https://mclair.com.br/blog/12/","/logos/logo-negativo.png","Mclair","","32","","sem width/height (risco de CLS) | sem atributo loading"
"https://mclair.com.br/blog/13/","/logos/logo-color.png","Mclair","","","","sem width/height (risco de CLS) | sem atributo loading"
"https://mclair.com.br/blog/13/","/logos/logo-white-hd.png","Mclair","","","","sem width/height (risco de CLS) | sem atributo loading"
"https://mclair.com.br/blog/13/","/cases-img/claudia-elisa-1.webp","","","","eager","alt vazio (ok se decorativa) | sem width/height (risco de CLS)"
"https://mclair.com.br/blog/13/","/logos/logo-icone-M.png","Mclair","120","120","","sem atributo loading"
"https://mclair.com.br/blog/13/","https://mclair.com.br/blog-images/capa-padrao-og.png","O que a vida corporativa tem a ver com um jogo de squash?","","","lazy","sem width/height (risco de CLS)"
"https://mclair.com.br/blog/13/","https://mclair.com.br/blog-images/capa-padrao-og.png","Transformação digital impulsiona busca por metodologias ágeis","","","lazy","sem width/height (risco de CLS)"
"https://mclair.com.br/blog/13/","https://mclair.com.br/blog-images/capa-padrao-og.png","A era da automação e os impactos para os negócios e consumidores","","","lazy","sem width/height (risco de CLS)"
"https://mclair.com.br/blog/13/","https://mclair.com.br/blog-images/capa-padrao-og.png","5 passos para tornar as práticas de ESG uma realidade em sua empresa","","","lazy","sem width/height (risco de CLS)"
"https://mclair.com.br/blog/13/","https://mclair.com.br/blog-images/capa-padrao-og.png","5 perguntas cruciais antes de formar um Conselho Administrativo ou Consultivo","","","lazy","sem width/height (risco de CLS)"
"https://mclair.com.br/blog/13/","https://mclair.com.br/blog-images/capa-padrao-og.png","Mclair anuncia spin-off para desenvolvimento web e tecnológico","","","lazy","sem width/height (risco de CLS)"
"https://mclair.com.br/blog/13/","https://mclair.com.br/blog-images/capa-padrao-og.png","Seis frases de Abílio Diniz que impactaram minha vida","","","lazy","sem width/height (risco de CLS)"
"https://mclair.com.br/blog/13/","https://mclair.com.br/blog-images/capa-padrao-og.png","Os melhores talentos estão cansados do mundo corporativo","","","lazy","sem width/height (risco de CLS)"
"https://mclair.com.br/blog/13/","https://mclair.com.br/blog-images/capa-padrao-og.png","A relevância dos dados e algoritmos para as pessoas e negócios","","","lazy","sem width/height (risco de CLS)"
"https://mclair.com.br/blog/13/","https://mclair.com.br/blog-images/capa-padrao-og.png","As lições sobre adaptabilidade e gestão de pessoas na era do home office","","","lazy","sem width/height (risco de CLS)"
"https://mclair.com.br/blog/13/","https://mclair.com.br/blog-images/capa-padrao-og.png","Largar tudo nem sempre é solução para os cansados do mundo corporativo","","","lazy","sem width/height (risco de CLS)"
"https://mclair.com.br/blog/13/","https://mclair.com.br/blog-images/capa-padrao-og.png","Mentalidade de abundância transforma a liderança","","","lazy","sem width/height (risco de CLS)"
"https://mclair.com.br/blog/13/","https://mclair.com.br/blog-images/capa-padrao-og.png","Sem essa de copo meio vazio: pessoas são copo inteiro!","","","lazy","sem width/height (risco de CLS)"
"https://mclair.com.br/blog/13/","https://mclair.com.br/blog-images/capa-padrao-og.png","Mulheres na gestão: usem a projeção da voz a seu favor","","","lazy","sem width/height (risco de CLS)"
"https://mclair.com.br/blog/13/","https://mclair.com.br/blog-images/capa-padrao-og.png","nexinvoice® é pioneiro em automação inteligente do Contas a Pagar","","","lazy","sem width/height (risco de CLS)"
"https://mclair.com.br/blog/13/","https://mclair.com.br/blog-images/capa-padrao-og.png","7 tendências de video content para 2021","","","lazy","sem width/height (risco de CLS)"
"https://mclair.com.br/blog/13/","https://mclair.com.br/blog-images/capa-padrao-og.png","Guiando tem 20 vagas abertas 100% remoto","","","lazy","sem width/height (risco de CLS)"
"https://mclair.com.br/blog/13/","https://mclair.com.br/blog-images/capa-padrao-og.png","Abrolhos Filmes indica 15 produções de 2020","","","lazy","sem width/height (risco de CLS)"
"https://mclair.com.br/blog/13/","https://mclair.com.br/blog-images/capa-padrao-og.png","O que a vida corporativa tem a ver com um jogo de squash?","","","eager","sem width/height (risco de CLS)"
"https://mclair.com.br/blog/13/","https://mclair.com.br/blog-images/capa-padrao-og.png","Transformação digital impulsiona busca por metodologias ágeis","","","lazy","sem width/height (risco de CLS)"
"https://mclair.com.br/blog/13/","https://mclair.com.br/blog-images/capa-padrao-og.png","A era da automação e os impactos para os negócios e consumidores","","","lazy","sem width/height (risco de CLS)"
"https://mclair.com.br/blog/13/","https://mclair.com.br/blog-images/capa-padrao-og.png","5 passos para tornar as práticas de ESG uma realidade em sua empresa","","","lazy","sem width/height (risco de CLS)"
"https://mclair.com.br/blog/13/","https://mclair.com.br/blog-images/capa-padrao-og.png","5 perguntas cruciais antes de formar um Conselho Administrativo ou Consultivo","","","lazy","sem width/height (risco de CLS)"
"https://mclair.com.br/blog/13/","https://mclair.com.br/blog-images/capa-padrao-og.png","Mclair anuncia spin-off para desenvolvimento web e tecnológico","","","lazy","sem width/height (risco de CLS)"
"https://mclair.com.br/blog/13/","https://mclair.com.br/blog-images/capa-padrao-og.png","Seis frases de Abílio Diniz que impactaram minha vida","","","lazy","sem width/height (risco de CLS)"
"https://mclair.com.br/blog/13/","https://mclair.com.br/blog-images/capa-padrao-og.png","Os melhores talentos estão cansados do mundo corporativo","","","lazy","sem width/height (risco de CLS)"
"https://mclair.com.br/blog/13/","https://mclair.com.br/blog-images/capa-padrao-og.png","A relevância dos dados e algoritmos para as pessoas e negócios","","","lazy","sem width/height (risco de CLS)"
"https://mclair.com.br/blog/13/","https://mclair.com.br/blog-images/capa-padrao-og.png","As lições sobre adaptabilidade e gestão de pessoas na era do home office","","","lazy","sem width/height (risco de CLS)"
"https://mclair.com.br/blog/13/","https://mclair.com.br/blog-images/capa-padrao-og.png","Largar tudo nem sempre é solução para os cansados do mundo corporativo","","","lazy","sem width/height (risco de CLS)"
"https://mclair.com.br/blog/13/","https://mclair.com.br/blog-images/capa-padrao-og.png","Mentalidade de abundância transforma a liderança","","","lazy","sem width/height (risco de CLS)"
"https://mclair.com.br/blog/13/","https://mclair.com.br/blog-images/capa-padrao-og.png","Sem essa de copo meio vazio: pessoas são copo inteiro!","","","lazy","sem width/height (risco de CLS)"
"https://mclair.com.br/blog/13/","https://mclair.com.br/blog-images/capa-padrao-og.png","Mulheres na gestão: usem a projeção da voz a seu favor","","","lazy","sem width/height (risco de CLS)"
"https://mclair.com.br/blog/13/","https://mclair.com.br/blog-images/capa-padrao-og.png","nexinvoice® é pioneiro em automação inteligente do Contas a Pagar","","","lazy","sem width/height (risco de CLS)"
"https://mclair.com.br/blog/13/","https://mclair.com.br/blog-images/capa-padrao-og.png","7 tendências de video content para 2021","","","lazy","sem width/height (risco de CLS)"
"https://mclair.com.br/blog/13/","https://mclair.com.br/blog-images/capa-padrao-og.png","Guiando tem 20 vagas abertas 100% remoto","","","lazy","sem width/height (risco de CLS)"
"https://mclair.com.br/blog/13/","https://mclair.com.br/blog-images/capa-padrao-og.png","Abrolhos Filmes indica 15 produções de 2020","","","lazy","sem width/height (risco de CLS)"
"https://mclair.com.br/blog/13/","/logos/logo-negativo.png","Mclair","","32","","sem width/height (risco de CLS) | sem atributo loading"
"https://mclair.com.br/blog/14-09-lambda3-completa-12-anos-e-lanca-podcast-com-olhar-sobre-negocio/","/logos/logo-color.png","Mclair","","","","sem width/height (risco de CLS) | sem atributo loading"
"https://mclair.com.br/blog/14-09-lambda3-completa-12-anos-e-lanca-podcast-com-olhar-sobre-negocio/","/logos/logo-white-hd.png","Mclair","","","","sem width/height (risco de CLS) | sem atributo loading"
"https://mclair.com.br/blog/14-09-lambda3-completa-12-anos-e-lanca-podcast-com-olhar-sobre-negocio/","/cases-img/claudia-elisa-1.webp","","","","eager","alt vazio (ok se decorativa) | sem width/height (risco de CLS)"
"https://mclair.com.br/blog/14-09-lambda3-completa-12-anos-e-lanca-podcast-com-olhar-sobre-negocio/","/logos/logo-icone-M.png","Mclair","120","120","","sem atributo loading"
"https://mclair.com.br/blog/14-09-lambda3-completa-12-anos-e-lanca-podcast-com-olhar-sobre-negocio/","https://mclair.com.br/blog-images/capa-padrao-og.png","","","","","alt vazio (ok se decorativa) | sem width/height (risco de CLS) | sem atributo loading"
"https://mclair.com.br/blog/14-09-lambda3-completa-12-anos-e-lanca-podcast-com-olhar-sobre-negocio/","https://mclair.com.br/blog-images/capa-padrao-og.png","Oportunidade de capacitação em TI: Lambda3 apresenta palestras no TDC Business","","","lazy","sem width/height (risco de CLS)"
"https://mclair.com.br/blog/14-09-lambda3-completa-12-anos-e-lanca-podcast-com-olhar-sobre-negocio/","https://mclair.com.br/blog-images/capa-padrao-og.png","4 erros comuns ao implementar produtos digitais","","","lazy","sem width/height (risco de CLS)"
"https://mclair.com.br/blog/14-09-lambda3-completa-12-anos-e-lanca-podcast-com-olhar-sobre-negocio/","https://mclair.com.br/blog-images/capa-padrao-og.png","4 filmes e séries sobre tecnologia para maratonar nas férias","","","lazy","sem width/height (risco de CLS)"
"https://mclair.com.br/blog/14-09-lambda3-completa-12-anos-e-lanca-podcast-com-olhar-sobre-negocio/","/logos/logo-negativo.png","Mclair","","32","","sem width/height (risco de CLS) | sem atributo loading"
"https://mclair.com.br/blog/14/","/logos/logo-color.png","Mclair","","","","sem width/height (risco de CLS) | sem atributo loading"
"https://mclair.com.br/blog/14/","/logos/logo-white-hd.png","Mclair","","","","sem width/height (risco de CLS) | sem atributo loading"
"https://mclair.com.br/blog/14/","/cases-img/claudia-elisa-1.webp","","","","eager","alt vazio (ok se decorativa) | sem width/height (risco de CLS)"
"https://mclair.com.br/blog/14/","/logos/logo-icone-M.png","Mclair","120","120","","sem atributo loading"
"https://mclair.com.br/blog/14/","https://mclair.com.br/blog-images/capa-padrao-og.png","4 características comuns em produtos na era da","","","lazy","sem width/height (risco de CLS)"
"https://mclair.com.br/blog/14/","https://mclair.com.br/blog-images/capa-padrao-og.png","A armadilha do déjà vu na gestão de um negócio","","","lazy","sem width/height (risco de CLS)"
"https://mclair.com.br/blog/14/","https://mclair.com.br/blog-images/capa-padrao-og.png","GPTW: Lambda3 está entre as melhores empresas do Brasil","","","lazy","sem width/height (risco de CLS)"
"https://mclair.com.br/blog/14/","https://mclair.com.br/blog-images/capa-padrao-og.png","""A Vida Bruta dos Animais do Céu"" participa do Cine Qua Non","","","lazy","sem width/height (risco de CLS)"
"https://mclair.com.br/blog/14/","https://mclair.com.br/blog-images/capa-padrao-og.png","Fintech mineira é a vencedora do Ranking 100 Open Startups","","","lazy","sem width/height (risco de CLS)"
"https://mclair.com.br/blog/14/","https://mclair.com.br/blog-images/capa-padrao-og.png","Case ""O Gambito da Rainha"": O que isso tem a ver com a sua marca?","","","lazy","sem width/height (risco de CLS)"
"https://mclair.com.br/blog/14/","https://mclair.com.br/blog-images/capa-padrao-og.png","3 dicas para equilibrar o controle e velocidade nas tomadas de decisão","","","lazy","sem width/height (risco de CLS)"
"https://mclair.com.br/blog/14/","https://mclair.com.br/blog-images/capa-padrao-og.png","Abrolhos Filmes cruza mesa e consolida-se como player no mercado audiovisual","","","lazy","sem width/height (risco de CLS)"
"https://mclair.com.br/blog/14/","https://mclair.com.br/blog-images/capa-padrao-og.png","Co-produção de marcas é alternativa aos incentivos públicos e patrocínio para entretenimento","","","lazy","sem width/height (risco de CLS)"
"https://mclair.com.br/blog/14/","https://mclair.com.br/blog-images/capa-padrao-og.png","Desapegue do retrovisor: Conselho Administrativo também precisa discutir futuro e inovação","","","lazy","sem width/height (risco de CLS)"
"https://mclair.com.br/blog/14/","https://mclair.com.br/blog-images/capa-padrao-og.png","Diversidade não basta: resultado também depende de abertura ao contraditório","","","lazy","sem width/height (risco de CLS)"
"https://mclair.com.br/blog/14/","https://mclair.com.br/blog-images/capa-padrao-og.png","Experiência do usuário se torna recurso imprescindível para vendas de Natal","","","lazy","sem width/height (risco de CLS)"
"https://mclair.com.br/blog/14/","https://mclair.com.br/blog-images/capa-padrao-og.png","Final de ano: Otimismo, Youtube e narrativas mais humanas como estratégia de marca","","","lazy","sem width/height (risco de CLS)"
"https://mclair.com.br/blog/14/","https://mclair.com.br/blog-images/capa-padrao-og.png","Canal Brasil exibe","","","lazy","sem width/height (risco de CLS)"
"https://mclair.com.br/blog/14/","https://mclair.com.br/blog-images/capa-padrao-og.png","Cinema é o elixir do novo marketing?","","","lazy","sem width/height (risco de CLS)"
"https://mclair.com.br/blog/14/","https://mclair.com.br/blog-images/capa-padrao-og.png","O que assistir depois de O Dilema das Redes","","","lazy","sem width/height (risco de CLS)"
"https://mclair.com.br/blog/14/","https://mclair.com.br/blog-images/capa-padrao-og.png","O que o novo mundo espera dos líderes do futuro?","","","lazy","sem width/height (risco de CLS)"
"https://mclair.com.br/blog/14/","https://mclair.com.br/blog-images/capa-padrao-og.png","""O Dilema da Redes"" reduz o protagonismo das pessoas","","","lazy","sem width/height (risco de CLS)"
"https://mclair.com.br/blog/14/","https://mclair.com.br/blog-images/capa-padrao-og.png","4 características comuns em produtos na era da","","","eager","sem width/height (risco de CLS)"
"https://mclair.com.br/blog/14/","https://mclair.com.br/blog-images/capa-padrao-og.png","A armadilha do déjà vu na gestão de um negócio","","","lazy","sem width/height (risco de CLS)"
"https://mclair.com.br/blog/14/","https://mclair.com.br/blog-images/capa-padrao-og.png","GPTW: Lambda3 está entre as melhores empresas do Brasil","","","lazy","sem width/height (risco de CLS)"
"https://mclair.com.br/blog/14/","https://mclair.com.br/blog-images/capa-padrao-og.png","""A Vida Bruta dos Animais do Céu"" participa do Cine Qua Non","","","lazy","sem width/height (risco de CLS)"
"https://mclair.com.br/blog/14/","https://mclair.com.br/blog-images/capa-padrao-og.png","Fintech mineira é a vencedora do Ranking 100 Open Startups","","","lazy","sem width/height (risco de CLS)"
"https://mclair.com.br/blog/14/","https://mclair.com.br/blog-images/capa-padrao-og.png","Case ""O Gambito da Rainha"": O que isso tem a ver com a sua marca?","","","lazy","sem width/height (risco de CLS)"
"https://mclair.com.br/blog/14/","https://mclair.com.br/blog-images/capa-padrao-og.png","3 dicas para equilibrar o controle e velocidade nas tomadas de decisão","","","lazy","sem width/height (risco de CLS)"
"https://mclair.com.br/blog/14/","https://mclair.com.br/blog-images/capa-padrao-og.png","Abrolhos Filmes cruza mesa e consolida-se como player no mercado audiovisual","","","lazy","sem width/height (risco de CLS)"
"https://mclair.com.br/blog/14/","https://mclair.com.br/blog-images/capa-padrao-og.png","Co-produção de marcas é alternativa aos incentivos públicos e patrocínio para entretenimento","","","lazy","sem width/height (risco de CLS)"
"https://mclair.com.br/blog/14/","https://mclair.com.br/blog-images/capa-padrao-og.png","Desapegue do retrovisor: Conselho Administrativo também precisa discutir futuro e inovação","","","lazy","sem width/height (risco de CLS)"
"https://mclair.com.br/blog/14/","https://mclair.com.br/blog-images/capa-padrao-og.png","Diversidade não basta: resultado também depende de abertura ao contraditório","","","lazy","sem width/height (risco de CLS)"
"https://mclair.com.br/blog/14/","https://mclair.com.br/blog-images/capa-padrao-og.png","Experiência do usuário se torna recurso imprescindível para vendas de Natal","","","lazy","sem width/height (risco de CLS)"
"https://mclair.com.br/blog/14/","https://mclair.com.br/blog-images/capa-padrao-og.png","Final de ano: Otimismo, Youtube e narrativas mais humanas como estratégia de marca","","","lazy","sem width/height (risco de CLS)"
"https://mclair.com.br/blog/14/","https://mclair.com.br/blog-images/capa-padrao-og.png","Canal Brasil exibe","","","lazy","sem width/height (risco de CLS)"
"https://mclair.com.br/blog/14/","https://mclair.com.br/blog-images/capa-padrao-og.png","Cinema é o elixir do novo marketing?","","","lazy","sem width/height (risco de CLS)"
"https://mclair.com.br/blog/14/","https://mclair.com.br/blog-images/capa-padrao-og.png","O que assistir depois de O Dilema das Redes","","","lazy","sem width/height (risco de CLS)"
"https://mclair.com.br/blog/14/","https://mclair.com.br/blog-images/capa-padrao-og.png","O que o novo mundo espera dos líderes do futuro?","","","lazy","sem width/height (risco de CLS)"
"https://mclair.com.br/blog/14/","https://mclair.com.br/blog-images/capa-padrao-og.png","""O Dilema da Redes"" reduz o protagonismo das pessoas","","","lazy","sem width/height (risco de CLS)"
"https://mclair.com.br/blog/14/","/logos/logo-negativo.png","Mclair","","32","","sem width/height (risco de CLS) | sem atributo loading"
"https://mclair.com.br/blog/15/","/logos/logo-color.png","Mclair","","","","sem width/height (risco de CLS) | sem atributo loading"
"https://mclair.com.br/blog/15/","/logos/logo-white-hd.png","Mclair","","","","sem width/height (risco de CLS) | sem atributo loading"
"https://mclair.com.br/blog/15/","/cases-img/claudia-elisa-1.webp","","","","eager","alt vazio (ok se decorativa) | sem width/height (risco de CLS)"
"https://mclair.com.br/blog/15/","/logos/logo-icone-M.png","Mclair","120","120","","sem atributo loading"
"https://mclair.com.br/blog/15/","https://mclair.com.br/blog-images/capa-padrao-og.png","O futuro do home-office e a realidade pós-pandemia","","","lazy","sem width/height (risco de CLS)"
"https://mclair.com.br/blog/15/","https://mclair.com.br/blog-images/capa-padrao-og.png","As ameaças e os benefícios do reconhecimento facial","","","lazy","sem width/height (risco de CLS)"
"https://mclair.com.br/blog/15/","https://mclair.com.br/blog-images/capa-padrao-og.png","Empresa de tecnologia adota home-office e cresce 40%","","","lazy","sem width/height (risco de CLS)"
"https://mclair.com.br/blog/15/","https://mclair.com.br/blog-images/capa-padrao-og.png","Data-driven video: Como aumentar seu awareness com dados","","","lazy","sem width/height (risco de CLS)"
"https://mclair.com.br/blog/15/","https://mclair.com.br/blog-images/capa-padrao-og.png","Desista do controle: uma boa gestão também se faz esperando","","","lazy","sem width/height (risco de CLS)"
"https://mclair.com.br/blog/15/","https://mclair.com.br/blog-images/capa-padrao-og.png","O elo entre os C-Levels e a tecnologia na retomada do varejo","","","lazy","sem width/height (risco de CLS)"
"https://mclair.com.br/blog/15/","https://mclair.com.br/blog-images/capa-padrao-og.png","Empatia e resiliência nas abordagens de marcas com consumidores","","","lazy","sem width/height (risco de CLS)"
"https://mclair.com.br/blog/15/","https://mclair.com.br/blog-images/capa-padrao-og.png","Você sabia que área de TI será uma das mais impactadas pela LGPD?","","","lazy","sem width/height (risco de CLS)"
"https://mclair.com.br/blog/15/","https://mclair.com.br/blog-images/capa-padrao-og.png","Desenvolvimento de software moldará o futuro das carreiras e empresas","","","lazy","sem width/height (risco de CLS)"
"https://mclair.com.br/blog/15/","https://mclair.com.br/blog-images/capa-padrao-og.png","Abrolhos participa de mercado italiano com ""A Vida Bruta dos Animais do Céu""","","","lazy","sem width/height (risco de CLS)"
"https://mclair.com.br/blog/15/","https://mclair.com.br/blog-images/capa-padrao-og.png","Liderando no novo mundo: quais os desafios das empresas no pós-Covid-19?","","","lazy","sem width/height (risco de CLS)"
"https://mclair.com.br/blog/15/","https://mclair.com.br/blog-images/capa-padrao-og.png","Transformação digital evidencia a importância de profissionais agilistas","","","lazy","sem width/height (risco de CLS)"
"https://mclair.com.br/blog/15/","https://mclair.com.br/blog-images/capa-padrao-og.png","COMUNICAÇÃO É PARTE FUNDAMENTAL PARA O SUCESSO DO NEGÓCIO","","","lazy","sem width/height (risco de CLS)"
"https://mclair.com.br/blog/15/","https://mclair.com.br/blog-images/capa-padrao-og.png","O futuro do home-office e a realidade pós-pandemia","","","eager","sem width/height (risco de CLS)"
"https://mclair.com.br/blog/15/","https://mclair.com.br/blog-images/capa-padrao-og.png","As ameaças e os benefícios do reconhecimento facial","","","lazy","sem width/height (risco de CLS)"
"https://mclair.com.br/blog/15/","https://mclair.com.br/blog-images/capa-padrao-og.png","Empresa de tecnologia adota home-office e cresce 40%","","","lazy","sem width/height (risco de CLS)"
"https://mclair.com.br/blog/15/","https://mclair.com.br/blog-images/capa-padrao-og.png","Data-driven video: Como aumentar seu awareness com dados","","","lazy","sem width/height (risco de CLS)"
"https://mclair.com.br/blog/15/","https://mclair.com.br/blog-images/capa-padrao-og.png","Desista do controle: uma boa gestão também se faz esperando","","","lazy","sem width/height (risco de CLS)"
"https://mclair.com.br/blog/15/","https://mclair.com.br/blog-images/capa-padrao-og.png","O elo entre os C-Levels e a tecnologia na retomada do varejo","","","lazy","sem width/height (risco de CLS)"
"https://mclair.com.br/blog/15/","https://mclair.com.br/blog-images/capa-padrao-og.png","Empatia e resiliência nas abordagens de marcas com consumidores","","","lazy","sem width/height (risco de CLS)"
"https://mclair.com.br/blog/15/","https://mclair.com.br/blog-images/capa-padrao-og.png","Você sabia que área de TI será uma das mais impactadas pela LGPD?","","","lazy","sem width/height (risco de CLS)"
"https://mclair.com.br/blog/15/","https://mclair.com.br/blog-images/capa-padrao-og.png","Desenvolvimento de software moldará o futuro das carreiras e empresas","","","lazy","sem width/height (risco de CLS)"
"https://mclair.com.br/blog/15/","https://mclair.com.br/blog-images/capa-padrao-og.png","Abrolhos participa de mercado italiano com ""A Vida Bruta dos Animais do Céu""","","","lazy","sem width/height (risco de CLS)"
"https://mclair.com.br/blog/15/","https://mclair.com.br/blog-images/capa-padrao-og.png","Liderando no novo mundo: quais os desafios das empresas no pós-Covid-19?","","","lazy","sem width/height (risco de CLS)"
"https://mclair.com.br/blog/15/","https://mclair.com.br/blog-images/capa-padrao-og.png","Transformação digital evidencia a importância de profissionais agilistas","","","lazy","sem width/height (risco de CLS)"
"https://mclair.com.br/blog/15/","https://mclair.com.br/blog-images/capa-padrao-og.png","COMUNICAÇÃO É PARTE FUNDAMENTAL PARA O SUCESSO DO NEGÓCIO","","","lazy","sem width/height (risco de CLS)"
"https://mclair.com.br/blog/15/","/logos/logo-negativo.png","Mclair","","32","","sem width/height (risco de CLS) | sem atributo loading"
"https://mclair.com.br/blog/54-das-empresas-que-passam-por-transformacao-digital-pretendem-aderir-/","/logos/logo-color.png","Mclair","","","","sem width/height (risco de CLS) | sem atributo loading"
"https://mclair.com.br/blog/54-das-empresas-que-passam-por-transformacao-digital-pretendem-aderir-/","/logos/logo-white-hd.png","Mclair","","","","sem width/height (risco de CLS) | sem atributo loading"
"https://mclair.com.br/blog/54-das-empresas-que-passam-por-transformacao-digital-pretendem-aderir-/","/cases-img/claudia-elisa-1.webp","","","","eager","alt vazio (ok se decorativa) | sem width/height (risco de CLS)"
"https://mclair.com.br/blog/54-das-empresas-que-passam-por-transformacao-digital-pretendem-aderir-/","/logos/logo-icone-M.png","Mclair","120","120","","sem atributo loading"
"https://mclair.com.br/blog/54-das-empresas-que-passam-por-transformacao-digital-pretendem-aderir-/","https://mclair.com.br/blog-images/capa-padrao-og.png","","","","","alt vazio (ok se decorativa) | sem width/height (risco de CLS) | sem atributo loading"
"https://mclair.com.br/blog/54-das-empresas-que-passam-por-transformacao-digital-pretendem-aderir-/","https://mclair.com.br/blog-images/capa-padrao-og.png","Itaú Unibanco incorpora startup Emergee, especializada em métodos para agilidade nos negócios","","","lazy","sem width/height (risco de CLS)"
"https://mclair.com.br/blog/54-das-empresas-que-passam-por-transformacao-digital-pretendem-aderir-/","https://mclair.com.br/blog-images/capa-padrao-og.png","Emergee e TIVIT lançam o programa ""Agility Drops""","","","lazy","sem width/height (risco de CLS)"
"https://mclair.com.br/blog/54-das-empresas-que-passam-por-transformacao-digital-pretendem-aderir-/","https://mclair.com.br/blog-images/capa-padrao-og.png","Ian Macdonald é o novo diretor-executivo da Emergee","","","lazy","sem width/height (risco de CLS)"
"https://mclair.com.br/blog/54-das-empresas-que-passam-por-transformacao-digital-pretendem-aderir-/","/logos/logo-negativo.png","Mclair","","32","","sem width/height (risco de CLS) | sem atributo loading"
"https://mclair.com.br/blog/a-armadilha-do-deja-vu-na-gestao-de-um-negocio/","/logos/logo-color.png","Mclair","","","","sem width/height (risco de CLS) | sem atributo loading"
"https://mclair.com.br/blog/a-armadilha-do-deja-vu-na-gestao-de-um-negocio/","/logos/logo-white-hd.png","Mclair","","","","sem width/height (risco de CLS) | sem atributo loading"
"https://mclair.com.br/blog/a-armadilha-do-deja-vu-na-gestao-de-um-negocio/","/cases-img/claudia-elisa-1.webp","","","","eager","alt vazio (ok se decorativa) | sem width/height (risco de CLS)"
"https://mclair.com.br/blog/a-armadilha-do-deja-vu-na-gestao-de-um-negocio/","/logos/logo-icone-M.png","Mclair","120","120","","sem atributo loading"
"https://mclair.com.br/blog/a-armadilha-do-deja-vu-na-gestao-de-um-negocio/","https://mclair.com.br/blog-images/capa-padrao-og.png","","","","","alt vazio (ok se decorativa) | sem width/height (risco de CLS) | sem atributo loading"
"https://mclair.com.br/blog/a-armadilha-do-deja-vu-na-gestao-de-um-negocio/","https://mclair.com.br/blog-images/capa-padrao-og.png","Os desafios e mitos sobre a transição energética","","","lazy","sem width/height (risco de CLS)"
"https://mclair.com.br/blog/a-armadilha-do-deja-vu-na-gestao-de-um-negocio/","https://mclair.com.br/blog-images/capa-padrao-og.png","RH e o futuro do trabalho: quais as tendências para os próximos 10 anos?","","","lazy","sem width/height (risco de CLS)"
"https://mclair.com.br/blog/a-armadilha-do-deja-vu-na-gestao-de-um-negocio/","https://mclair.com.br/blog-images/capa-padrao-og.png","O","","","lazy","sem width/height (risco de CLS)"
"https://mclair.com.br/blog/a-armadilha-do-deja-vu-na-gestao-de-um-negocio/","/logos/logo-negativo.png","Mclair","","32","","sem width/height (risco de CLS) | sem atributo loading"
"https://mclair.com.br/blog/a-arte-de-transformar-metas-em-realidade/","/logos/logo-color.png","Mclair","","","","sem width/height (risco de CLS) | sem atributo loading"
"https://mclair.com.br/blog/a-arte-de-transformar-metas-em-realidade/","/logos/logo-white-hd.png","Mclair","","","","sem width/height (risco de CLS) | sem atributo loading"
"https://mclair.com.br/blog/a-arte-de-transformar-metas-em-realidade/","/cases-img/claudia-elisa-1.webp","","","","eager","alt vazio (ok se decorativa) | sem width/height (risco de CLS)"
"https://mclair.com.br/blog/a-arte-de-transformar-metas-em-realidade/","/logos/logo-icone-M.png","Mclair","120","120","","sem atributo loading"
"https://mclair.com.br/blog/a-arte-de-transformar-metas-em-realidade/","https://mclair.com.br/blog-images/capa-padrao-og.png","","","","","alt vazio (ok se decorativa) | sem width/height (risco de CLS) | sem atributo loading"
"https://mclair.com.br/blog/a-arte-de-transformar-metas-em-realidade/","https://files.pressmanager.net/clientes/d4f4d624efad0b11b5c71668be0c65c3/imagens/2019/12/19/9a7a4c8f64af8d0ea13686a8641f351f_medium.jpg","","","","","alt vazio (ok se decorativa) | sem width/height (risco de CLS) | sem atributo loading"
"https://mclair.com.br/blog/a-arte-de-transformar-metas-em-realidade/","https://mclair.com.br/blog-images/capa-padrao-og.png","Lambda3 abre 28 vagas para desenvolvedores","","","lazy","sem width/height (risco de CLS)"
"https://mclair.com.br/blog/a-arte-de-transformar-metas-em-realidade/","https://mclair.com.br/blog-images/capa-padrao-og.png","O lado B da produtividade em trabalho remoto","","","lazy","sem width/height (risco de CLS)"
"https://mclair.com.br/blog/a-arte-de-transformar-metas-em-realidade/","https://mclair.com.br/blog-images/capa-padrao-og.png","Perspectivas 2020 para o varejo farmacêutico","","","lazy","sem width/height (risco de CLS)"
"https://mclair.com.br/blog/a-arte-de-transformar-metas-em-realidade/","/logos/logo-negativo.png","Mclair","","32","","sem width/height (risco de CLS) | sem atributo loading"
"https://mclair.com.br/blog/a-complexa-relacao-entre-a-tecnologia-e-as-viagens-pos-pandemia/","/logos/logo-color.png","Mclair","","","","sem width/height (risco de CLS) | sem atributo loading"
"https://mclair.com.br/blog/a-complexa-relacao-entre-a-tecnologia-e-as-viagens-pos-pandemia/","/logos/logo-white-hd.png","Mclair","","","","sem width/height (risco de CLS) | sem atributo loading"
"https://mclair.com.br/blog/a-complexa-relacao-entre-a-tecnologia-e-as-viagens-pos-pandemia/","/cases-img/claudia-elisa-1.webp","","","","eager","alt vazio (ok se decorativa) | sem width/height (risco de CLS)"
"https://mclair.com.br/blog/a-complexa-relacao-entre-a-tecnologia-e-as-viagens-pos-pandemia/","/logos/logo-icone-M.png","Mclair","120","120","","sem atributo loading"
"https://mclair.com.br/blog/a-complexa-relacao-entre-a-tecnologia-e-as-viagens-pos-pandemia/","https://mclair.com.br/blog-images/capa-padrao-og.png","","","","","alt vazio (ok se decorativa) | sem width/height (risco de CLS) | sem atributo loading"
"https://mclair.com.br/blog/a-complexa-relacao-entre-a-tecnologia-e-as-viagens-pos-pandemia/","https://mclair.com.br/blog-images/capa-padrao-og.png","Momentos de crise exigem lideranças inteligentes","","","lazy","sem width/height (risco de CLS)"
"https://mclair.com.br/blog/a-complexa-relacao-entre-a-tecnologia-e-as-viagens-pos-pandemia/","https://mclair.com.br/blog-images/capa-padrao-og.png","Os parâmetros para produtividade foram redefinidos","","","lazy","sem width/height (risco de CLS)"
"https://mclair.com.br/blog/a-complexa-relacao-entre-a-tecnologia-e-as-viagens-pos-pandemia/","https://mclair.com.br/blog-images/capa-padrao-og.png","Computadores não vencem humanos em debates... Por enquanto!","","","lazy","sem width/height (risco de CLS)"
"https://mclair.com.br/blog/a-complexa-relacao-entre-a-tecnologia-e-as-viagens-pos-pandemia/","/logos/logo-negativo.png","Mclair","","32","","sem width/height (risco de CLS) | sem atributo loading"
"https://mclair.com.br/blog/a-complexidade-e-a-co-dependencia-entre-humanos-e-tecnologias/","/logos/logo-color.png","Mclair","","","","sem width/height (risco de CLS) | sem atributo loading"
"https://mclair.com.br/blog/a-complexidade-e-a-co-dependencia-entre-humanos-e-tecnologias/","/logos/logo-white-hd.png","Mclair","","","","sem width/height (risco de CLS) | sem atributo loading"
"https://mclair.com.br/blog/a-complexidade-e-a-co-dependencia-entre-humanos-e-tecnologias/","/cases-img/claudia-elisa-1.webp","","","","eager","alt vazio (ok se decorativa) | sem width/height (risco de CLS)"
"https://mclair.com.br/blog/a-complexidade-e-a-co-dependencia-entre-humanos-e-tecnologias/","/logos/logo-icone-M.png","Mclair","120","120","","sem atributo loading"
"https://mclair.com.br/blog/a-complexidade-e-a-co-dependencia-entre-humanos-e-tecnologias/","https://mclair.com.br/blog-images/capa-padrao-og.png","","","","","alt vazio (ok se decorativa) | sem width/height (risco de CLS) | sem atributo loading"
"https://mclair.com.br/blog/a-complexidade-e-a-co-dependencia-entre-humanos-e-tecnologias/","https://mclair.com.br/blog-images/capa-padrao-og.png","A arte de transformar metas em realidade","","","lazy","sem width/height (risco de CLS)"
"https://mclair.com.br/blog/a-complexidade-e-a-co-dependencia-entre-humanos-e-tecnologias/","https://mclair.com.br/blog-images/capa-padrao-og.png","Lambda3 abre 28 vagas para desenvolvedores","","","lazy","sem width/height (risco de CLS)"
"https://mclair.com.br/blog/a-complexidade-e-a-co-dependencia-entre-humanos-e-tecnologias/","https://mclair.com.br/blog-images/capa-padrao-og.png","O lado B da produtividade em trabalho remoto","","","lazy","sem width/height (risco de CLS)"
"https://mclair.com.br/blog/a-complexidade-e-a-co-dependencia-entre-humanos-e-tecnologias/","/logos/logo-negativo.png","Mclair","","32","","sem width/height (risco de CLS) | sem atributo loading"
"https://mclair.com.br/blog/a-era-da-automacao-e-os-impactos-para-os-negocios-e-consumidores/","/logos/logo-color.png","Mclair","","","","sem width/height (risco de CLS) | sem atributo loading"
"https://mclair.com.br/blog/a-era-da-automacao-e-os-impactos-para-os-negocios-e-consumidores/","/logos/logo-white-hd.png","Mclair","","","","sem width/height (risco de CLS) | sem atributo loading"
"https://mclair.com.br/blog/a-era-da-automacao-e-os-impactos-para-os-negocios-e-consumidores/","/cases-img/claudia-elisa-1.webp","","","","eager","alt vazio (ok se decorativa) | sem width/height (risco de CLS)"
"https://mclair.com.br/blog/a-era-da-automacao-e-os-impactos-para-os-negocios-e-consumidores/","/logos/logo-icone-M.png","Mclair","120","120","","sem atributo loading"
"https://mclair.com.br/blog/a-era-da-automacao-e-os-impactos-para-os-negocios-e-consumidores/","https://mclair.com.br/blog-images/capa-padrao-og.png","","","","","alt vazio (ok se decorativa) | sem width/height (risco de CLS) | sem atributo loading"
"https://mclair.com.br/blog/a-era-da-automacao-e-os-impactos-para-os-negocios-e-consumidores/","https://mclair.com.br/blog-images/capa-padrao-og.png","Quem está por trás da automação?","","","lazy","sem width/height (risco de CLS)"
"https://mclair.com.br/blog/a-era-da-automacao-e-os-impactos-para-os-negocios-e-consumidores/","https://mclair.com.br/blog-images/capa-padrao-og.png","O papel de entidades públicas para as Cidades Inteligentes","","","lazy","sem width/height (risco de CLS)"
"https://mclair.com.br/blog/a-era-da-automacao-e-os-impactos-para-os-negocios-e-consumidores/","https://mclair.com.br/blog-images/capa-padrao-og.png","Inteligência Artificial: consenso é a chave para um mundo robotizado","","","lazy","sem width/height (risco de CLS)"
"https://mclair.com.br/blog/a-era-da-automacao-e-os-impactos-para-os-negocios-e-consumidores/","/logos/logo-negativo.png","Mclair","","32","","sem width/height (risco de CLS) | sem atributo loading"
"https://mclair.com.br/blog/a-experiencia-o-marketing-digital-e-os-festivais-de-musica/","/logos/logo-color.png","Mclair","","","","sem width/height (risco de CLS) | sem atributo loading"
"https://mclair.com.br/blog/a-experiencia-o-marketing-digital-e-os-festivais-de-musica/","/logos/logo-white-hd.png","Mclair","","","","sem width/height (risco de CLS) | sem atributo loading"
"https://mclair.com.br/blog/a-experiencia-o-marketing-digital-e-os-festivais-de-musica/","/cases-img/claudia-elisa-1.webp","","","","eager","alt vazio (ok se decorativa) | sem width/height (risco de CLS)"
"https://mclair.com.br/blog/a-experiencia-o-marketing-digital-e-os-festivais-de-musica/","/logos/logo-icone-M.png","Mclair","120","120","","sem atributo loading"
"https://mclair.com.br/blog/a-experiencia-o-marketing-digital-e-os-festivais-de-musica/","https://mclair.com.br/blog-images/capa-padrao-og.png","","","","","alt vazio (ok se decorativa) | sem width/height (risco de CLS) | sem atributo loading"
"https://mclair.com.br/blog/a-experiencia-o-marketing-digital-e-os-festivais-de-musica/","https://mclair.com.br/blog-images/capa-padrao-og.png","Cubo Comunicação anuncia rebranding e plano de expansão para a Europa","","","lazy","sem width/height (risco de CLS)"
"https://mclair.com.br/blog/a-experiencia-o-marketing-digital-e-os-festivais-de-musica/","https://mclair.com.br/blog-images/capa-padrao-og.png","BBB: a guerra de ADMs e o sucesso nas redes sociais","","","lazy","sem width/height (risco de CLS)"
"https://mclair.com.br/blog/a-experiencia-o-marketing-digital-e-os-festivais-de-musica/","https://mclair.com.br/blog-images/capa-padrao-og.png","Insatisfeita, Geração Z não quer trabalhar mais do mesmo jeito","","","lazy","sem width/height (risco de CLS)"
"https://mclair.com.br/blog/a-experiencia-o-marketing-digital-e-os-festivais-de-musica/","/logos/logo-negativo.png","Mclair","","32","","sem width/height (risco de CLS) | sem atributo loading"
"https://mclair.com.br/blog/a-importancia-dos-3-c-s-para-a-implementacao-do-esg-nas-organizacoes/","/logos/logo-color.png","Mclair","","","","sem width/height (risco de CLS) | sem atributo loading"
"https://mclair.com.br/blog/a-importancia-dos-3-c-s-para-a-implementacao-do-esg-nas-organizacoes/","/logos/logo-white-hd.png","Mclair","","","","sem width/height (risco de CLS) | sem atributo loading"
"https://mclair.com.br/blog/a-importancia-dos-3-c-s-para-a-implementacao-do-esg-nas-organizacoes/","/cases-img/claudia-elisa-1.webp","","","","eager","alt vazio (ok se decorativa) | sem width/height (risco de CLS)"
"https://mclair.com.br/blog/a-importancia-dos-3-c-s-para-a-implementacao-do-esg-nas-organizacoes/","/logos/logo-icone-M.png","Mclair","120","120","","sem atributo loading"
"https://mclair.com.br/blog/a-importancia-dos-3-c-s-para-a-implementacao-do-esg-nas-organizacoes/","https://mclair.com.br/blog-images/capa-padrao-og.png","","","","","alt vazio (ok se decorativa) | sem width/height (risco de CLS) | sem atributo loading"
"https://mclair.com.br/blog/a-importancia-dos-3-c-s-para-a-implementacao-do-esg-nas-organizacoes/","https://mclair.com.br/blog-images/capa-padrao-og.png","Os desafios e mitos sobre a transição energética","","","lazy","sem width/height (risco de CLS)"
"https://mclair.com.br/blog/a-importancia-dos-3-c-s-para-a-implementacao-do-esg-nas-organizacoes/","https://mclair.com.br/blog-images/capa-padrao-og.png","RH e o futuro do trabalho: quais as tendências para os próximos 10 anos?","","","lazy","sem width/height (risco de CLS)"
"https://mclair.com.br/blog/a-importancia-dos-3-c-s-para-a-implementacao-do-esg-nas-organizacoes/","https://mclair.com.br/blog-images/capa-padrao-og.png","O","","","lazy","sem width/height (risco de CLS)"
"https://mclair.com.br/blog/a-importancia-dos-3-c-s-para-a-implementacao-do-esg-nas-organizacoes/","/logos/logo-negativo.png","Mclair","","32","","sem width/height (risco de CLS) | sem atributo loading"
"https://mclair.com.br/blog/a-maternidade-e-os-desafios-para-a-carreira-da-mulher/","/logos/logo-color.png","Mclair","","","","sem width/height (risco de CLS) | sem atributo loading"
"https://mclair.com.br/blog/a-maternidade-e-os-desafios-para-a-carreira-da-mulher/","/logos/logo-white-hd.png","Mclair","","","","sem width/height (risco de CLS) | sem atributo loading"
"https://mclair.com.br/blog/a-maternidade-e-os-desafios-para-a-carreira-da-mulher/","/cases-img/claudia-elisa-1.webp","","","","eager","alt vazio (ok se decorativa) | sem width/height (risco de CLS)"
"https://mclair.com.br/blog/a-maternidade-e-os-desafios-para-a-carreira-da-mulher/","/logos/logo-icone-M.png","Mclair","120","120","","sem atributo loading"
"https://mclair.com.br/blog/a-maternidade-e-os-desafios-para-a-carreira-da-mulher/","/uploads/recovered-a-maternidade-e-os-desafios-para-a-carreira-da-mulher.jpg","","","","","alt vazio (ok se decorativa) | sem width/height (risco de CLS) | sem atributo loading"
"https://mclair.com.br/blog/a-maternidade-e-os-desafios-para-a-carreira-da-mulher/","https://mclair.com.br/blog-images/capa-padrao-og.png","Como entender melhor e liderar a Geração Z?","","","lazy","sem width/height (risco de CLS)"
"https://mclair.com.br/blog/a-maternidade-e-os-desafios-para-a-carreira-da-mulher/","https://mclair.com.br/blog-images/capa-padrao-og.png","Por que a segurança psicológica de colaboradores é fundamental para as organizações","","","lazy","sem width/height (risco de CLS)"
"https://mclair.com.br/blog/a-maternidade-e-os-desafios-para-a-carreira-da-mulher/","https://mclair.com.br/blog-images/capa-padrao-og.png","Pós-Licença: a realidade e rotina de uma mãe na volta ao trabalho","","","lazy","sem width/height (risco de CLS)"
"https://mclair.com.br/blog/a-maternidade-e-os-desafios-para-a-carreira-da-mulher/","/logos/logo-negativo.png","Mclair","","32","","sem width/height (risco de CLS) | sem atributo loading"
"https://mclair.com.br/blog/a-quem-interessa-a-desigualdade-social/","/logos/logo-color.png","Mclair","","","","sem width/height (risco de CLS) | sem atributo loading"
"https://mclair.com.br/blog/a-quem-interessa-a-desigualdade-social/","/logos/logo-white-hd.png","Mclair","","","","sem width/height (risco de CLS) | sem atributo loading"
"https://mclair.com.br/blog/a-quem-interessa-a-desigualdade-social/","/cases-img/claudia-elisa-1.webp","","","","eager","alt vazio (ok se decorativa) | sem width/height (risco de CLS)"
"https://mclair.com.br/blog/a-quem-interessa-a-desigualdade-social/","/logos/logo-icone-M.png","Mclair","120","120","","sem atributo loading"
"https://mclair.com.br/blog/a-quem-interessa-a-desigualdade-social/","https://mclair.com.br/blog-images/capa-padrao-og.png","","","","","alt vazio (ok se decorativa) | sem width/height (risco de CLS) | sem atributo loading"
"https://mclair.com.br/blog/a-quem-interessa-a-desigualdade-social/","https://mclair.com.br/blog-images/capa-padrao-og.png","Os desafios e mitos sobre a transição energética","","","lazy","sem width/height (risco de CLS)"
"https://mclair.com.br/blog/a-quem-interessa-a-desigualdade-social/","https://mclair.com.br/blog-images/capa-padrao-og.png","RH e o futuro do trabalho: quais as tendências para os próximos 10 anos?","","","lazy","sem width/height (risco de CLS)"
"https://mclair.com.br/blog/a-quem-interessa-a-desigualdade-social/","https://mclair.com.br/blog-images/capa-padrao-og.png","O","","","lazy","sem width/height (risco de CLS)"
"https://mclair.com.br/blog/a-quem-interessa-a-desigualdade-social/","/logos/logo-negativo.png","Mclair","","32","","sem width/height (risco de CLS) | sem atributo loading"
"https://mclair.com.br/blog/a-relevancia-dos-dados-e-algoritmos-para-as-pessoas-e-negocios/","/logos/logo-color.png","Mclair","","","","sem width/height (risco de CLS) | sem atributo loading"
"https://mclair.com.br/blog/a-relevancia-dos-dados-e-algoritmos-para-as-pessoas-e-negocios/","/logos/logo-white-hd.png","Mclair","","","","sem width/height (risco de CLS) | sem atributo loading"
"https://mclair.com.br/blog/a-relevancia-dos-dados-e-algoritmos-para-as-pessoas-e-negocios/","/cases-img/claudia-elisa-1.webp","","","","eager","alt vazio (ok se decorativa) | sem width/height (risco de CLS)"
"https://mclair.com.br/blog/a-relevancia-dos-dados-e-algoritmos-para-as-pessoas-e-negocios/","/logos/logo-icone-M.png","Mclair","120","120","","sem atributo loading"
"https://mclair.com.br/blog/a-relevancia-dos-dados-e-algoritmos-para-as-pessoas-e-negocios/","https://mclair.com.br/blog-images/capa-padrao-og.png","","","","","alt vazio (ok se decorativa) | sem width/height (risco de CLS) | sem atributo loading"
"https://mclair.com.br/blog/a-relevancia-dos-dados-e-algoritmos-para-as-pessoas-e-negocios/","https://mclair.com.br/blog-images/capa-padrao-og.png","LGPD, desafios e a responsabilidade das empresas na Black Friday","","","lazy","sem width/height (risco de CLS)"
"https://mclair.com.br/blog/a-relevancia-dos-dados-e-algoritmos-para-as-pessoas-e-negocios/","https://mclair.com.br/blog-images/capa-padrao-og.png","A arte de transformar metas em realidade","","","lazy","sem width/height (risco de CLS)"
"https://mclair.com.br/blog/a-relevancia-dos-dados-e-algoritmos-para-as-pessoas-e-negocios/","https://mclair.com.br/blog-images/capa-padrao-og.png","Lambda3 abre 28 vagas para desenvolvedores","","","lazy","sem width/height (risco de CLS)"
"https://mclair.com.br/blog/a-relevancia-dos-dados-e-algoritmos-para-as-pessoas-e-negocios/","/logos/logo-negativo.png","Mclair","","32","","sem width/height (risco de CLS) | sem atributo loading"
"https://mclair.com.br/blog/a-tal-primeira-vez/","/logos/logo-color.png","Mclair","","","","sem width/height (risco de CLS) | sem atributo loading"
"https://mclair.com.br/blog/a-tal-primeira-vez/","/logos/logo-white-hd.png","Mclair","","","","sem width/height (risco de CLS) | sem atributo loading"
"https://mclair.com.br/blog/a-tal-primeira-vez/","/cases-img/claudia-elisa-1.webp","","","","eager","alt vazio (ok se decorativa) | sem width/height (risco de CLS)"
"https://mclair.com.br/blog/a-tal-primeira-vez/","/logos/logo-icone-M.png","Mclair","120","120","","sem atributo loading"
"https://mclair.com.br/blog/a-tal-primeira-vez/","https://mclair.com.br/blog-images/capa-padrao-og.png","","","","","alt vazio (ok se decorativa) | sem width/height (risco de CLS) | sem atributo loading"
"https://mclair.com.br/blog/a-tal-primeira-vez/","https://mclair.com.br/blog-images/capa-padrao-og.png","Os desafios e mitos sobre a transição energética","","","lazy","sem width/height (risco de CLS)"
"https://mclair.com.br/blog/a-tal-primeira-vez/","https://mclair.com.br/blog-images/capa-padrao-og.png","RH e o futuro do trabalho: quais as tendências para os próximos 10 anos?","","","lazy","sem width/height (risco de CLS)"
"https://mclair.com.br/blog/a-tal-primeira-vez/","https://mclair.com.br/blog-images/capa-padrao-og.png","O","","","lazy","sem width/height (risco de CLS)"
"https://mclair.com.br/blog/a-tal-primeira-vez/","/logos/logo-negativo.png","Mclair","","32","","sem width/height (risco de CLS) | sem atributo loading"
"https://mclair.com.br/blog/a-transformacao-digital-comeca-na-cultura-empresarial/","/logos/logo-color.png","Mclair","","","","sem width/height (risco de CLS) | sem atributo loading"
"https://mclair.com.br/blog/a-transformacao-digital-comeca-na-cultura-empresarial/","/logos/logo-white-hd.png","Mclair","","","","sem width/height (risco de CLS) | sem atributo loading"
"https://mclair.com.br/blog/a-transformacao-digital-comeca-na-cultura-empresarial/","/cases-img/claudia-elisa-1.webp","","","","eager","alt vazio (ok se decorativa) | sem width/height (risco de CLS)"
"https://mclair.com.br/blog/a-transformacao-digital-comeca-na-cultura-empresarial/","/logos/logo-icone-M.png","Mclair","120","120","","sem atributo loading"
"https://mclair.com.br/blog/a-transformacao-digital-comeca-na-cultura-empresarial/","https://mclair.com.br/blog-images/capa-padrao-og.png","","","","","alt vazio (ok se decorativa) | sem width/height (risco de CLS) | sem atributo loading"
"https://mclair.com.br/blog/a-transformacao-digital-comeca-na-cultura-empresarial/","https://mclair.com.br/blog-images/capa-padrao-og.png","A arte de transformar metas em realidade","","","lazy","sem width/height (risco de CLS)"
"https://mclair.com.br/blog/a-transformacao-digital-comeca-na-cultura-empresarial/","https://mclair.com.br/blog-images/capa-padrao-og.png","Lambda3 abre 28 vagas para desenvolvedores","","","lazy","sem width/height (risco de CLS)"
"https://mclair.com.br/blog/a-transformacao-digital-comeca-na-cultura-empresarial/","https://mclair.com.br/blog-images/capa-padrao-og.png","O lado B da produtividade em trabalho remoto","","","lazy","sem width/height (risco de CLS)"
"https://mclair.com.br/blog/a-transformacao-digital-comeca-na-cultura-empresarial/","/logos/logo-negativo.png","Mclair","","32","","sem width/height (risco de CLS) | sem atributo loading"
"https://mclair.com.br/blog/a-vida-bruta-dos-animais-do-ceu-participa-do-cine-qua-non/","/logos/logo-color.png","Mclair","","","","sem width/height (risco de CLS) | sem atributo loading"
"https://mclair.com.br/blog/a-vida-bruta-dos-animais-do-ceu-participa-do-cine-qua-non/","/logos/logo-white-hd.png","Mclair","","","","sem width/height (risco de CLS) | sem atributo loading"
"https://mclair.com.br/blog/a-vida-bruta-dos-animais-do-ceu-participa-do-cine-qua-non/","/cases-img/claudia-elisa-1.webp","","","","eager","alt vazio (ok se decorativa) | sem width/height (risco de CLS)"
"https://mclair.com.br/blog/a-vida-bruta-dos-animais-do-ceu-participa-do-cine-qua-non/","/logos/logo-icone-M.png","Mclair","120","120","","sem atributo loading"
"https://mclair.com.br/blog/a-vida-bruta-dos-animais-do-ceu-participa-do-cine-qua-non/","https://mclair.com.br/blog-images/capa-padrao-og.png","","","","","alt vazio (ok se decorativa) | sem width/height (risco de CLS) | sem atributo loading"
"https://mclair.com.br/blog/a-vida-bruta-dos-animais-do-ceu-participa-do-cine-qua-non/","https://mclair.com.br/blog-images/capa-padrao-og.png","Abrolhos Filmes lança vídeo manifesto para reforçar posicionamento","","","lazy","sem width/height (risco de CLS)"
"https://mclair.com.br/blog/a-vida-bruta-dos-animais-do-ceu-participa-do-cine-qua-non/","https://mclair.com.br/blog-images/capa-padrao-og.png","Cotas para streaming na França realça atraso do Brasil na regulamentação de VoD","","","lazy","sem width/height (risco de CLS)"
"https://mclair.com.br/blog/a-vida-bruta-dos-animais-do-ceu-participa-do-cine-qua-non/","https://mclair.com.br/blog-images/capa-padrao-og.png","Pirataria sai do controle com streaming e isolamento social","","","lazy","sem width/height (risco de CLS)"
"https://mclair.com.br/blog/a-vida-bruta-dos-animais-do-ceu-participa-do-cine-qua-non/","/logos/logo-negativo.png","Mclair","","32","","sem width/height (risco de CLS) | sem atributo loading"
"https://mclair.com.br/blog/abrolhos-filmes-cruza-mesa-e-consolida-se-como-player-no-mercado-audio/","/logos/logo-color.png","Mclair","","","","sem width/height (risco de CLS) | sem atributo loading"
"https://mclair.com.br/blog/abrolhos-filmes-cruza-mesa-e-consolida-se-como-player-no-mercado-audio/","/logos/logo-white-hd.png","Mclair","","","","sem width/height (risco de CLS) | sem atributo loading"
"https://mclair.com.br/blog/abrolhos-filmes-cruza-mesa-e-consolida-se-como-player-no-mercado-audio/","/cases-img/claudia-elisa-1.webp","","","","eager","alt vazio (ok se decorativa) | sem width/height (risco de CLS)"
"https://mclair.com.br/blog/abrolhos-filmes-cruza-mesa-e-consolida-se-como-player-no-mercado-audio/","/logos/logo-icone-M.png","Mclair","120","120","","sem atributo loading"
"https://mclair.com.br/blog/abrolhos-filmes-cruza-mesa-e-consolida-se-como-player-no-mercado-audio/","https://mclair.com.br/blog-images/capa-padrao-og.png","","","","","alt vazio (ok se decorativa) | sem width/height (risco de CLS) | sem atributo loading"
"https://mclair.com.br/blog/abrolhos-filmes-cruza-mesa-e-consolida-se-como-player-no-mercado-audio/","https://mclair.com.br/blog-images/capa-padrao-og.png","Abrolhos Filmes lança vídeo manifesto para reforçar posicionamento","","","lazy","sem width/height (risco de CLS)"
"https://mclair.com.br/blog/abrolhos-filmes-cruza-mesa-e-consolida-se-como-player-no-mercado-audio/","https://mclair.com.br/blog-images/capa-padrao-og.png","Cotas para streaming na França realça atraso do Brasil na regulamentação de VoD","","","lazy","sem width/height (risco de CLS)"
"https://mclair.com.br/blog/abrolhos-filmes-cruza-mesa-e-consolida-se-como-player-no-mercado-audio/","https://mclair.com.br/blog-images/capa-padrao-og.png","Pirataria sai do controle com streaming e isolamento social","","","lazy","sem width/height (risco de CLS)"
"https://mclair.com.br/blog/abrolhos-filmes-cruza-mesa-e-consolida-se-como-player-no-mercado-audio/","/logos/logo-negativo.png","Mclair","","32","","sem width/height (risco de CLS) | sem atributo loading"
"https://mclair.com.br/blog/abrolhos-filmes-indica-15-producoes-de-2020/","/logos/logo-color.png","Mclair","","","","sem width/height (risco de CLS) | sem atributo loading"
"https://mclair.com.br/blog/abrolhos-filmes-indica-15-producoes-de-2020/","/logos/logo-white-hd.png","Mclair","","","","sem width/height (risco de CLS) | sem atributo loading"
"https://mclair.com.br/blog/abrolhos-filmes-indica-15-producoes-de-2020/","/cases-img/claudia-elisa-1.webp","","","","eager","alt vazio (ok se decorativa) | sem width/height (risco de CLS)"
"https://mclair.com.br/blog/abrolhos-filmes-indica-15-producoes-de-2020/","/logos/logo-icone-M.png","Mclair","120","120","","sem atributo loading"
"https://mclair.com.br/blog/abrolhos-filmes-indica-15-producoes-de-2020/","https://mclair.com.br/blog-images/capa-padrao-og.png","","","","","alt vazio (ok se decorativa) | sem width/height (risco de CLS) | sem atributo loading"
"https://mclair.com.br/blog/abrolhos-filmes-indica-15-producoes-de-2020/","https://mclair.com.br/blog-images/capa-padrao-og.png","Abrolhos Filmes lança vídeo manifesto para reforçar posicionamento","","","lazy","sem width/height (risco de CLS)"
"https://mclair.com.br/blog/abrolhos-filmes-indica-15-producoes-de-2020/","https://mclair.com.br/blog-images/capa-padrao-og.png","Cotas para streaming na França realça atraso do Brasil na regulamentação de VoD","","","lazy","sem width/height (risco de CLS)"
"https://mclair.com.br/blog/abrolhos-filmes-indica-15-producoes-de-2020/","https://mclair.com.br/blog-images/capa-padrao-og.png","Pirataria sai do controle com streaming e isolamento social","","","lazy","sem width/height (risco de CLS)"
"https://mclair.com.br/blog/abrolhos-filmes-indica-15-producoes-de-2020/","/logos/logo-negativo.png","Mclair","","32","","sem width/height (risco de CLS) | sem atributo loading"
"https://mclair.com.br/blog/abrolhos-filmes-lanca-video-manifesto-para-reforcar-posicionamento/","/logos/logo-color.png","Mclair","","","","sem width/height (risco de CLS) | sem atributo loading"
"https://mclair.com.br/blog/abrolhos-filmes-lanca-video-manifesto-para-reforcar-posicionamento/","/logos/logo-white-hd.png","Mclair","","","","sem width/height (risco de CLS) | sem atributo loading"
"https://mclair.com.br/blog/abrolhos-filmes-lanca-video-manifesto-para-reforcar-posicionamento/","/cases-img/claudia-elisa-1.webp","","","","eager","alt vazio (ok se decorativa) | sem width/height (risco de CLS)"
"https://mclair.com.br/blog/abrolhos-filmes-lanca-video-manifesto-para-reforcar-posicionamento/","/logos/logo-icone-M.png","Mclair","120","120","","sem atributo loading"
"https://mclair.com.br/blog/abrolhos-filmes-lanca-video-manifesto-para-reforcar-posicionamento/","https://mclair.com.br/blog-images/capa-padrao-og.png","","","","","alt vazio (ok se decorativa) | sem width/height (risco de CLS) | sem atributo loading"
"https://mclair.com.br/blog/abrolhos-filmes-lanca-video-manifesto-para-reforcar-posicionamento/","https://mclair.com.br/blog-images/capa-padrao-og.png","Cotas para streaming na França realça atraso do Brasil na regulamentação de VoD","","","lazy","sem width/height (risco de CLS)"
"https://mclair.com.br/blog/abrolhos-filmes-lanca-video-manifesto-para-reforcar-posicionamento/","https://mclair.com.br/blog-images/capa-padrao-og.png","Pirataria sai do controle com streaming e isolamento social","","","lazy","sem width/height (risco de CLS)"
"https://mclair.com.br/blog/abrolhos-filmes-lanca-video-manifesto-para-reforcar-posicionamento/","https://mclair.com.br/blog-images/capa-padrao-og.png","Série Lupin movimenta consumo e reitera potência do audiovisual","","","lazy","sem width/height (risco de CLS)"
"https://mclair.com.br/blog/abrolhos-filmes-lanca-video-manifesto-para-reforcar-posicionamento/","/logos/logo-negativo.png","Mclair","","32","","sem width/height (risco de CLS) | sem atributo loading"
"https://mclair.com.br/blog/abrolhos-participa-de-mercado-italiano-com-a-vida-bruta-dos-animais-do/","/logos/logo-color.png","Mclair","","","","sem width/height (risco de CLS) | sem atributo loading"
"https://mclair.com.br/blog/abrolhos-participa-de-mercado-italiano-com-a-vida-bruta-dos-animais-do/","/logos/logo-white-hd.png","Mclair","","","","sem width/height (risco de CLS) | sem atributo loading"
"https://mclair.com.br/blog/abrolhos-participa-de-mercado-italiano-com-a-vida-bruta-dos-animais-do/","/cases-img/claudia-elisa-1.webp","","","","eager","alt vazio (ok se decorativa) | sem width/height (risco de CLS)"
"https://mclair.com.br/blog/abrolhos-participa-de-mercado-italiano-com-a-vida-bruta-dos-animais-do/","/logos/logo-icone-M.png","Mclair","120","120","","sem atributo loading"
"https://mclair.com.br/blog/abrolhos-participa-de-mercado-italiano-com-a-vida-bruta-dos-animais-do/","https://mclair.com.br/blog-images/capa-padrao-og.png","","","","","alt vazio (ok se decorativa) | sem width/height (risco de CLS) | sem atributo loading"
"https://mclair.com.br/blog/abrolhos-participa-de-mercado-italiano-com-a-vida-bruta-dos-animais-do/","https://mclair.com.br/blog-images/capa-padrao-og.png","Abrolhos Filmes lança vídeo manifesto para reforçar posicionamento","","","lazy","sem width/height (risco de CLS)"
"https://mclair.com.br/blog/abrolhos-participa-de-mercado-italiano-com-a-vida-bruta-dos-animais-do/","https://mclair.com.br/blog-images/capa-padrao-og.png","Cotas para streaming na França realça atraso do Brasil na regulamentação de VoD","","","lazy","sem width/height (risco de CLS)"
"https://mclair.com.br/blog/abrolhos-participa-de-mercado-italiano-com-a-vida-bruta-dos-animais-do/","https://mclair.com.br/blog-images/capa-padrao-og.png","Pirataria sai do controle com streaming e isolamento social","","","lazy","sem width/height (risco de CLS)"
"https://mclair.com.br/blog/abrolhos-participa-de-mercado-italiano-com-a-vida-bruta-dos-animais-do/","/logos/logo-negativo.png","Mclair","","32","","sem width/height (risco de CLS) | sem atributo loading"
"https://mclair.com.br/blog/agrishow-2022-projeto-imagem-promove-a-industria-brasileira-de-maquina/","/logos/logo-color.png","Mclair","","","","sem width/height (risco de CLS) | sem atributo loading"
"https://mclair.com.br/blog/agrishow-2022-projeto-imagem-promove-a-industria-brasileira-de-maquina/","/logos/logo-white-hd.png","Mclair","","","","sem width/height (risco de CLS) | sem atributo loading"
"https://mclair.com.br/blog/agrishow-2022-projeto-imagem-promove-a-industria-brasileira-de-maquina/","/cases-img/claudia-elisa-1.webp","","","","eager","alt vazio (ok se decorativa) | sem width/height (risco de CLS)"
"https://mclair.com.br/blog/agrishow-2022-projeto-imagem-promove-a-industria-brasileira-de-maquina/","/logos/logo-icone-M.png","Mclair","120","120","","sem atributo loading"
"https://mclair.com.br/blog/agrishow-2022-projeto-imagem-promove-a-industria-brasileira-de-maquina/","https://mclair.com.br/blog-images/capa-padrao-og.png","","","","","alt vazio (ok se decorativa) | sem width/height (risco de CLS) | sem atributo loading"
"https://mclair.com.br/blog/agrishow-2022-projeto-imagem-promove-a-industria-brasileira-de-maquina/","https://mclair.com.br/blog-images/capa-padrao-og.png","AGRO: Indústrias brasileiras de máquinas e equipamentos buscam expansão no mercado africano","","","lazy","sem width/height (risco de CLS)"
"https://mclair.com.br/blog/agrishow-2022-projeto-imagem-promove-a-industria-brasileira-de-maquina/","https://mclair.com.br/blog-images/capa-padrao-og.png","Indústria de máquinas projeta USD 15 MI em negócios  internacionais durante Agrishow 2023","","","lazy","sem width/height (risco de CLS)"
"https://mclair.com.br/blog/agrishow-2022-projeto-imagem-promove-a-industria-brasileira-de-maquina/","https://mclair.com.br/blog-images/capa-padrao-og.png","Mineração: indústria de máquinas e equipamentos estima US$11,6 milhões em exportações","","","lazy","sem width/height (risco de CLS)"
"https://mclair.com.br/blog/agrishow-2022-projeto-imagem-promove-a-industria-brasileira-de-maquina/","/logos/logo-negativo.png","Mclair","","32","","sem width/height (risco de CLS) | sem atributo loading"
"https://mclair.com.br/blog/agro-industrias-brasileiras-de-maquinas-e-equipamentos-buscam-expansao/","/logos/logo-color.png","Mclair","","","","sem width/height (risco de CLS) | sem atributo loading"
"https://mclair.com.br/blog/agro-industrias-brasileiras-de-maquinas-e-equipamentos-buscam-expansao/","/logos/logo-white-hd.png","Mclair","","","","sem width/height (risco de CLS) | sem atributo loading"
"https://mclair.com.br/blog/agro-industrias-brasileiras-de-maquinas-e-equipamentos-buscam-expansao/","/cases-img/claudia-elisa-1.webp","","","","eager","alt vazio (ok se decorativa) | sem width/height (risco de CLS)"
"https://mclair.com.br/blog/agro-industrias-brasileiras-de-maquinas-e-equipamentos-buscam-expansao/","/logos/logo-icone-M.png","Mclair","120","120","","sem atributo loading"
"https://mclair.com.br/blog/agro-industrias-brasileiras-de-maquinas-e-equipamentos-buscam-expansao/","https://mclair.com.br/blog-images/capa-padrao-og.png","","","","","alt vazio (ok se decorativa) | sem width/height (risco de CLS) | sem atributo loading"
"https://mclair.com.br/blog/agro-industrias-brasileiras-de-maquinas-e-equipamentos-buscam-expansao/","https://mclair.com.br/blog-images/capa-padrao-og.png","Indústria de máquinas projeta USD 15 MI em negócios  internacionais durante Agrishow 2023","","","lazy","sem width/height (risco de CLS)"
"https://mclair.com.br/blog/agro-industrias-brasileiras-de-maquinas-e-equipamentos-buscam-expansao/","https://mclair.com.br/blog-images/capa-padrao-og.png","Mineração: indústria de máquinas e equipamentos estima US$11,6 milhões em exportações","","","lazy","sem width/height (risco de CLS)"
"https://mclair.com.br/blog/agro-industrias-brasileiras-de-maquinas-e-equipamentos-buscam-expansao/","https://mclair.com.br/blog-images/capa-padrao-og.png","Referência mundial em tecnologia para o campo, Brasil apresenta máquinas e implementos agrícolas ao mercado colombiano","","","lazy","sem width/height (risco de CLS)"
"https://mclair.com.br/blog/agro-industrias-brasileiras-de-maquinas-e-equipamentos-buscam-expansao/","/logos/logo-negativo.png","Mclair","","32","","sem width/height (risco de CLS) | sem atributo loading"
"https://mclair.com.br/blog/apps-de-reconhecimento-facial-alertam-para-riscos-de-controle-governam/","/logos/logo-color.png","Mclair","","","","sem width/height (risco de CLS) | sem atributo loading"
"https://mclair.com.br/blog/apps-de-reconhecimento-facial-alertam-para-riscos-de-controle-governam/","/logos/logo-white-hd.png","Mclair","","","","sem width/height (risco de CLS) | sem atributo loading"
"https://mclair.com.br/blog/apps-de-reconhecimento-facial-alertam-para-riscos-de-controle-governam/","/cases-img/claudia-elisa-1.webp","","","","eager","alt vazio (ok se decorativa) | sem width/height (risco de CLS)"
"https://mclair.com.br/blog/apps-de-reconhecimento-facial-alertam-para-riscos-de-controle-governam/","/logos/logo-icone-M.png","Mclair","120","120","","sem atributo loading"
"https://mclair.com.br/blog/apps-de-reconhecimento-facial-alertam-para-riscos-de-controle-governam/","https://mclair.com.br/blog-images/capa-padrao-og.png","","","","","alt vazio (ok se decorativa) | sem width/height (risco de CLS) | sem atributo loading"
"https://mclair.com.br/blog/apps-de-reconhecimento-facial-alertam-para-riscos-de-controle-governam/","https://mclair.com.br/blog-images/capa-padrao-og.png","As ameaças e os benefícios do reconhecimento facial","","","lazy","sem width/height (risco de CLS)"
"https://mclair.com.br/blog/apps-de-reconhecimento-facial-alertam-para-riscos-de-controle-governam/","https://mclair.com.br/blog-images/capa-padrao-og.png","Transformação digital evidencia a importância de profissionais agilistas","","","lazy","sem width/height (risco de CLS)"
"https://mclair.com.br/blog/apps-de-reconhecimento-facial-alertam-para-riscos-de-controle-governam/","https://mclair.com.br/blog-images/capa-padrao-og.png","A arte de transformar metas em realidade","","","lazy","sem width/height (risco de CLS)"
"https://mclair.com.br/blog/apps-de-reconhecimento-facial-alertam-para-riscos-de-controle-governam/","/logos/logo-negativo.png","Mclair","","32","","sem width/height (risco de CLS) | sem atributo loading"
"https://mclair.com.br/blog/aquarantenados-lanca-single-tudo-vai-dar-certo/","/logos/logo-color.png","Mclair","","","","sem width/height (risco de CLS) | sem atributo loading"
"https://mclair.com.br/blog/aquarantenados-lanca-single-tudo-vai-dar-certo/","/logos/logo-white-hd.png","Mclair","","","","sem width/height (risco de CLS) | sem atributo loading"
"https://mclair.com.br/blog/aquarantenados-lanca-single-tudo-vai-dar-certo/","/cases-img/claudia-elisa-1.webp","","","","eager","alt vazio (ok se decorativa) | sem width/height (risco de CLS)"
"https://mclair.com.br/blog/aquarantenados-lanca-single-tudo-vai-dar-certo/","/logos/logo-icone-M.png","Mclair","120","120","","sem atributo loading"
"https://mclair.com.br/blog/aquarantenados-lanca-single-tudo-vai-dar-certo/","https://mclair.com.br/blog-images/capa-padrao-og.png","","","","","alt vazio (ok se decorativa) | sem width/height (risco de CLS) | sem atributo loading"
"https://mclair.com.br/blog/aquarantenados-lanca-single-tudo-vai-dar-certo/","https://files.pressmanager.net/clientes/d4f4d624efad0b11b5c71668be0c65c3/imagens/2020/08/10/7bc972cdd93eb4c4ed78008dfde69b15_medium.jpg","","","","","alt vazio (ok se decorativa) | sem width/height (risco de CLS) | sem atributo loading"
"https://mclair.com.br/blog/aquarantenados-lanca-single-tudo-vai-dar-certo/","https://mclair.com.br/blog-images/capa-padrao-og.png","Lambda3 abre 28 vagas para desenvolvedores","","","lazy","sem width/height (risco de CLS)"
"https://mclair.com.br/blog/aquarantenados-lanca-single-tudo-vai-dar-certo/","https://mclair.com.br/blog-images/capa-padrao-og.png","O lado B da produtividade em trabalho remoto","","","lazy","sem width/height (risco de CLS)"
"https://mclair.com.br/blog/aquarantenados-lanca-single-tudo-vai-dar-certo/","https://mclair.com.br/blog-images/capa-padrao-og.png","Dia do Orgulho Nerd: 4 dicas para celebrar a data","","","lazy","sem width/height (risco de CLS)"
"https://mclair.com.br/blog/aquarantenados-lanca-single-tudo-vai-dar-certo/","/logos/logo-negativo.png","Mclair","","32","","sem width/height (risco de CLS) | sem atributo loading"
"https://mclair.com.br/blog/arena-22-e-o-novo-fantasy-game-oficial-da-copa-do-nordeste/","/logos/logo-color.png","Mclair","","","","sem width/height (risco de CLS) | sem atributo loading"
"https://mclair.com.br/blog/arena-22-e-o-novo-fantasy-game-oficial-da-copa-do-nordeste/","/logos/logo-white-hd.png","Mclair","","","","sem width/height (risco de CLS) | sem atributo loading"
"https://mclair.com.br/blog/arena-22-e-o-novo-fantasy-game-oficial-da-copa-do-nordeste/","/cases-img/claudia-elisa-1.webp","","","","eager","alt vazio (ok se decorativa) | sem width/height (risco de CLS)"
"https://mclair.com.br/blog/arena-22-e-o-novo-fantasy-game-oficial-da-copa-do-nordeste/","/logos/logo-icone-M.png","Mclair","120","120","","sem atributo loading"
"https://mclair.com.br/blog/arena-22-e-o-novo-fantasy-game-oficial-da-copa-do-nordeste/","https://mclair.com.br/blog-images/capa-padrao-og.png","","","","","alt vazio (ok se decorativa) | sem width/height (risco de CLS) | sem atributo loading"
"https://mclair.com.br/blog/arena-22-e-o-novo-fantasy-game-oficial-da-copa-do-nordeste/","https://mclair.com.br/blog-images/capa-padrao-og.png","A arte de transformar metas em realidade","","","lazy","sem width/height (risco de CLS)"
"https://mclair.com.br/blog/arena-22-e-o-novo-fantasy-game-oficial-da-copa-do-nordeste/","https://mclair.com.br/blog-images/capa-padrao-og.png","Lambda3 abre 28 vagas para desenvolvedores","","","lazy","sem width/height (risco de CLS)"
"https://mclair.com.br/blog/arena-22-e-o-novo-fantasy-game-oficial-da-copa-do-nordeste/","https://mclair.com.br/blog-images/capa-padrao-og.png","O lado B da produtividade em trabalho remoto","","","lazy","sem width/height (risco de CLS)"
"https://mclair.com.br/blog/arena-22-e-o-novo-fantasy-game-oficial-da-copa-do-nordeste/","/logos/logo-negativo.png","Mclair","","32","","sem width/height (risco de CLS) | sem atributo loading"
"https://mclair.com.br/blog/artista-catarinense-vence-a-3a-edicao-da-galeria-consigaz/","/logos/logo-color.png","Mclair","","","","sem width/height (risco de CLS) | sem atributo loading"
"https://mclair.com.br/blog/artista-catarinense-vence-a-3a-edicao-da-galeria-consigaz/","/logos/logo-white-hd.png","Mclair","","","","sem width/height (risco de CLS) | sem atributo loading"
"https://mclair.com.br/blog/artista-catarinense-vence-a-3a-edicao-da-galeria-consigaz/","/cases-img/claudia-elisa-1.webp","","","","eager","alt vazio (ok se decorativa) | sem width/height (risco de CLS)"
"https://mclair.com.br/blog/artista-catarinense-vence-a-3a-edicao-da-galeria-consigaz/","/logos/logo-icone-M.png","Mclair","120","120","","sem atributo loading"
"https://mclair.com.br/blog/artista-catarinense-vence-a-3a-edicao-da-galeria-consigaz/","https://mclair.com.br/blog-images/capa-padrao-og.png","","","","","alt vazio (ok se decorativa) | sem width/height (risco de CLS) | sem atributo loading"
"https://mclair.com.br/blog/artista-catarinense-vence-a-3a-edicao-da-galeria-consigaz/","https://mclair.com.br/blog-images/capa-padrao-og.png","MIS recebe exposição de arte urbana no dia 4","","","lazy","sem width/height (risco de CLS)"
"https://mclair.com.br/blog/artista-catarinense-vence-a-3a-edicao-da-galeria-consigaz/","https://mclair.com.br/blog-images/capa-padrao-og.png","GALERIA CONSIGAZ busca talentos brasileiros da arte urbana","","","lazy","sem width/height (risco de CLS)"
"https://mclair.com.br/blog/artista-catarinense-vence-a-3a-edicao-da-galeria-consigaz/","https://mclair.com.br/blog-images/capa-padrao-og.png","A arte de transformar metas em realidade","","","lazy","sem width/height (risco de CLS)"
"https://mclair.com.br/blog/artista-catarinense-vence-a-3a-edicao-da-galeria-consigaz/","/logos/logo-negativo.png","Mclair","","32","","sem width/height (risco de CLS) | sem atributo loading"
"https://mclair.com.br/blog/as-5-vantagens-em-ter-um-conselho-diverso/","/logos/logo-color.png","Mclair","","","","sem width/height (risco de CLS) | sem atributo loading"
"https://mclair.com.br/blog/as-5-vantagens-em-ter-um-conselho-diverso/","/logos/logo-white-hd.png","Mclair","","","","sem width/height (risco de CLS) | sem atributo loading"
"https://mclair.com.br/blog/as-5-vantagens-em-ter-um-conselho-diverso/","/cases-img/claudia-elisa-1.webp","","","","eager","alt vazio (ok se decorativa) | sem width/height (risco de CLS)"
"https://mclair.com.br/blog/as-5-vantagens-em-ter-um-conselho-diverso/","/logos/logo-icone-M.png","Mclair","120","120","","sem atributo loading"
"https://mclair.com.br/blog/as-5-vantagens-em-ter-um-conselho-diverso/","https://mclair.com.br/blog-images/capa-padrao-og.png","","","","","alt vazio (ok se decorativa) | sem width/height (risco de CLS) | sem atributo loading"
"https://mclair.com.br/blog/as-5-vantagens-em-ter-um-conselho-diverso/","https://mclair.com.br/blog-images/capa-padrao-og.png","Os desafios e mitos sobre a transição energética","","","lazy","sem width/height (risco de CLS)"
"https://mclair.com.br/blog/as-5-vantagens-em-ter-um-conselho-diverso/","https://mclair.com.br/blog-images/capa-padrao-og.png","RH e o futuro do trabalho: quais as tendências para os próximos 10 anos?","","","lazy","sem width/height (risco de CLS)"
"https://mclair.com.br/blog/as-5-vantagens-em-ter-um-conselho-diverso/","https://mclair.com.br/blog-images/capa-padrao-og.png","O","","","lazy","sem width/height (risco de CLS)"
"https://mclair.com.br/blog/as-5-vantagens-em-ter-um-conselho-diverso/","/logos/logo-negativo.png","Mclair","","32","","sem width/height (risco de CLS) | sem atributo loading"
"https://mclair.com.br/blog/as-ameacas-e-os-beneficios-do-reconhecimento-facial/","/logos/logo-color.png","Mclair","","","","sem width/height (risco de CLS) | sem atributo loading"
"https://mclair.com.br/blog/as-ameacas-e-os-beneficios-do-reconhecimento-facial/","/logos/logo-white-hd.png","Mclair","","","","sem width/height (risco de CLS) | sem atributo loading"
"https://mclair.com.br/blog/as-ameacas-e-os-beneficios-do-reconhecimento-facial/","/cases-img/claudia-elisa-1.webp","","","","eager","alt vazio (ok se decorativa) | sem width/height (risco de CLS)"
"https://mclair.com.br/blog/as-ameacas-e-os-beneficios-do-reconhecimento-facial/","/logos/logo-icone-M.png","Mclair","120","120","","sem atributo loading"
"https://mclair.com.br/blog/as-ameacas-e-os-beneficios-do-reconhecimento-facial/","https://mclair.com.br/blog-images/capa-padrao-og.png","","","","","alt vazio (ok se decorativa) | sem width/height (risco de CLS) | sem atributo loading"
"https://mclair.com.br/blog/as-ameacas-e-os-beneficios-do-reconhecimento-facial/","https://mclair.com.br/blog-images/capa-padrao-og.png","Apps de reconhecimento facial alertam para riscos de controle governamental","","","lazy","sem width/height (risco de CLS)"
"https://mclair.com.br/blog/as-ameacas-e-os-beneficios-do-reconhecimento-facial/","https://mclair.com.br/blog-images/capa-padrao-og.png","Transformação digital evidencia a importância de profissionais agilistas","","","lazy","sem width/height (risco de CLS)"
"https://mclair.com.br/blog/as-ameacas-e-os-beneficios-do-reconhecimento-facial/","https://mclair.com.br/blog-images/capa-padrao-og.png","A arte de transformar metas em realidade","","","lazy","sem width/height (risco de CLS)"
"https://mclair.com.br/blog/as-ameacas-e-os-beneficios-do-reconhecimento-facial/","/logos/logo-negativo.png","Mclair","","32","","sem width/height (risco de CLS) | sem atributo loading"
"https://mclair.com.br/blog/as-licoes-sobre-adaptabilidade-e-gestao-de-pessoas-na-era-do-home-offi/","/logos/logo-color.png","Mclair","","","","sem width/height (risco de CLS) | sem atributo loading"
"https://mclair.com.br/blog/as-licoes-sobre-adaptabilidade-e-gestao-de-pessoas-na-era-do-home-offi/","/logos/logo-white-hd.png","Mclair","","","","sem width/height (risco de CLS) | sem atributo loading"
"https://mclair.com.br/blog/as-licoes-sobre-adaptabilidade-e-gestao-de-pessoas-na-era-do-home-offi/","/cases-img/claudia-elisa-1.webp","","","","eager","alt vazio (ok se decorativa) | sem width/height (risco de CLS)"
"https://mclair.com.br/blog/as-licoes-sobre-adaptabilidade-e-gestao-de-pessoas-na-era-do-home-offi/","/logos/logo-icone-M.png","Mclair","120","120","","sem atributo loading"
"https://mclair.com.br/blog/as-licoes-sobre-adaptabilidade-e-gestao-de-pessoas-na-era-do-home-offi/","https://mclair.com.br/blog-images/capa-padrao-og.png","","","","","alt vazio (ok se decorativa) | sem width/height (risco de CLS) | sem atributo loading"
"https://mclair.com.br/blog/as-licoes-sobre-adaptabilidade-e-gestao-de-pessoas-na-era-do-home-offi/","https://mclair.com.br/blog-images/capa-padrao-og.png","Como entender melhor e liderar a Geração Z?","","","lazy","sem width/height (risco de CLS)"
"https://mclair.com.br/blog/as-licoes-sobre-adaptabilidade-e-gestao-de-pessoas-na-era-do-home-offi/","https://mclair.com.br/blog-images/capa-padrao-og.png","Por que a segurança psicológica de colaboradores é fundamental para as organizações","","","lazy","sem width/height (risco de CLS)"
"https://mclair.com.br/blog/as-licoes-sobre-adaptabilidade-e-gestao-de-pessoas-na-era-do-home-offi/","https://mclair.com.br/blog-images/capa-padrao-og.png","Pós-Licença: a realidade e rotina de uma mãe na volta ao trabalho","","","lazy","sem width/height (risco de CLS)"
"https://mclair.com.br/blog/as-licoes-sobre-adaptabilidade-e-gestao-de-pessoas-na-era-do-home-offi/","/logos/logo-negativo.png","Mclair","","32","","sem width/height (risco de CLS) | sem atributo loading"
"https://mclair.com.br/blog/audiovisual-os-desafios-e-o-impacto-das-redes-sociais-para-a-publicida/","/logos/logo-color.png","Mclair","","","","sem width/height (risco de CLS) | sem atributo loading"
"https://mclair.com.br/blog/audiovisual-os-desafios-e-o-impacto-das-redes-sociais-para-a-publicida/","/logos/logo-white-hd.png","Mclair","","","","sem width/height (risco de CLS) | sem atributo loading"
"https://mclair.com.br/blog/audiovisual-os-desafios-e-o-impacto-das-redes-sociais-para-a-publicida/","/cases-img/claudia-elisa-1.webp","","","","eager","alt vazio (ok se decorativa) | sem width/height (risco de CLS)"
"https://mclair.com.br/blog/audiovisual-os-desafios-e-o-impacto-das-redes-sociais-para-a-publicida/","/logos/logo-icone-M.png","Mclair","120","120","","sem atributo loading"
"https://mclair.com.br/blog/audiovisual-os-desafios-e-o-impacto-das-redes-sociais-para-a-publicida/","https://mclair.com.br/blog-images/capa-padrao-og.png","","","","","alt vazio (ok se decorativa) | sem width/height (risco de CLS) | sem atributo loading"
"https://mclair.com.br/blog/audiovisual-os-desafios-e-o-impacto-das-redes-sociais-para-a-publicida/","https://mclair.com.br/blog-images/capa-padrao-og.png","Novos nichos do marketing de influência podem impactar a retomada do audiovisual","","","lazy","sem width/height (risco de CLS)"
"https://mclair.com.br/blog/audiovisual-os-desafios-e-o-impacto-das-redes-sociais-para-a-publicida/","https://mclair.com.br/blog-images/capa-padrao-og.png","A arte de transformar metas em realidade","","","lazy","sem width/height (risco de CLS)"
"https://mclair.com.br/blog/audiovisual-os-desafios-e-o-impacto-das-redes-sociais-para-a-publicida/","https://mclair.com.br/blog-images/capa-padrao-og.png","Lambda3 abre 28 vagas para desenvolvedores","","","lazy","sem width/height (risco de CLS)"
"https://mclair.com.br/blog/audiovisual-os-desafios-e-o-impacto-das-redes-sociais-para-a-publicida/","/logos/logo-negativo.png","Mclair","","32","","sem width/height (risco de CLS) | sem atributo loading"
"https://mclair.com.br/blog/avanco-da-lgpd-e-essencial-para-sucesso-do-5g-no-brasil/","/logos/logo-color.png","Mclair","","","","sem width/height (risco de CLS) | sem atributo loading"
"https://mclair.com.br/blog/avanco-da-lgpd-e-essencial-para-sucesso-do-5g-no-brasil/","/logos/logo-white-hd.png","Mclair","","","","sem width/height (risco de CLS) | sem atributo loading"
"https://mclair.com.br/blog/avanco-da-lgpd-e-essencial-para-sucesso-do-5g-no-brasil/","/cases-img/claudia-elisa-1.webp","","","","eager","alt vazio (ok se decorativa) | sem width/height (risco de CLS)"
"https://mclair.com.br/blog/avanco-da-lgpd-e-essencial-para-sucesso-do-5g-no-brasil/","/logos/logo-icone-M.png","Mclair","120","120","","sem atributo loading"
"https://mclair.com.br/blog/avanco-da-lgpd-e-essencial-para-sucesso-do-5g-no-brasil/","https://mclair.com.br/blog-images/capa-padrao-og.png","","","","","alt vazio (ok se decorativa) | sem width/height (risco de CLS) | sem atributo loading"
"https://mclair.com.br/blog/avanco-da-lgpd-e-essencial-para-sucesso-do-5g-no-brasil/","https://mclair.com.br/blog-images/capa-padrao-og.png","A arte de transformar metas em realidade","","","lazy","sem width/height (risco de CLS)"
"https://mclair.com.br/blog/avanco-da-lgpd-e-essencial-para-sucesso-do-5g-no-brasil/","https://mclair.com.br/blog-images/capa-padrao-og.png","Lambda3 abre 28 vagas para desenvolvedores","","","lazy","sem width/height (risco de CLS)"
"https://mclair.com.br/blog/avanco-da-lgpd-e-essencial-para-sucesso-do-5g-no-brasil/","https://mclair.com.br/blog-images/capa-padrao-og.png","O lado B da produtividade em trabalho remoto","","","lazy","sem width/height (risco de CLS)"
"https://mclair.com.br/blog/avanco-da-lgpd-e-essencial-para-sucesso-do-5g-no-brasil/","/logos/logo-negativo.png","Mclair","","32","","sem width/height (risco de CLS) | sem atributo loading"
"https://mclair.com.br/blog/bbb-a-guerra-de-adms-e-o-sucesso-nas-redes-sociais/","/logos/logo-color.png","Mclair","","","","sem width/height (risco de CLS) | sem atributo loading"
"https://mclair.com.br/blog/bbb-a-guerra-de-adms-e-o-sucesso-nas-redes-sociais/","/logos/logo-white-hd.png","Mclair","","","","sem width/height (risco de CLS) | sem atributo loading"
"https://mclair.com.br/blog/bbb-a-guerra-de-adms-e-o-sucesso-nas-redes-sociais/","/cases-img/claudia-elisa-1.webp","","","","eager","alt vazio (ok se decorativa) | sem width/height (risco de CLS)"
"https://mclair.com.br/blog/bbb-a-guerra-de-adms-e-o-sucesso-nas-redes-sociais/","/logos/logo-icone-M.png","Mclair","120","120","","sem atributo loading"
"https://mclair.com.br/blog/bbb-a-guerra-de-adms-e-o-sucesso-nas-redes-sociais/","https://mclair.com.br/blog-images/capa-padrao-og.png","","","","","alt vazio (ok se decorativa) | sem width/height (risco de CLS) | sem atributo loading"
"https://mclair.com.br/blog/bbb-a-guerra-de-adms-e-o-sucesso-nas-redes-sociais/","https://mclair.com.br/blog-images/capa-padrao-og.png","Cubo Comunicação anuncia rebranding e plano de expansão para a Europa","","","lazy","sem width/height (risco de CLS)"
"https://mclair.com.br/blog/bbb-a-guerra-de-adms-e-o-sucesso-nas-redes-sociais/","https://mclair.com.br/blog-images/capa-padrao-og.png","Insatisfeita, Geração Z não quer trabalhar mais do mesmo jeito","","","lazy","sem width/height (risco de CLS)"
"https://mclair.com.br/blog/bbb-a-guerra-de-adms-e-o-sucesso-nas-redes-sociais/","https://mclair.com.br/blog-images/capa-padrao-og.png","""Copa do Mundo"" supera buscas sobre ""eleições"" e ""Black Friday"" no Google e desafia mídias","","","lazy","sem width/height (risco de CLS)"
"https://mclair.com.br/blog/bbb-a-guerra-de-adms-e-o-sucesso-nas-redes-sociais/","/logos/logo-negativo.png","Mclair","","32","","sem width/height (risco de CLS) | sem atributo loading"
"https://mclair.com.br/blog/bh-recebe-delegacao-internacional-interessada-na-tecnologia-brasileira/","/logos/logo-color.png","Mclair","","","","sem width/height (risco de CLS) | sem atributo loading"
"https://mclair.com.br/blog/bh-recebe-delegacao-internacional-interessada-na-tecnologia-brasileira/","/logos/logo-white-hd.png","Mclair","","","","sem width/height (risco de CLS) | sem atributo loading"
"https://mclair.com.br/blog/bh-recebe-delegacao-internacional-interessada-na-tecnologia-brasileira/","/cases-img/claudia-elisa-1.webp","","","","eager","alt vazio (ok se decorativa) | sem width/height (risco de CLS)"
"https://mclair.com.br/blog/bh-recebe-delegacao-internacional-interessada-na-tecnologia-brasileira/","/logos/logo-icone-M.png","Mclair","120","120","","sem atributo loading"
"https://mclair.com.br/blog/bh-recebe-delegacao-internacional-interessada-na-tecnologia-brasileira/","https://mclair.com.br/blog-images/capa-padrao-og.png","","","","","alt vazio (ok se decorativa) | sem width/height (risco de CLS) | sem atributo loading"
"https://mclair.com.br/blog/bh-recebe-delegacao-internacional-interessada-na-tecnologia-brasileira/","https://mclair.com.br/blog-images/capa-padrao-og.png","A arte de transformar metas em realidade","","","lazy","sem width/height (risco de CLS)"
"https://mclair.com.br/blog/bh-recebe-delegacao-internacional-interessada-na-tecnologia-brasileira/","https://mclair.com.br/blog-images/capa-padrao-og.png","Lambda3 abre 28 vagas para desenvolvedores","","","lazy","sem width/height (risco de CLS)"
"https://mclair.com.br/blog/bh-recebe-delegacao-internacional-interessada-na-tecnologia-brasileira/","https://mclair.com.br/blog-images/capa-padrao-og.png","O lado B da produtividade em trabalho remoto","","","lazy","sem width/height (risco de CLS)"
"https://mclair.com.br/blog/bh-recebe-delegacao-internacional-interessada-na-tecnologia-brasileira/","/logos/logo-negativo.png","Mclair","","32","","sem width/height (risco de CLS) | sem atributo loading"
"https://mclair.com.br/blog/black-friday-reforca-a-importancia-do-video-marketing/","/logos/logo-color.png","Mclair","","","","sem width/height (risco de CLS) | sem atributo loading"
"https://mclair.com.br/blog/black-friday-reforca-a-importancia-do-video-marketing/","/logos/logo-white-hd.png","Mclair","","","","sem width/height (risco de CLS) | sem atributo loading"
"https://mclair.com.br/blog/black-friday-reforca-a-importancia-do-video-marketing/","/cases-img/claudia-elisa-1.webp","","","","eager","alt vazio (ok se decorativa) | sem width/height (risco de CLS)"
"https://mclair.com.br/blog/black-friday-reforca-a-importancia-do-video-marketing/","/logos/logo-icone-M.png","Mclair","120","120","","sem atributo loading"
"https://mclair.com.br/blog/black-friday-reforca-a-importancia-do-video-marketing/","https://mclair.com.br/blog-images/capa-padrao-og.png","","","","","alt vazio (ok se decorativa) | sem width/height (risco de CLS) | sem atributo loading"
"https://mclair.com.br/blog/black-friday-reforca-a-importancia-do-video-marketing/","https://mclair.com.br/blog-images/capa-padrao-og.png","3 setores beneficiados pelo audiovisual em 2021","","","lazy","sem width/height (risco de CLS)"
"https://mclair.com.br/blog/black-friday-reforca-a-importancia-do-video-marketing/","https://mclair.com.br/blog-images/capa-padrao-og.png","A arte de transformar metas em realidade","","","lazy","sem width/height (risco de CLS)"
"https://mclair.com.br/blog/black-friday-reforca-a-importancia-do-video-marketing/","https://mclair.com.br/blog-images/capa-padrao-og.png","Lambda3 abre 28 vagas para desenvolvedores","","","lazy","sem width/height (risco de CLS)"
"https://mclair.com.br/blog/black-friday-reforca-a-importancia-do-video-marketing/","/logos/logo-negativo.png","Mclair","","32","","sem width/height (risco de CLS) | sem atributo loading"
"https://mclair.com.br/blog/boa-gestao-de-pessoas-ajuda-a-reduzir-o-deficit-de-profissionais-de-ti/","/logos/logo-color.png","Mclair","","","","sem width/height (risco de CLS) | sem atributo loading"
"https://mclair.com.br/blog/boa-gestao-de-pessoas-ajuda-a-reduzir-o-deficit-de-profissionais-de-ti/","/logos/logo-white-hd.png","Mclair","","","","sem width/height (risco de CLS) | sem atributo loading"
"https://mclair.com.br/blog/boa-gestao-de-pessoas-ajuda-a-reduzir-o-deficit-de-profissionais-de-ti/","/cases-img/claudia-elisa-1.webp","","","","eager","alt vazio (ok se decorativa) | sem width/height (risco de CLS)"
"https://mclair.com.br/blog/boa-gestao-de-pessoas-ajuda-a-reduzir-o-deficit-de-profissionais-de-ti/","/logos/logo-icone-M.png","Mclair","120","120","","sem atributo loading"
"https://mclair.com.br/blog/boa-gestao-de-pessoas-ajuda-a-reduzir-o-deficit-de-profissionais-de-ti/","https://mclair.com.br/blog-images/capa-padrao-og.png","","","","","alt vazio (ok se decorativa) | sem width/height (risco de CLS) | sem atributo loading"
"https://mclair.com.br/blog/boa-gestao-de-pessoas-ajuda-a-reduzir-o-deficit-de-profissionais-de-ti/","https://mclair.com.br/blog-images/capa-padrao-og.png","A arte de transformar metas em realidade","","","lazy","sem width/height (risco de CLS)"
"https://mclair.com.br/blog/boa-gestao-de-pessoas-ajuda-a-reduzir-o-deficit-de-profissionais-de-ti/","https://mclair.com.br/blog-images/capa-padrao-og.png","Lambda3 abre 28 vagas para desenvolvedores","","","lazy","sem width/height (risco de CLS)"
"https://mclair.com.br/blog/boa-gestao-de-pessoas-ajuda-a-reduzir-o-deficit-de-profissionais-de-ti/","https://mclair.com.br/blog-images/capa-padrao-og.png","O lado B da produtividade em trabalho remoto","","","lazy","sem width/height (risco de CLS)"
"https://mclair.com.br/blog/boa-gestao-de-pessoas-ajuda-a-reduzir-o-deficit-de-profissionais-de-ti/","/logos/logo-negativo.png","Mclair","","32","","sem width/height (risco de CLS) | sem atributo loading"
"https://mclair.com.br/blog/brasil-apresenta-nos-eua-tendencias-em-tecnologia-para-producao-e-proc/","/logos/logo-color.png","Mclair","","","","sem width/height (risco de CLS) | sem atributo loading"
"https://mclair.com.br/blog/brasil-apresenta-nos-eua-tendencias-em-tecnologia-para-producao-e-proc/","/logos/logo-white-hd.png","Mclair","","","","sem width/height (risco de CLS) | sem atributo loading"
"https://mclair.com.br/blog/brasil-apresenta-nos-eua-tendencias-em-tecnologia-para-producao-e-proc/","/cases-img/claudia-elisa-1.webp","","","","eager","alt vazio (ok se decorativa) | sem width/height (risco de CLS)"
"https://mclair.com.br/blog/brasil-apresenta-nos-eua-tendencias-em-tecnologia-para-producao-e-proc/","/logos/logo-icone-M.png","Mclair","120","120","","sem atributo loading"
"https://mclair.com.br/blog/brasil-apresenta-nos-eua-tendencias-em-tecnologia-para-producao-e-proc/","https://mclair.com.br/blog-images/capa-padrao-og.png","","","","","alt vazio (ok se decorativa) | sem width/height (risco de CLS) | sem atributo loading"
"https://mclair.com.br/blog/brasil-apresenta-nos-eua-tendencias-em-tecnologia-para-producao-e-proc/","https://mclair.com.br/blog-images/capa-padrao-og.png","AGRO: Indústrias brasileiras de máquinas e equipamentos buscam expansão no mercado africano","","","lazy","sem width/height (risco de CLS)"
"https://mclair.com.br/blog/brasil-apresenta-nos-eua-tendencias-em-tecnologia-para-producao-e-proc/","https://mclair.com.br/blog-images/capa-padrao-og.png","Indústria de máquinas projeta USD 15 MI em negócios  internacionais durante Agrishow 2023","","","lazy","sem width/height (risco de CLS)"
"https://mclair.com.br/blog/brasil-apresenta-nos-eua-tendencias-em-tecnologia-para-producao-e-proc/","https://mclair.com.br/blog-images/capa-padrao-og.png","Mineração: indústria de máquinas e equipamentos estima US$11,6 milhões em exportações","","","lazy","sem width/height (risco de CLS)"
"https://mclair.com.br/blog/brasil-apresenta-nos-eua-tendencias-em-tecnologia-para-producao-e-proc/","/logos/logo-negativo.png","Mclair","","32","","sem width/height (risco de CLS) | sem atributo loading"
"https://mclair.com.br/blog/brasil-apresenta-solucoes-para-a-industria-latinoamericana-de-mineraca/","/logos/logo-color.png","Mclair","","","","sem width/height (risco de CLS) | sem atributo loading"
"https://mclair.com.br/blog/brasil-apresenta-solucoes-para-a-industria-latinoamericana-de-mineraca/","/logos/logo-white-hd.png","Mclair","","","","sem width/height (risco de CLS) | sem atributo loading"
"https://mclair.com.br/blog/brasil-apresenta-solucoes-para-a-industria-latinoamericana-de-mineraca/","/cases-img/claudia-elisa-1.webp","","","","eager","alt vazio (ok se decorativa) | sem width/height (risco de CLS)"
"https://mclair.com.br/blog/brasil-apresenta-solucoes-para-a-industria-latinoamericana-de-mineraca/","/logos/logo-icone-M.png","Mclair","120","120","","sem atributo loading"
"https://mclair.com.br/blog/brasil-apresenta-solucoes-para-a-industria-latinoamericana-de-mineraca/","https://mclair.com.br/blog-images/capa-padrao-og.png","","","","","alt vazio (ok se decorativa) | sem width/height (risco de CLS) | sem atributo loading"
"https://mclair.com.br/blog/brasil-apresenta-solucoes-para-a-industria-latinoamericana-de-mineraca/","https://mclair.com.br/blog-images/capa-padrao-og.png","AGRO: Indústrias brasileiras de máquinas e equipamentos buscam expansão no mercado africano","","","lazy","sem width/height (risco de CLS)"
"https://mclair.com.br/blog/brasil-apresenta-solucoes-para-a-industria-latinoamericana-de-mineraca/","https://mclair.com.br/blog-images/capa-padrao-og.png","Indústria de máquinas projeta USD 15 MI em negócios  internacionais durante Agrishow 2023","","","lazy","sem width/height (risco de CLS)"
"https://mclair.com.br/blog/brasil-apresenta-solucoes-para-a-industria-latinoamericana-de-mineraca/","https://mclair.com.br/blog-images/capa-padrao-og.png","Mineração: indústria de máquinas e equipamentos estima US$11,6 milhões em exportações","","","lazy","sem width/height (risco de CLS)"
"https://mclair.com.br/blog/brasil-apresenta-solucoes-para-a-industria-latinoamericana-de-mineraca/","/logos/logo-negativo.png","Mclair","","32","","sem width/height (risco de CLS) | sem atributo loading"
"https://mclair.com.br/blog/brasil-atinge-marco-positivo-em-negocios-durante-feira-internacional-d/","/logos/logo-color.png","Mclair","","","","sem width/height (risco de CLS) | sem atributo loading"
"https://mclair.com.br/blog/brasil-atinge-marco-positivo-em-negocios-durante-feira-internacional-d/","/logos/logo-white-hd.png","Mclair","","","","sem width/height (risco de CLS) | sem atributo loading"
"https://mclair.com.br/blog/brasil-atinge-marco-positivo-em-negocios-durante-feira-internacional-d/","/cases-img/claudia-elisa-1.webp","","","","eager","alt vazio (ok se decorativa) | sem width/height (risco de CLS)"
"https://mclair.com.br/blog/brasil-atinge-marco-positivo-em-negocios-durante-feira-internacional-d/","/logos/logo-icone-M.png","Mclair","120","120","","sem atributo loading"
"https://mclair.com.br/blog/brasil-atinge-marco-positivo-em-negocios-durante-feira-internacional-d/","https://mclair.com.br/blog-images/capa-padrao-og.png","","","","","alt vazio (ok se decorativa) | sem width/height (risco de CLS) | sem atributo loading"
"https://mclair.com.br/blog/brasil-atinge-marco-positivo-em-negocios-durante-feira-internacional-d/","https://mclair.com.br/blog-images/capa-padrao-og.png","AGRO: Indústrias brasileiras de máquinas e equipamentos buscam expansão no mercado africano","","","lazy","sem width/height (risco de CLS)"
"https://mclair.com.br/blog/brasil-atinge-marco-positivo-em-negocios-durante-feira-internacional-d/","https://mclair.com.br/blog-images/capa-padrao-og.png","Indústria de máquinas projeta USD 15 MI em negócios  internacionais durante Agrishow 2023","","","lazy","sem width/height (risco de CLS)"
"https://mclair.com.br/blog/brasil-atinge-marco-positivo-em-negocios-durante-feira-internacional-d/","https://mclair.com.br/blog-images/capa-padrao-og.png","Mineração: indústria de máquinas e equipamentos estima US$11,6 milhões em exportações","","","lazy","sem width/height (risco de CLS)"
"https://mclair.com.br/blog/brasil-atinge-marco-positivo-em-negocios-durante-feira-internacional-d/","/logos/logo-negativo.png","Mclair","","32","","sem width/height (risco de CLS) | sem atributo loading"
"https://mclair.com.br/blog/brasil-aumenta-volume-de-negocios-de-maquinas-e-equipamentos-em-48-5-a/","/logos/logo-color.png","Mclair","","","","sem width/height (risco de CLS) | sem atributo loading"
"https://mclair.com.br/blog/brasil-aumenta-volume-de-negocios-de-maquinas-e-equipamentos-em-48-5-a/","/logos/logo-white-hd.png","Mclair","","","","sem width/height (risco de CLS) | sem atributo loading"
"https://mclair.com.br/blog/brasil-aumenta-volume-de-negocios-de-maquinas-e-equipamentos-em-48-5-a/","/cases-img/claudia-elisa-1.webp","","","","eager","alt vazio (ok se decorativa) | sem width/height (risco de CLS)"
"https://mclair.com.br/blog/brasil-aumenta-volume-de-negocios-de-maquinas-e-equipamentos-em-48-5-a/","/logos/logo-icone-M.png","Mclair","120","120","","sem atributo loading"
"https://mclair.com.br/blog/brasil-aumenta-volume-de-negocios-de-maquinas-e-equipamentos-em-48-5-a/","https://mclair.com.br/blog-images/capa-padrao-og.png","","","","","alt vazio (ok se decorativa) | sem width/height (risco de CLS) | sem atributo loading"
"https://mclair.com.br/blog/brasil-aumenta-volume-de-negocios-de-maquinas-e-equipamentos-em-48-5-a/","https://mclair.com.br/blog-images/capa-padrao-og.png","AGRO: Indústrias brasileiras de máquinas e equipamentos buscam expansão no mercado africano","","","lazy","sem width/height (risco de CLS)"
"https://mclair.com.br/blog/brasil-aumenta-volume-de-negocios-de-maquinas-e-equipamentos-em-48-5-a/","https://mclair.com.br/blog-images/capa-padrao-og.png","Indústria de máquinas projeta USD 15 MI em negócios  internacionais durante Agrishow 2023","","","lazy","sem width/height (risco de CLS)"
"https://mclair.com.br/blog/brasil-aumenta-volume-de-negocios-de-maquinas-e-equipamentos-em-48-5-a/","https://mclair.com.br/blog-images/capa-padrao-og.png","Mineração: indústria de máquinas e equipamentos estima US$11,6 milhões em exportações","","","lazy","sem width/height (risco de CLS)"
"https://mclair.com.br/blog/brasil-aumenta-volume-de-negocios-de-maquinas-e-equipamentos-em-48-5-a/","/logos/logo-negativo.png","Mclair","","32","","sem width/height (risco de CLS) | sem atributo loading"
"https://mclair.com.br/blog/brasil-estima-faturamento-superior-a-us-100-mi-para-as-exportacoes-do-/","/logos/logo-color.png","Mclair","","","","sem width/height (risco de CLS) | sem atributo loading"
"https://mclair.com.br/blog/brasil-estima-faturamento-superior-a-us-100-mi-para-as-exportacoes-do-/","/logos/logo-white-hd.png","Mclair","","","","sem width/height (risco de CLS) | sem atributo loading"
"https://mclair.com.br/blog/brasil-estima-faturamento-superior-a-us-100-mi-para-as-exportacoes-do-/","/cases-img/claudia-elisa-1.webp","","","","eager","alt vazio (ok se decorativa) | sem width/height (risco de CLS)"
"https://mclair.com.br/blog/brasil-estima-faturamento-superior-a-us-100-mi-para-as-exportacoes-do-/","/logos/logo-icone-M.png","Mclair","120","120","","sem atributo loading"
"https://mclair.com.br/blog/brasil-estima-faturamento-superior-a-us-100-mi-para-as-exportacoes-do-/","https://mclair.com.br/blog-images/capa-padrao-og.png","","","","","alt vazio (ok se decorativa) | sem width/height (risco de CLS) | sem atributo loading"
"https://mclair.com.br/blog/brasil-estima-faturamento-superior-a-us-100-mi-para-as-exportacoes-do-/","https://mclair.com.br/blog-images/capa-padrao-og.png","AGRO: Indústrias brasileiras de máquinas e equipamentos buscam expansão no mercado africano","","","lazy","sem width/height (risco de CLS)"
"https://mclair.com.br/blog/brasil-estima-faturamento-superior-a-us-100-mi-para-as-exportacoes-do-/","https://mclair.com.br/blog-images/capa-padrao-og.png","Indústria de máquinas projeta USD 15 MI em negócios  internacionais durante Agrishow 2023","","","lazy","sem width/height (risco de CLS)"
"https://mclair.com.br/blog/brasil-estima-faturamento-superior-a-us-100-mi-para-as-exportacoes-do-/","https://mclair.com.br/blog-images/capa-padrao-og.png","Mineração: indústria de máquinas e equipamentos estima US$11,6 milhões em exportações","","","lazy","sem width/height (risco de CLS)"
"https://mclair.com.br/blog/brasil-estima-faturamento-superior-a-us-100-mi-para-as-exportacoes-do-/","/logos/logo-negativo.png","Mclair","","32","","sem width/height (risco de CLS) | sem atributo loading"
"https://mclair.com.br/blog/brasil-gera-us-4-5-milhoes-durante-a-eima-2022/","/logos/logo-color.png","Mclair","","","","sem width/height (risco de CLS) | sem atributo loading"
"https://mclair.com.br/blog/brasil-gera-us-4-5-milhoes-durante-a-eima-2022/","/logos/logo-white-hd.png","Mclair","","","","sem width/height (risco de CLS) | sem atributo loading"
"https://mclair.com.br/blog/brasil-gera-us-4-5-milhoes-durante-a-eima-2022/","/cases-img/claudia-elisa-1.webp","","","","eager","alt vazio (ok se decorativa) | sem width/height (risco de CLS)"
"https://mclair.com.br/blog/brasil-gera-us-4-5-milhoes-durante-a-eima-2022/","/logos/logo-icone-M.png","Mclair","120","120","","sem atributo loading"
"https://mclair.com.br/blog/brasil-gera-us-4-5-milhoes-durante-a-eima-2022/","https://mclair.com.br/blog-images/capa-padrao-og.png","","","","","alt vazio (ok se decorativa) | sem width/height (risco de CLS) | sem atributo loading"
"https://mclair.com.br/blog/brasil-gera-us-4-5-milhoes-durante-a-eima-2022/","https://mclair.com.br/blog-images/capa-padrao-og.png","AGRO: Indústrias brasileiras de máquinas e equipamentos buscam expansão no mercado africano","","","lazy","sem width/height (risco de CLS)"
"https://mclair.com.br/blog/brasil-gera-us-4-5-milhoes-durante-a-eima-2022/","https://mclair.com.br/blog-images/capa-padrao-og.png","Indústria de máquinas projeta USD 15 MI em negócios  internacionais durante Agrishow 2023","","","lazy","sem width/height (risco de CLS)"
"https://mclair.com.br/blog/brasil-gera-us-4-5-milhoes-durante-a-eima-2022/","https://mclair.com.br/blog-images/capa-padrao-og.png","Mineração: indústria de máquinas e equipamentos estima US$11,6 milhões em exportações","","","lazy","sem width/height (risco de CLS)"
"https://mclair.com.br/blog/brasil-gera-us-4-5-milhoes-durante-a-eima-2022/","/logos/logo-negativo.png","Mclair","","32","","sem width/height (risco de CLS) | sem atributo loading"
"https://mclair.com.br/blog/brasil-movimenta-us-5-6-bilhoes-em-exportacao-de-maquinas-e-equipament/","/logos/logo-color.png","Mclair","","","","sem width/height (risco de CLS) | sem atributo loading"
"https://mclair.com.br/blog/brasil-movimenta-us-5-6-bilhoes-em-exportacao-de-maquinas-e-equipament/","/logos/logo-white-hd.png","Mclair","","","","sem width/height (risco de CLS) | sem atributo loading"
"https://mclair.com.br/blog/brasil-movimenta-us-5-6-bilhoes-em-exportacao-de-maquinas-e-equipament/","/cases-img/claudia-elisa-1.webp","","","","eager","alt vazio (ok se decorativa) | sem width/height (risco de CLS)"
"https://mclair.com.br/blog/brasil-movimenta-us-5-6-bilhoes-em-exportacao-de-maquinas-e-equipament/","/logos/logo-icone-M.png","Mclair","120","120","","sem atributo loading"
"https://mclair.com.br/blog/brasil-movimenta-us-5-6-bilhoes-em-exportacao-de-maquinas-e-equipament/","https://mclair.com.br/blog-images/capa-padrao-og.png","","","","","alt vazio (ok se decorativa) | sem width/height (risco de CLS) | sem atributo loading"
"https://mclair.com.br/blog/brasil-movimenta-us-5-6-bilhoes-em-exportacao-de-maquinas-e-equipament/","https://mclair.com.br/blog-images/capa-padrao-og.png","AGRO: Indústrias brasileiras de máquinas e equipamentos buscam expansão no mercado africano","","","lazy","sem width/height (risco de CLS)"
"https://mclair.com.br/blog/brasil-movimenta-us-5-6-bilhoes-em-exportacao-de-maquinas-e-equipament/","https://mclair.com.br/blog-images/capa-padrao-og.png","Indústria de máquinas projeta USD 15 MI em negócios  internacionais durante Agrishow 2023","","","lazy","sem width/height (risco de CLS)"
"https://mclair.com.br/blog/brasil-movimenta-us-5-6-bilhoes-em-exportacao-de-maquinas-e-equipament/","https://mclair.com.br/blog-images/capa-padrao-og.png","Mineração: indústria de máquinas e equipamentos estima US$11,6 milhões em exportações","","","lazy","sem width/height (risco de CLS)"
"https://mclair.com.br/blog/brasil-movimenta-us-5-6-bilhoes-em-exportacao-de-maquinas-e-equipament/","/logos/logo-negativo.png","Mclair","","32","","sem width/height (risco de CLS) | sem atributo loading"
"https://mclair.com.br/blog/caixa-leiloa-400-imoveis-com-descontos-de-ate-60-em-todo-o-pais/","/logos/logo-color.png","Mclair","","","","sem width/height (risco de CLS) | sem atributo loading"
"https://mclair.com.br/blog/caixa-leiloa-400-imoveis-com-descontos-de-ate-60-em-todo-o-pais/","/logos/logo-white-hd.png","Mclair","","","","sem width/height (risco de CLS) | sem atributo loading"
"https://mclair.com.br/blog/caixa-leiloa-400-imoveis-com-descontos-de-ate-60-em-todo-o-pais/","/cases-img/claudia-elisa-1.webp","","","","eager","alt vazio (ok se decorativa) | sem width/height (risco de CLS)"
"https://mclair.com.br/blog/caixa-leiloa-400-imoveis-com-descontos-de-ate-60-em-todo-o-pais/","/logos/logo-icone-M.png","Mclair","120","120","","sem atributo loading"
"https://mclair.com.br/blog/caixa-leiloa-400-imoveis-com-descontos-de-ate-60-em-todo-o-pais/","https://mclair.com.br/blog-images/capa-padrao-og.png","","","","","alt vazio (ok se decorativa) | sem width/height (risco de CLS) | sem atributo loading"
"https://mclair.com.br/blog/caixa-leiloa-400-imoveis-com-descontos-de-ate-60-em-todo-o-pais/","https://mclair.com.br/blog-images/capa-padrao-og.png","Justiça Federal: leilão com descontos de até 50% oferece imóveis e veículos em São Paulo","","","lazy","sem width/height (risco de CLS)"
"https://mclair.com.br/blog/caixa-leiloa-400-imoveis-com-descontos-de-ate-60-em-todo-o-pais/","https://mclair.com.br/blog-images/capa-padrao-og.png","Leilão especial: evento online tem motos a partir de R$3,4 mil","","","lazy","sem width/height (risco de CLS)"
"https://mclair.com.br/blog/caixa-leiloa-400-imoveis-com-descontos-de-ate-60-em-todo-o-pais/","https://mclair.com.br/blog-images/capa-padrao-og.png","Fidalgo amplia portfólio de negócios com novos segmentos de leilões","","","lazy","sem width/height (risco de CLS)"
"https://mclair.com.br/blog/caixa-leiloa-400-imoveis-com-descontos-de-ate-60-em-todo-o-pais/","/logos/logo-negativo.png","Mclair","","32","","sem width/height (risco de CLS) | sem atributo loading"
"https://mclair.com.br/blog/caixa-realiza-leilao-de-imoveis-online-no-centro-oeste-com-descontos-d/","/logos/logo-color.png","Mclair","","","","sem width/height (risco de CLS) | sem atributo loading"
"https://mclair.com.br/blog/caixa-realiza-leilao-de-imoveis-online-no-centro-oeste-com-descontos-d/","/logos/logo-white-hd.png","Mclair","","","","sem width/height (risco de CLS) | sem atributo loading"
"https://mclair.com.br/blog/caixa-realiza-leilao-de-imoveis-online-no-centro-oeste-com-descontos-d/","/cases-img/claudia-elisa-1.webp","","","","eager","alt vazio (ok se decorativa) | sem width/height (risco de CLS)"
"https://mclair.com.br/blog/caixa-realiza-leilao-de-imoveis-online-no-centro-oeste-com-descontos-d/","/logos/logo-icone-M.png","Mclair","120","120","","sem atributo loading"
"https://mclair.com.br/blog/caixa-realiza-leilao-de-imoveis-online-no-centro-oeste-com-descontos-d/","/uploads/recovered-caixa-realiza-leilao-de-imoveis-online-no-centro-oeste-com-descontos-d.jpg","","","","","alt vazio (ok se decorativa) | sem width/height (risco de CLS) | sem atributo loading"
"https://mclair.com.br/blog/caixa-realiza-leilao-de-imoveis-online-no-centro-oeste-com-descontos-d/","https://mclair.com.br/blog-images/capa-padrao-og.png","Justiça Federal: leilão com descontos de até 50% oferece imóveis e veículos em São Paulo","","","lazy","sem width/height (risco de CLS)"
"https://mclair.com.br/blog/caixa-realiza-leilao-de-imoveis-online-no-centro-oeste-com-descontos-d/","https://mclair.com.br/blog-images/capa-padrao-og.png","Leilão especial: evento online tem motos a partir de R$3,4 mil","","","lazy","sem width/height (risco de CLS)"
"https://mclair.com.br/blog/caixa-realiza-leilao-de-imoveis-online-no-centro-oeste-com-descontos-d/","https://mclair.com.br/blog-images/capa-padrao-og.png","Fidalgo amplia portfólio de negócios com novos segmentos de leilões","","","lazy","sem width/height (risco de CLS)"
"https://mclair.com.br/blog/caixa-realiza-leilao-de-imoveis-online-no-centro-oeste-com-descontos-d/","/logos/logo-negativo.png","Mclair","","32","","sem width/height (risco de CLS) | sem atributo loading"
"https://mclair.com.br/blog/canal-brasil-exibe/","/logos/logo-color.png","Mclair","","","","sem width/height (risco de CLS) | sem atributo loading"
"https://mclair.com.br/blog/canal-brasil-exibe/","/logos/logo-white-hd.png","Mclair","","","","sem width/height (risco de CLS) | sem atributo loading"
"https://mclair.com.br/blog/canal-brasil-exibe/","/cases-img/claudia-elisa-1.webp","","","","eager","alt vazio (ok se decorativa) | sem width/height (risco de CLS)"
"https://mclair.com.br/blog/canal-brasil-exibe/","/logos/logo-icone-M.png","Mclair","120","120","","sem atributo loading"
"https://mclair.com.br/blog/canal-brasil-exibe/","https://mclair.com.br/blog-images/capa-padrao-og.png","","","","","alt vazio (ok se decorativa) | sem width/height (risco de CLS) | sem atributo loading"
"https://mclair.com.br/blog/canal-brasil-exibe/","https://mclair.com.br/blog-images/capa-padrao-og.png","Abrolhos Filmes lança vídeo manifesto para reforçar posicionamento","","","lazy","sem width/height (risco de CLS)"
"https://mclair.com.br/blog/canal-brasil-exibe/","https://mclair.com.br/blog-images/capa-padrao-og.png","Cotas para streaming na França realça atraso do Brasil na regulamentação de VoD","","","lazy","sem width/height (risco de CLS)"
"https://mclair.com.br/blog/canal-brasil-exibe/","https://mclair.com.br/blog-images/capa-padrao-og.png","Pirataria sai do controle com streaming e isolamento social","","","lazy","sem width/height (risco de CLS)"
"https://mclair.com.br/blog/canal-brasil-exibe/","/logos/logo-negativo.png","Mclair","","32","","sem width/height (risco de CLS) | sem atributo loading"
"https://mclair.com.br/blog/cannabis-valuation-de-qualidade-e-transparencia-sao-diferenciais-para-/","/logos/logo-color.png","Mclair","","","","sem width/height (risco de CLS) | sem atributo loading"
"https://mclair.com.br/blog/cannabis-valuation-de-qualidade-e-transparencia-sao-diferenciais-para-/","/logos/logo-white-hd.png","Mclair","","","","sem width/height (risco de CLS) | sem atributo loading"
"https://mclair.com.br/blog/cannabis-valuation-de-qualidade-e-transparencia-sao-diferenciais-para-/","/cases-img/claudia-elisa-1.webp","","","","eager","alt vazio (ok se decorativa) | sem width/height (risco de CLS)"
"https://mclair.com.br/blog/cannabis-valuation-de-qualidade-e-transparencia-sao-diferenciais-para-/","/logos/logo-icone-M.png","Mclair","120","120","","sem atributo loading"
"https://mclair.com.br/blog/cannabis-valuation-de-qualidade-e-transparencia-sao-diferenciais-para-/","https://mclair.com.br/blog-images/capa-padrao-og.png","","","","","alt vazio (ok se decorativa) | sem width/height (risco de CLS) | sem atributo loading"
"https://mclair.com.br/blog/cannabis-valuation-de-qualidade-e-transparencia-sao-diferenciais-para-/","https://mclair.com.br/blog-images/capa-padrao-og.png","Valuation: Quanto vale um canal no Youtube?","","","lazy","sem width/height (risco de CLS)"
"https://mclair.com.br/blog/cannabis-valuation-de-qualidade-e-transparencia-sao-diferenciais-para-/","https://mclair.com.br/blog-images/capa-padrao-og.png","6 dicas para PMEs e startups atraírem investimento","","","lazy","sem width/height (risco de CLS)"
"https://mclair.com.br/blog/cannabis-valuation-de-qualidade-e-transparencia-sao-diferenciais-para-/","https://mclair.com.br/blog-images/capa-padrao-og.png","Startup cresce 400% com serviços de valuation para o mercado de cannabis","","","lazy","sem width/height (risco de CLS)"
"https://mclair.com.br/blog/cannabis-valuation-de-qualidade-e-transparencia-sao-diferenciais-para-/","/logos/logo-negativo.png","Mclair","","32","","sem width/height (risco de CLS) | sem atributo loading"
"https://mclair.com.br/blog/case-o-gambito-da-rainha-o-que-isso-tem-a-ver-com-a-sua-marca/","/logos/logo-color.png","Mclair","","","","sem width/height (risco de CLS) | sem atributo loading"
"https://mclair.com.br/blog/case-o-gambito-da-rainha-o-que-isso-tem-a-ver-com-a-sua-marca/","/logos/logo-white-hd.png","Mclair","","","","sem width/height (risco de CLS) | sem atributo loading"
"https://mclair.com.br/blog/case-o-gambito-da-rainha-o-que-isso-tem-a-ver-com-a-sua-marca/","/cases-img/claudia-elisa-1.webp","","","","eager","alt vazio (ok se decorativa) | sem width/height (risco de CLS)"
"https://mclair.com.br/blog/case-o-gambito-da-rainha-o-que-isso-tem-a-ver-com-a-sua-marca/","/logos/logo-icone-M.png","Mclair","120","120","","sem atributo loading"
"https://mclair.com.br/blog/case-o-gambito-da-rainha-o-que-isso-tem-a-ver-com-a-sua-marca/","https://mclair.com.br/blog-images/capa-padrao-og.png","","","","","alt vazio (ok se decorativa) | sem width/height (risco de CLS) | sem atributo loading"
"https://mclair.com.br/blog/case-o-gambito-da-rainha-o-que-isso-tem-a-ver-com-a-sua-marca/","https://mclair.com.br/blog-images/capa-padrao-og.png","Abrolhos Filmes lança vídeo manifesto para reforçar posicionamento","","","lazy","sem width/height (risco de CLS)"
"https://mclair.com.br/blog/case-o-gambito-da-rainha-o-que-isso-tem-a-ver-com-a-sua-marca/","https://mclair.com.br/blog-images/capa-padrao-og.png","Cotas para streaming na França realça atraso do Brasil na regulamentação de VoD","","","lazy","sem width/height (risco de CLS)"
"https://mclair.com.br/blog/case-o-gambito-da-rainha-o-que-isso-tem-a-ver-com-a-sua-marca/","https://mclair.com.br/blog-images/capa-padrao-og.png","Pirataria sai do controle com streaming e isolamento social","","","lazy","sem width/height (risco de CLS)"
"https://mclair.com.br/blog/case-o-gambito-da-rainha-o-que-isso-tem-a-ver-com-a-sua-marca/","/logos/logo-negativo.png","Mclair","","32","","sem width/height (risco de CLS) | sem atributo loading"
"https://mclair.com.br/blog/chatgpt-conheca-a-ia-que-tem-assombrado-os-programadores/","/logos/logo-color.png","Mclair","","","","sem width/height (risco de CLS) | sem atributo loading"
"https://mclair.com.br/blog/chatgpt-conheca-a-ia-que-tem-assombrado-os-programadores/","/logos/logo-white-hd.png","Mclair","","","","sem width/height (risco de CLS) | sem atributo loading"
"https://mclair.com.br/blog/chatgpt-conheca-a-ia-que-tem-assombrado-os-programadores/","/cases-img/claudia-elisa-1.webp","","","","eager","alt vazio (ok se decorativa) | sem width/height (risco de CLS)"
"https://mclair.com.br/blog/chatgpt-conheca-a-ia-que-tem-assombrado-os-programadores/","/logos/logo-icone-M.png","Mclair","120","120","","sem atributo loading"
"https://mclair.com.br/blog/chatgpt-conheca-a-ia-que-tem-assombrado-os-programadores/","https://mclair.com.br/blog-images/capa-padrao-og.png","","","","","alt vazio (ok se decorativa) | sem width/height (risco de CLS) | sem atributo loading"
"https://mclair.com.br/blog/chatgpt-conheca-a-ia-que-tem-assombrado-os-programadores/","https://mclair.com.br/blog-images/capa-padrao-og.png","ZBRA anuncia Head de Novos Negócios","","","lazy","sem width/height (risco de CLS)"
"https://mclair.com.br/blog/chatgpt-conheca-a-ia-que-tem-assombrado-os-programadores/","https://mclair.com.br/blog-images/capa-padrao-og.png","Racismo algorítmico: especialistas apontam caminhos para um futuro inclusivo","","","lazy","sem width/height (risco de CLS)"
"https://mclair.com.br/blog/chatgpt-conheca-a-ia-que-tem-assombrado-os-programadores/","https://mclair.com.br/blog-images/capa-padrao-og.png","Dia do Programador: 4 curiosidades sobre a profissão do futuro","","","lazy","sem width/height (risco de CLS)"
"https://mclair.com.br/blog/chatgpt-conheca-a-ia-que-tem-assombrado-os-programadores/","/logos/logo-negativo.png","Mclair","","32","","sem width/height (risco de CLS) | sem atributo loading"
"https://mclair.com.br/blog/cinema-e-o-elixir-do-novo-marketing/","/logos/logo-color.png","Mclair","","","","sem width/height (risco de CLS) | sem atributo loading"
"https://mclair.com.br/blog/cinema-e-o-elixir-do-novo-marketing/","/logos/logo-white-hd.png","Mclair","","","","sem width/height (risco de CLS) | sem atributo loading"
"https://mclair.com.br/blog/cinema-e-o-elixir-do-novo-marketing/","/cases-img/claudia-elisa-1.webp","","","","eager","alt vazio (ok se decorativa) | sem width/height (risco de CLS)"
"https://mclair.com.br/blog/cinema-e-o-elixir-do-novo-marketing/","/logos/logo-icone-M.png","Mclair","120","120","","sem atributo loading"
"https://mclair.com.br/blog/cinema-e-o-elixir-do-novo-marketing/","https://mclair.com.br/blog-images/capa-padrao-og.png","","","","","alt vazio (ok se decorativa) | sem width/height (risco de CLS) | sem atributo loading"
"https://mclair.com.br/blog/cinema-e-o-elixir-do-novo-marketing/","https://mclair.com.br/blog-images/capa-padrao-og.png","Abrolhos Filmes lança vídeo manifesto para reforçar posicionamento","","","lazy","sem width/height (risco de CLS)"
"https://mclair.com.br/blog/cinema-e-o-elixir-do-novo-marketing/","https://mclair.com.br/blog-images/capa-padrao-og.png","Cotas para streaming na França realça atraso do Brasil na regulamentação de VoD","","","lazy","sem width/height (risco de CLS)"
"https://mclair.com.br/blog/cinema-e-o-elixir-do-novo-marketing/","https://mclair.com.br/blog-images/capa-padrao-og.png","Pirataria sai do controle com streaming e isolamento social","","","lazy","sem width/height (risco de CLS)"
"https://mclair.com.br/blog/cinema-e-o-elixir-do-novo-marketing/","/logos/logo-negativo.png","Mclair","","32","","sem width/height (risco de CLS) | sem atributo loading"
"https://mclair.com.br/blog/claudia-elisa-passa-a-integrar-conselho-da-tupy/","/logos/logo-color.png","Mclair","","","","sem width/height (risco de CLS) | sem atributo loading"
"https://mclair.com.br/blog/claudia-elisa-passa-a-integrar-conselho-da-tupy/","/logos/logo-white-hd.png","Mclair","","","","sem width/height (risco de CLS) | sem atributo loading"
"https://mclair.com.br/blog/claudia-elisa-passa-a-integrar-conselho-da-tupy/","/cases-img/claudia-elisa-1.webp","","","","eager","alt vazio (ok se decorativa) | sem width/height (risco de CLS)"
"https://mclair.com.br/blog/claudia-elisa-passa-a-integrar-conselho-da-tupy/","/logos/logo-icone-M.png","Mclair","120","120","","sem atributo loading"
"https://mclair.com.br/blog/claudia-elisa-passa-a-integrar-conselho-da-tupy/","https://mclair.com.br/blog-images/capa-padrao-og.png","","","","","alt vazio (ok se decorativa) | sem width/height (risco de CLS) | sem atributo loading"
"https://mclair.com.br/blog/claudia-elisa-passa-a-integrar-conselho-da-tupy/","https://mclair.com.br/blog-images/capa-padrao-og.png","Os desafios e mitos sobre a transição energética","","","lazy","sem width/height (risco de CLS)"
"https://mclair.com.br/blog/claudia-elisa-passa-a-integrar-conselho-da-tupy/","https://mclair.com.br/blog-images/capa-padrao-og.png","RH e o futuro do trabalho: quais as tendências para os próximos 10 anos?","","","lazy","sem width/height (risco de CLS)"
"https://mclair.com.br/blog/claudia-elisa-passa-a-integrar-conselho-da-tupy/","https://mclair.com.br/blog-images/capa-padrao-og.png","O","","","lazy","sem width/height (risco de CLS)"
"https://mclair.com.br/blog/claudia-elisa-passa-a-integrar-conselho-da-tupy/","/logos/logo-negativo.png","Mclair","","32","","sem width/height (risco de CLS) | sem atributo loading"
"https://mclair.com.br/blog/co-producao-de-marcas-e-alternativa-aos-incentivos-publicos-e-patrocin/","/logos/logo-color.png","Mclair","","","","sem width/height (risco de CLS) | sem atributo loading"
"https://mclair.com.br/blog/co-producao-de-marcas-e-alternativa-aos-incentivos-publicos-e-patrocin/","/logos/logo-white-hd.png","Mclair","","","","sem width/height (risco de CLS) | sem atributo loading"
"https://mclair.com.br/blog/co-producao-de-marcas-e-alternativa-aos-incentivos-publicos-e-patrocin/","/cases-img/claudia-elisa-1.webp","","","","eager","alt vazio (ok se decorativa) | sem width/height (risco de CLS)"
"https://mclair.com.br/blog/co-producao-de-marcas-e-alternativa-aos-incentivos-publicos-e-patrocin/","/logos/logo-icone-M.png","Mclair","120","120","","sem atributo loading"
"https://mclair.com.br/blog/co-producao-de-marcas-e-alternativa-aos-incentivos-publicos-e-patrocin/","https://mclair.com.br/blog-images/capa-padrao-og.png","","","","","alt vazio (ok se decorativa) | sem width/height (risco de CLS) | sem atributo loading"
"https://mclair.com.br/blog/co-producao-de-marcas-e-alternativa-aos-incentivos-publicos-e-patrocin/","https://mclair.com.br/blog-images/capa-padrao-og.png","Abrolhos Filmes lança vídeo manifesto para reforçar posicionamento","","","lazy","sem width/height (risco de CLS)"
"https://mclair.com.br/blog/co-producao-de-marcas-e-alternativa-aos-incentivos-publicos-e-patrocin/","https://mclair.com.br/blog-images/capa-padrao-og.png","Cotas para streaming na França realça atraso do Brasil na regulamentação de VoD","","","lazy","sem width/height (risco de CLS)"
"https://mclair.com.br/blog/co-producao-de-marcas-e-alternativa-aos-incentivos-publicos-e-patrocin/","https://mclair.com.br/blog-images/capa-padrao-og.png","Pirataria sai do controle com streaming e isolamento social","","","lazy","sem width/height (risco de CLS)"
"https://mclair.com.br/blog/co-producao-de-marcas-e-alternativa-aos-incentivos-publicos-e-patrocin/","/logos/logo-negativo.png","Mclair","","32","","sem width/height (risco de CLS) | sem atributo loading"
"https://mclair.com.br/blog/como-a-chegada-do-5g-deve-impactar-o-marketing-digital/","/logos/logo-color.png","Mclair","","","","sem width/height (risco de CLS) | sem atributo loading"
"https://mclair.com.br/blog/como-a-chegada-do-5g-deve-impactar-o-marketing-digital/","/logos/logo-white-hd.png","Mclair","","","","sem width/height (risco de CLS) | sem atributo loading"
"https://mclair.com.br/blog/como-a-chegada-do-5g-deve-impactar-o-marketing-digital/","/cases-img/claudia-elisa-1.webp","","","","eager","alt vazio (ok se decorativa) | sem width/height (risco de CLS)"
"https://mclair.com.br/blog/como-a-chegada-do-5g-deve-impactar-o-marketing-digital/","/logos/logo-icone-M.png","Mclair","120","120","","sem atributo loading"
"https://mclair.com.br/blog/como-a-chegada-do-5g-deve-impactar-o-marketing-digital/","https://mclair.com.br/blog-images/capa-padrao-og.png","","","","","alt vazio (ok se decorativa) | sem width/height (risco de CLS) | sem atributo loading"
"https://mclair.com.br/blog/como-a-chegada-do-5g-deve-impactar-o-marketing-digital/","https://mclair.com.br/blog-images/capa-padrao-og.png","Quem está por trás da automação?","","","lazy","sem width/height (risco de CLS)"
"https://mclair.com.br/blog/como-a-chegada-do-5g-deve-impactar-o-marketing-digital/","https://mclair.com.br/blog-images/capa-padrao-og.png","O papel de entidades públicas para as Cidades Inteligentes","","","lazy","sem width/height (risco de CLS)"
"https://mclair.com.br/blog/como-a-chegada-do-5g-deve-impactar-o-marketing-digital/","https://mclair.com.br/blog-images/capa-padrao-og.png","Inteligência Artificial: consenso é a chave para um mundo robotizado","","","lazy","sem width/height (risco de CLS)"
"https://mclair.com.br/blog/como-a-chegada-do-5g-deve-impactar-o-marketing-digital/","/logos/logo-negativo.png","Mclair","","32","","sem width/height (risco de CLS) | sem atributo loading"
"https://mclair.com.br/blog/como-a-compra-da-lambda3-vai-impactar-o-modelo-de-negocios-no-setor-de/","/logos/logo-color.png","Mclair","","","","sem width/height (risco de CLS) | sem atributo loading"
"https://mclair.com.br/blog/como-a-compra-da-lambda3-vai-impactar-o-modelo-de-negocios-no-setor-de/","/logos/logo-white-hd.png","Mclair","","","","sem width/height (risco de CLS) | sem atributo loading"
"https://mclair.com.br/blog/como-a-compra-da-lambda3-vai-impactar-o-modelo-de-negocios-no-setor-de/","/cases-img/claudia-elisa-1.webp","","","","eager","alt vazio (ok se decorativa) | sem width/height (risco de CLS)"
"https://mclair.com.br/blog/como-a-compra-da-lambda3-vai-impactar-o-modelo-de-negocios-no-setor-de/","/logos/logo-icone-M.png","Mclair","120","120","","sem atributo loading"
"https://mclair.com.br/blog/como-a-compra-da-lambda3-vai-impactar-o-modelo-de-negocios-no-setor-de/","https://mclair.com.br/blog-images/capa-padrao-og.png","","","","","alt vazio (ok se decorativa) | sem width/height (risco de CLS) | sem atributo loading"
"https://mclair.com.br/blog/como-a-compra-da-lambda3-vai-impactar-o-modelo-de-negocios-no-setor-de/","https://mclair.com.br/blog-images/capa-padrao-og.png","14/09 - Lambda3 completa 12 anos e lança podcast com olhar sobre negócios no contexto nacional","","","lazy","sem width/height (risco de CLS)"
"https://mclair.com.br/blog/como-a-compra-da-lambda3-vai-impactar-o-modelo-de-negocios-no-setor-de/","https://mclair.com.br/blog-images/capa-padrao-og.png","Oportunidade de capacitação em TI: Lambda3 apresenta palestras no TDC Business","","","lazy","sem width/height (risco de CLS)"
"https://mclair.com.br/blog/como-a-compra-da-lambda3-vai-impactar-o-modelo-de-negocios-no-setor-de/","https://mclair.com.br/blog-images/capa-padrao-og.png","4 erros comuns ao implementar produtos digitais","","","lazy","sem width/height (risco de CLS)"
"https://mclair.com.br/blog/como-a-compra-da-lambda3-vai-impactar-o-modelo-de-negocios-no-setor-de/","/logos/logo-negativo.png","Mclair","","32","","sem width/height (risco de CLS) | sem atributo loading"
"https://mclair.com.br/blog/como-a-gamificacao-tornou-se-estrategia-people-first-na-era-digital/","/logos/logo-color.png","Mclair","","","","sem width/height (risco de CLS) | sem atributo loading"
"https://mclair.com.br/blog/como-a-gamificacao-tornou-se-estrategia-people-first-na-era-digital/","/logos/logo-white-hd.png","Mclair","","","","sem width/height (risco de CLS) | sem atributo loading"
"https://mclair.com.br/blog/como-a-gamificacao-tornou-se-estrategia-people-first-na-era-digital/","/cases-img/claudia-elisa-1.webp","","","","eager","alt vazio (ok se decorativa) | sem width/height (risco de CLS)"
"https://mclair.com.br/blog/como-a-gamificacao-tornou-se-estrategia-people-first-na-era-digital/","/logos/logo-icone-M.png","Mclair","120","120","","sem atributo loading"
"https://mclair.com.br/blog/como-a-gamificacao-tornou-se-estrategia-people-first-na-era-digital/","https://mclair.com.br/blog-images/capa-padrao-og.png","","","","","alt vazio (ok se decorativa) | sem width/height (risco de CLS) | sem atributo loading"
"https://mclair.com.br/blog/como-a-gamificacao-tornou-se-estrategia-people-first-na-era-digital/","https://mclair.com.br/blog-images/capa-padrao-og.png","Como entender melhor e liderar a Geração Z?","","","lazy","sem width/height (risco de CLS)"
"https://mclair.com.br/blog/como-a-gamificacao-tornou-se-estrategia-people-first-na-era-digital/","https://mclair.com.br/blog-images/capa-padrao-og.png","Por que a segurança psicológica de colaboradores é fundamental para as organizações","","","lazy","sem width/height (risco de CLS)"
"https://mclair.com.br/blog/como-a-gamificacao-tornou-se-estrategia-people-first-na-era-digital/","https://mclair.com.br/blog-images/capa-padrao-og.png","Pós-Licença: a realidade e rotina de uma mãe na volta ao trabalho","","","lazy","sem width/height (risco de CLS)"
"https://mclair.com.br/blog/como-a-gamificacao-tornou-se-estrategia-people-first-na-era-digital/","/logos/logo-negativo.png","Mclair","","32","","sem width/height (risco de CLS) | sem atributo loading"
"https://mclair.com.br/blog/como-a-ia-esta-impactando-o-futuro-das-profissoes-e-dos-conselhos-admi/","/logos/logo-color.png","Mclair","","","","sem width/height (risco de CLS) | sem atributo loading"
"https://mclair.com.br/blog/como-a-ia-esta-impactando-o-futuro-das-profissoes-e-dos-conselhos-admi/","/logos/logo-white-hd.png","Mclair","","","","sem width/height (risco de CLS) | sem atributo loading"
"https://mclair.com.br/blog/como-a-ia-esta-impactando-o-futuro-das-profissoes-e-dos-conselhos-admi/","/cases-img/claudia-elisa-1.webp","","","","eager","alt vazio (ok se decorativa) | sem width/height (risco de CLS)"
"https://mclair.com.br/blog/como-a-ia-esta-impactando-o-futuro-das-profissoes-e-dos-conselhos-admi/","/logos/logo-icone-M.png","Mclair","120","120","","sem atributo loading"
"https://mclair.com.br/blog/como-a-ia-esta-impactando-o-futuro-das-profissoes-e-dos-conselhos-admi/","https://mclair.com.br/blog-images/capa-padrao-og.png","","","","","alt vazio (ok se decorativa) | sem width/height (risco de CLS) | sem atributo loading"
"https://mclair.com.br/blog/como-a-ia-esta-impactando-o-futuro-das-profissoes-e-dos-conselhos-admi/","https://mclair.com.br/blog-images/capa-padrao-og.png","Os desafios e mitos sobre a transição energética","","","lazy","sem width/height (risco de CLS)"
"https://mclair.com.br/blog/como-a-ia-esta-impactando-o-futuro-das-profissoes-e-dos-conselhos-admi/","https://mclair.com.br/blog-images/capa-padrao-og.png","RH e o futuro do trabalho: quais as tendências para os próximos 10 anos?","","","lazy","sem width/height (risco de CLS)"
"https://mclair.com.br/blog/como-a-ia-esta-impactando-o-futuro-das-profissoes-e-dos-conselhos-admi/","https://mclair.com.br/blog-images/capa-padrao-og.png","O","","","lazy","sem width/height (risco de CLS)"
"https://mclair.com.br/blog/como-a-ia-esta-impactando-o-futuro-das-profissoes-e-dos-conselhos-admi/","/logos/logo-negativo.png","Mclair","","32","","sem width/height (risco de CLS) | sem atributo loading"
"https://mclair.com.br/blog/como-a-robotizacao-deve-ganhar-protagonismo-para-os-processos-empresar/","/logos/logo-color.png","Mclair","","","","sem width/height (risco de CLS) | sem atributo loading"
"https://mclair.com.br/blog/como-a-robotizacao-deve-ganhar-protagonismo-para-os-processos-empresar/","/logos/logo-white-hd.png","Mclair","","","","sem width/height (risco de CLS) | sem atributo loading"
"https://mclair.com.br/blog/como-a-robotizacao-deve-ganhar-protagonismo-para-os-processos-empresar/","/cases-img/claudia-elisa-1.webp","","","","eager","alt vazio (ok se decorativa) | sem width/height (risco de CLS)"
"https://mclair.com.br/blog/como-a-robotizacao-deve-ganhar-protagonismo-para-os-processos-empresar/","/logos/logo-icone-M.png","Mclair","120","120","","sem atributo loading"
"https://mclair.com.br/blog/como-a-robotizacao-deve-ganhar-protagonismo-para-os-processos-empresar/","/uploads/recovered-como-a-robotizacao-deve-ganhar-protagonismo-para-os-processos-empresar.jpg","","","","","alt vazio (ok se decorativa) | sem width/height (risco de CLS) | sem atributo loading"
"https://mclair.com.br/blog/como-a-robotizacao-deve-ganhar-protagonismo-para-os-processos-empresar/","https://mclair.com.br/blog-images/capa-padrao-og.png","Quem está por trás da automação?","","","lazy","sem width/height (risco de CLS)"
"https://mclair.com.br/blog/como-a-robotizacao-deve-ganhar-protagonismo-para-os-processos-empresar/","https://mclair.com.br/blog-images/capa-padrao-og.png","O papel de entidades públicas para as Cidades Inteligentes","","","lazy","sem width/height (risco de CLS)"
"https://mclair.com.br/blog/como-a-robotizacao-deve-ganhar-protagonismo-para-os-processos-empresar/","https://mclair.com.br/blog-images/capa-padrao-og.png","Inteligência Artificial: consenso é a chave para um mundo robotizado","","","lazy","sem width/height (risco de CLS)"
"https://mclair.com.br/blog/como-a-robotizacao-deve-ganhar-protagonismo-para-os-processos-empresar/","/logos/logo-negativo.png","Mclair","","32","","sem width/height (risco de CLS) | sem atributo loading"
"https://mclair.com.br/blog/como-a-tecnologia-ajuda-aumentar-a-confianca-do-cliente/","/logos/logo-color.png","Mclair","","","","sem width/height (risco de CLS) | sem atributo loading"
"https://mclair.com.br/blog/como-a-tecnologia-ajuda-aumentar-a-confianca-do-cliente/","/logos/logo-white-hd.png","Mclair","","","","sem width/height (risco de CLS) | sem atributo loading"
"https://mclair.com.br/blog/como-a-tecnologia-ajuda-aumentar-a-confianca-do-cliente/","/cases-img/claudia-elisa-1.webp","","","","eager","alt vazio (ok se decorativa) | sem width/height (risco de CLS)"
"https://mclair.com.br/blog/como-a-tecnologia-ajuda-aumentar-a-confianca-do-cliente/","/logos/logo-icone-M.png","Mclair","120","120","","sem atributo loading"
"https://mclair.com.br/blog/como-a-tecnologia-ajuda-aumentar-a-confianca-do-cliente/","https://mclair.com.br/blog-images/capa-padrao-og.png","","","","","alt vazio (ok se decorativa) | sem width/height (risco de CLS) | sem atributo loading"
"https://mclair.com.br/blog/como-a-tecnologia-ajuda-aumentar-a-confianca-do-cliente/","https://mclair.com.br/blog-images/capa-padrao-og.png","7 razões para implementar a automação de processos na sua empresa","","","lazy","sem width/height (risco de CLS)"
"https://mclair.com.br/blog/como-a-tecnologia-ajuda-aumentar-a-confianca-do-cliente/","https://mclair.com.br/blog-images/capa-padrao-og.png","Home office e transformação digital impulsionam retomada de investimentos","","","lazy","sem width/height (risco de CLS)"
"https://mclair.com.br/blog/como-a-tecnologia-ajuda-aumentar-a-confianca-do-cliente/","https://mclair.com.br/blog-images/capa-padrao-og.png","3 soluções para a transformação digital da construção civil","","","lazy","sem width/height (risco de CLS)"
"https://mclair.com.br/blog/como-a-tecnologia-ajuda-aumentar-a-confianca-do-cliente/","/logos/logo-negativo.png","Mclair","","32","","sem width/height (risco de CLS) | sem atributo loading"
"https://mclair.com.br/blog/como-as-fraudes-online-afetam-o-mercado-brasileiro/","/logos/logo-color.png","Mclair","","","","sem width/height (risco de CLS) | sem atributo loading"
"https://mclair.com.br/blog/como-as-fraudes-online-afetam-o-mercado-brasileiro/","/logos/logo-white-hd.png","Mclair","","","","sem width/height (risco de CLS) | sem atributo loading"
"https://mclair.com.br/blog/como-as-fraudes-online-afetam-o-mercado-brasileiro/","/cases-img/claudia-elisa-1.webp","","","","eager","alt vazio (ok se decorativa) | sem width/height (risco de CLS)"
"https://mclair.com.br/blog/como-as-fraudes-online-afetam-o-mercado-brasileiro/","/logos/logo-icone-M.png","Mclair","120","120","","sem atributo loading"
"https://mclair.com.br/blog/como-as-fraudes-online-afetam-o-mercado-brasileiro/","https://mclair.com.br/blog-images/capa-padrao-og.png","","","","","alt vazio (ok se decorativa) | sem width/height (risco de CLS) | sem atributo loading"
"https://mclair.com.br/blog/como-as-fraudes-online-afetam-o-mercado-brasileiro/","https://mclair.com.br/blog-images/capa-padrao-og.png","Microsserviços evidenciam impactos em escalabilidade para o negócio","","","lazy","sem width/height (risco de CLS)"
"https://mclair.com.br/blog/como-as-fraudes-online-afetam-o-mercado-brasileiro/","https://mclair.com.br/blog-images/capa-padrao-og.png","Como evitar o transtorno com roubo de smartphones e dados","","","lazy","sem width/height (risco de CLS)"
"https://mclair.com.br/blog/como-as-fraudes-online-afetam-o-mercado-brasileiro/","https://mclair.com.br/blog-images/capa-padrao-og.png","Como evitar o comércio milionário de ataques cibernéticos","","","lazy","sem width/height (risco de CLS)"
"https://mclair.com.br/blog/como-as-fraudes-online-afetam-o-mercado-brasileiro/","/logos/logo-negativo.png","Mclair","","32","","sem width/height (risco de CLS) | sem atributo loading"
"https://mclair.com.br/blog/como-atrair-os-zillennials-para-a-sua-marca-por-meio-do-marketing-digi/","/logos/logo-color.png","Mclair","","","","sem width/height (risco de CLS) | sem atributo loading"
"https://mclair.com.br/blog/como-atrair-os-zillennials-para-a-sua-marca-por-meio-do-marketing-digi/","/logos/logo-white-hd.png","Mclair","","","","sem width/height (risco de CLS) | sem atributo loading"
"https://mclair.com.br/blog/como-atrair-os-zillennials-para-a-sua-marca-por-meio-do-marketing-digi/","/cases-img/claudia-elisa-1.webp","","","","eager","alt vazio (ok se decorativa) | sem width/height (risco de CLS)"
"https://mclair.com.br/blog/como-atrair-os-zillennials-para-a-sua-marca-por-meio-do-marketing-digi/","/logos/logo-icone-M.png","Mclair","120","120","","sem atributo loading"
"https://mclair.com.br/blog/como-atrair-os-zillennials-para-a-sua-marca-por-meio-do-marketing-digi/","https://mclair.com.br/blog-images/capa-padrao-og.png","","","","","alt vazio (ok se decorativa) | sem width/height (risco de CLS) | sem atributo loading"
"https://mclair.com.br/blog/como-atrair-os-zillennials-para-a-sua-marca-por-meio-do-marketing-digi/","https://mclair.com.br/blog-images/capa-padrao-og.png","Cubo Comunicação anuncia rebranding e plano de expansão para a Europa","","","lazy","sem width/height (risco de CLS)"
"https://mclair.com.br/blog/como-atrair-os-zillennials-para-a-sua-marca-por-meio-do-marketing-digi/","https://mclair.com.br/blog-images/capa-padrao-og.png","BBB: a guerra de ADMs e o sucesso nas redes sociais","","","lazy","sem width/height (risco de CLS)"
"https://mclair.com.br/blog/como-atrair-os-zillennials-para-a-sua-marca-por-meio-do-marketing-digi/","https://mclair.com.br/blog-images/capa-padrao-og.png","Insatisfeita, Geração Z não quer trabalhar mais do mesmo jeito","","","lazy","sem width/height (risco de CLS)"
"https://mclair.com.br/blog/como-atrair-os-zillennials-para-a-sua-marca-por-meio-do-marketing-digi/","/logos/logo-negativo.png","Mclair","","32","","sem width/height (risco de CLS) | sem atributo loading"
"https://mclair.com.br/blog/como-entender-melhor-e-liderar-a-geracao-z/","/logos/logo-color.png","Mclair","","","","sem width/height (risco de CLS) | sem atributo loading"
"https://mclair.com.br/blog/como-entender-melhor-e-liderar-a-geracao-z/","/logos/logo-white-hd.png","Mclair","","","","sem width/height (risco de CLS) | sem atributo loading"
"https://mclair.com.br/blog/como-entender-melhor-e-liderar-a-geracao-z/","/cases-img/claudia-elisa-1.webp","","","","eager","alt vazio (ok se decorativa) | sem width/height (risco de CLS)"
"https://mclair.com.br/blog/como-entender-melhor-e-liderar-a-geracao-z/","/logos/logo-icone-M.png","Mclair","120","120","","sem atributo loading"
"https://mclair.com.br/blog/como-entender-melhor-e-liderar-a-geracao-z/","https://mclair.com.br/blog-images/capa-padrao-og.png","","","","","alt vazio (ok se decorativa) | sem width/height (risco de CLS) | sem atributo loading"
"https://mclair.com.br/blog/como-entender-melhor-e-liderar-a-geracao-z/","https://mclair.com.br/blog-images/capa-padrao-og.png","Por que a segurança psicológica de colaboradores é fundamental para as organizações","","","lazy","sem width/height (risco de CLS)"
"https://mclair.com.br/blog/como-entender-melhor-e-liderar-a-geracao-z/","https://mclair.com.br/blog-images/capa-padrao-og.png","Pós-Licença: a realidade e rotina de uma mãe na volta ao trabalho","","","lazy","sem width/height (risco de CLS)"
"https://mclair.com.br/blog/como-entender-melhor-e-liderar-a-geracao-z/","/uploads/recovered-a-maternidade-e-os-desafios-para-a-carreira-da-mulher.jpg","A maternidade e os desafios para a carreira da mulher","","","lazy","sem width/height (risco de CLS)"
"https://mclair.com.br/blog/como-entender-melhor-e-liderar-a-geracao-z/","/logos/logo-negativo.png","Mclair","","32","","sem width/height (risco de CLS) | sem atributo loading"
"https://mclair.com.br/blog/como-evitar-o-comercio-milionario-de-ataques-ciberneticos/","/logos/logo-color.png","Mclair","","","","sem width/height (risco de CLS) | sem atributo loading"
"https://mclair.com.br/blog/como-evitar-o-comercio-milionario-de-ataques-ciberneticos/","/logos/logo-white-hd.png","Mclair","","","","sem width/height (risco de CLS) | sem atributo loading"
"https://mclair.com.br/blog/como-evitar-o-comercio-milionario-de-ataques-ciberneticos/","/cases-img/claudia-elisa-1.webp","","","","eager","alt vazio (ok se decorativa) | sem width/height (risco de CLS)"
"https://mclair.com.br/blog/como-evitar-o-comercio-milionario-de-ataques-ciberneticos/","/logos/logo-icone-M.png","Mclair","120","120","","sem atributo loading"
"https://mclair.com.br/blog/como-evitar-o-comercio-milionario-de-ataques-ciberneticos/","https://mclair.com.br/blog-images/capa-padrao-og.png","","","","","alt vazio (ok se decorativa) | sem width/height (risco de CLS) | sem atributo loading"
"https://mclair.com.br/blog/como-evitar-o-comercio-milionario-de-ataques-ciberneticos/","https://mclair.com.br/blog-images/capa-padrao-og.png","Microsserviços evidenciam impactos em escalabilidade para o negócio","","","lazy","sem width/height (risco de CLS)"
"https://mclair.com.br/blog/como-evitar-o-comercio-milionario-de-ataques-ciberneticos/","https://mclair.com.br/blog-images/capa-padrao-og.png","Como evitar o transtorno com roubo de smartphones e dados","","","lazy","sem width/height (risco de CLS)"
"https://mclair.com.br/blog/como-evitar-o-comercio-milionario-de-ataques-ciberneticos/","https://mclair.com.br/blog-images/capa-padrao-og.png","O impacto dos microsserviços para o mercado e o consumidor","","","lazy","sem width/height (risco de CLS)"
"https://mclair.com.br/blog/como-evitar-o-comercio-milionario-de-ataques-ciberneticos/","/logos/logo-negativo.png","Mclair","","32","","sem width/height (risco de CLS) | sem atributo loading"
"https://mclair.com.br/blog/como-evitar-o-transtorno-com-roubo-de-smartphones-e-dados/","/logos/logo-color.png","Mclair","","","","sem width/height (risco de CLS) | sem atributo loading"
"https://mclair.com.br/blog/como-evitar-o-transtorno-com-roubo-de-smartphones-e-dados/","/logos/logo-white-hd.png","Mclair","","","","sem width/height (risco de CLS) | sem atributo loading"
"https://mclair.com.br/blog/como-evitar-o-transtorno-com-roubo-de-smartphones-e-dados/","/cases-img/claudia-elisa-1.webp","","","","eager","alt vazio (ok se decorativa) | sem width/height (risco de CLS)"
"https://mclair.com.br/blog/como-evitar-o-transtorno-com-roubo-de-smartphones-e-dados/","/logos/logo-icone-M.png","Mclair","120","120","","sem atributo loading"
"https://mclair.com.br/blog/como-evitar-o-transtorno-com-roubo-de-smartphones-e-dados/","https://mclair.com.br/blog-images/capa-padrao-og.png","","","","","alt vazio (ok se decorativa) | sem width/height (risco de CLS) | sem atributo loading"
"https://mclair.com.br/blog/como-evitar-o-transtorno-com-roubo-de-smartphones-e-dados/","https://mclair.com.br/blog-images/capa-padrao-og.png","Microsserviços evidenciam impactos em escalabilidade para o negócio","","","lazy","sem width/height (risco de CLS)"
"https://mclair.com.br/blog/como-evitar-o-transtorno-com-roubo-de-smartphones-e-dados/","https://mclair.com.br/blog-images/capa-padrao-og.png","Como evitar o comércio milionário de ataques cibernéticos","","","lazy","sem width/height (risco de CLS)"
"https://mclair.com.br/blog/como-evitar-o-transtorno-com-roubo-de-smartphones-e-dados/","https://mclair.com.br/blog-images/capa-padrao-og.png","O impacto dos microsserviços para o mercado e o consumidor","","","lazy","sem width/height (risco de CLS)"
"https://mclair.com.br/blog/como-evitar-o-transtorno-com-roubo-de-smartphones-e-dados/","/logos/logo-negativo.png","Mclair","","32","","sem width/height (risco de CLS) | sem atributo loading"
"https://mclair.com.br/blog/computadores-nao-vencem-humanos-em-debates-por-enquanto/","/logos/logo-color.png","Mclair","","","","sem width/height (risco de CLS) | sem atributo loading"
"https://mclair.com.br/blog/computadores-nao-vencem-humanos-em-debates-por-enquanto/","/logos/logo-white-hd.png","Mclair","","","","sem width/height (risco de CLS) | sem atributo loading"
"https://mclair.com.br/blog/computadores-nao-vencem-humanos-em-debates-por-enquanto/","/cases-img/claudia-elisa-1.webp","","","","eager","alt vazio (ok se decorativa) | sem width/height (risco de CLS)"
"https://mclair.com.br/blog/computadores-nao-vencem-humanos-em-debates-por-enquanto/","/logos/logo-icone-M.png","Mclair","120","120","","sem atributo loading"
"https://mclair.com.br/blog/computadores-nao-vencem-humanos-em-debates-por-enquanto/","https://mclair.com.br/blog-images/capa-padrao-og.png","","","","","alt vazio (ok se decorativa) | sem width/height (risco de CLS) | sem atributo loading"
"https://mclair.com.br/blog/computadores-nao-vencem-humanos-em-debates-por-enquanto/","https://files.pressmanager.net/clientes/d4f4d624efad0b11b5c71668be0c65c3/imagens/2020/01/23/00a22eb2caa11aab9e86de226b63f9e7_medium.jpg","","","","","alt vazio (ok se decorativa) | sem width/height (risco de CLS) | sem atributo loading"
"https://mclair.com.br/blog/computadores-nao-vencem-humanos-em-debates-por-enquanto/","https://mclair.com.br/blog-images/capa-padrao-og.png","Momentos de crise exigem lideranças inteligentes","","","lazy","sem width/height (risco de CLS)"
"https://mclair.com.br/blog/computadores-nao-vencem-humanos-em-debates-por-enquanto/","https://mclair.com.br/blog-images/capa-padrao-og.png","Os parâmetros para produtividade foram redefinidos","","","lazy","sem width/height (risco de CLS)"
"https://mclair.com.br/blog/computadores-nao-vencem-humanos-em-debates-por-enquanto/","https://mclair.com.br/blog-images/capa-padrao-og.png","Empresas modernas serão, cada vez mais, empresas de software","","","lazy","sem width/height (risco de CLS)"
"https://mclair.com.br/blog/computadores-nao-vencem-humanos-em-debates-por-enquanto/","/logos/logo-negativo.png","Mclair","","32","","sem width/height (risco de CLS) | sem atributo loading"
"https://mclair.com.br/blog/comunicacao-com-proposito-e-a-base-para-uma-reputacao-de-autoridade/","/logos/logo-color.png","Mclair","","","","sem width/height (risco de CLS) | sem atributo loading"
"https://mclair.com.br/blog/comunicacao-com-proposito-e-a-base-para-uma-reputacao-de-autoridade/","/logos/logo-white-hd.png","Mclair","","","","sem width/height (risco de CLS) | sem atributo loading"
"https://mclair.com.br/blog/comunicacao-com-proposito-e-a-base-para-uma-reputacao-de-autoridade/","/cases-img/claudia-elisa-1.webp","","","","eager","alt vazio (ok se decorativa) | sem width/height (risco de CLS)"
"https://mclair.com.br/blog/comunicacao-com-proposito-e-a-base-para-uma-reputacao-de-autoridade/","/logos/logo-icone-M.png","Mclair","120","120","","sem atributo loading"
"https://mclair.com.br/blog/comunicacao-com-proposito-e-a-base-para-uma-reputacao-de-autoridade/","https://mclair.com.br/blog-images/capa-padrao-og.png","","","","","alt vazio (ok se decorativa) | sem width/height (risco de CLS) | sem atributo loading"
"https://mclair.com.br/blog/comunicacao-com-proposito-e-a-base-para-uma-reputacao-de-autoridade/","https://mclair.com.br/blog-images/capa-padrao-og.png","Sua marca quer ser notícia?","","","lazy","sem width/height (risco de CLS)"
"https://mclair.com.br/blog/comunicacao-com-proposito-e-a-base-para-uma-reputacao-de-autoridade/","https://mclair.com.br/blog-images/capa-padrao-og.png","Entre Perfis e Curtidas, por que alguém seria fiel à sua marca?","","","lazy","sem width/height (risco de CLS)"
"https://mclair.com.br/blog/comunicacao-com-proposito-e-a-base-para-uma-reputacao-de-autoridade/","https://mclair.com.br/blog-images/capa-padrao-og.png","Comunicação não tem receita infalível","","","lazy","sem width/height (risco de CLS)"
"https://mclair.com.br/blog/comunicacao-com-proposito-e-a-base-para-uma-reputacao-de-autoridade/","/logos/logo-negativo.png","Mclair","","32","","sem width/height (risco de CLS) | sem atributo loading"
"https://mclair.com.br/blog/comunicacao-e-parte-fundamental-para-o-sucesso-do-negocio/","/logos/logo-color.png","Mclair","","","","sem width/height (risco de CLS) | sem atributo loading"
"https://mclair.com.br/blog/comunicacao-e-parte-fundamental-para-o-sucesso-do-negocio/","/logos/logo-white-hd.png","Mclair","","","","sem width/height (risco de CLS) | sem atributo loading"
"https://mclair.com.br/blog/comunicacao-e-parte-fundamental-para-o-sucesso-do-negocio/","/cases-img/claudia-elisa-1.webp","","","","eager","alt vazio (ok se decorativa) | sem width/height (risco de CLS)"
"https://mclair.com.br/blog/comunicacao-e-parte-fundamental-para-o-sucesso-do-negocio/","/logos/logo-icone-M.png","Mclair","120","120","","sem atributo loading"
"https://mclair.com.br/blog/comunicacao-e-parte-fundamental-para-o-sucesso-do-negocio/","https://mclair.com.br/blog-images/capa-padrao-og.png","","","","","alt vazio (ok se decorativa) | sem width/height (risco de CLS) | sem atributo loading"
"https://mclair.com.br/blog/comunicacao-e-parte-fundamental-para-o-sucesso-do-negocio/","http://mclair.com.br/images/galeria/25-05-2020_6_eb501bb32e4bee4420df1a0de63997ad.jpg","","","","","alt vazio (ok se decorativa) | sem width/height (risco de CLS) | sem atributo loading"
"https://mclair.com.br/blog/comunicacao-e-parte-fundamental-para-o-sucesso-do-negocio/","https://mclair.com.br/blog-images/capa-padrao-og.png","Lambda3 abre 28 vagas para desenvolvedores","","","lazy","sem width/height (risco de CLS)"
"https://mclair.com.br/blog/comunicacao-e-parte-fundamental-para-o-sucesso-do-negocio/","https://mclair.com.br/blog-images/capa-padrao-og.png","O lado B da produtividade em trabalho remoto","","","lazy","sem width/height (risco de CLS)"
"https://mclair.com.br/blog/comunicacao-e-parte-fundamental-para-o-sucesso-do-negocio/","https://mclair.com.br/blog-images/capa-padrao-og.png","AQUARANTENADOS lança single ""Tudo vai dar certo""","","","lazy","sem width/height (risco de CLS)"
"https://mclair.com.br/blog/comunicacao-e-parte-fundamental-para-o-sucesso-do-negocio/","/logos/logo-negativo.png","Mclair","","32","","sem width/height (risco de CLS) | sem atributo loading"
"https://mclair.com.br/blog/comunicacao-nao-tem-receita-infalivel/","/logos/logo-color.png","Mclair","","","","sem width/height (risco de CLS) | sem atributo loading"
"https://mclair.com.br/blog/comunicacao-nao-tem-receita-infalivel/","/logos/logo-white-hd.png","Mclair","","","","sem width/height (risco de CLS) | sem atributo loading"
"https://mclair.com.br/blog/comunicacao-nao-tem-receita-infalivel/","/cases-img/claudia-elisa-1.webp","","","","eager","alt vazio (ok se decorativa) | sem width/height (risco de CLS)"
"https://mclair.com.br/blog/comunicacao-nao-tem-receita-infalivel/","/logos/logo-icone-M.png","Mclair","120","120","","sem atributo loading"
"https://mclair.com.br/blog/comunicacao-nao-tem-receita-infalivel/","https://mclair.com.br/blog-images/capa-padrao-og.png","","","","","alt vazio (ok se decorativa) | sem width/height (risco de CLS) | sem atributo loading"
"https://mclair.com.br/blog/comunicacao-nao-tem-receita-infalivel/","https://mclair.com.br/blog-images/capa-padrao-og.png","Comunicação com propósito é a base para uma reputação de autoridade","","","lazy","sem width/height (risco de CLS)"
"https://mclair.com.br/blog/comunicacao-nao-tem-receita-infalivel/","https://mclair.com.br/blog-images/capa-padrao-og.png","Sua marca quer ser notícia?","","","lazy","sem width/height (risco de CLS)"
"https://mclair.com.br/blog/comunicacao-nao-tem-receita-infalivel/","https://mclair.com.br/blog-images/capa-padrao-og.png","Entre Perfis e Curtidas, por que alguém seria fiel à sua marca?","","","lazy","sem width/height (risco de CLS)"
"https://mclair.com.br/blog/comunicacao-nao-tem-receita-infalivel/","/logos/logo-negativo.png","Mclair","","32","","sem width/height (risco de CLS) | sem atributo loading"
"https://mclair.com.br/blog/copa-do-mundo-supera-buscas-sobre-eleicoes-e-black-friday-no-google-e-/","/logos/logo-color.png","Mclair","","","","sem width/height (risco de CLS) | sem atributo loading"
"https://mclair.com.br/blog/copa-do-mundo-supera-buscas-sobre-eleicoes-e-black-friday-no-google-e-/","/logos/logo-white-hd.png","Mclair","","","","sem width/height (risco de CLS) | sem atributo loading"
"https://mclair.com.br/blog/copa-do-mundo-supera-buscas-sobre-eleicoes-e-black-friday-no-google-e-/","/cases-img/claudia-elisa-1.webp","","","","eager","alt vazio (ok se decorativa) | sem width/height (risco de CLS)"
"https://mclair.com.br/blog/copa-do-mundo-supera-buscas-sobre-eleicoes-e-black-friday-no-google-e-/","/logos/logo-icone-M.png","Mclair","120","120","","sem atributo loading"
"https://mclair.com.br/blog/copa-do-mundo-supera-buscas-sobre-eleicoes-e-black-friday-no-google-e-/","https://mclair.com.br/blog-images/capa-padrao-og.png","","","","","alt vazio (ok se decorativa) | sem width/height (risco de CLS) | sem atributo loading"
"https://mclair.com.br/blog/copa-do-mundo-supera-buscas-sobre-eleicoes-e-black-friday-no-google-e-/","https://files.pressmanager.net/clientes/d4f4d624efad0b11b5c71668be0c65c3/imagens/2022/10/31/526e0b1411ec003d0f4e53709e890269_medium.jpg","","","","","alt vazio (ok se decorativa) | sem width/height (risco de CLS) | sem atributo loading"
"https://mclair.com.br/blog/copa-do-mundo-supera-buscas-sobre-eleicoes-e-black-friday-no-google-e-/","https://mclair.com.br/blog-images/capa-padrao-og.png","Cubo Comunicação anuncia rebranding e plano de expansão para a Europa","","","lazy","sem width/height (risco de CLS)"
"https://mclair.com.br/blog/copa-do-mundo-supera-buscas-sobre-eleicoes-e-black-friday-no-google-e-/","https://mclair.com.br/blog-images/capa-padrao-og.png","BBB: a guerra de ADMs e o sucesso nas redes sociais","","","lazy","sem width/height (risco de CLS)"
"https://mclair.com.br/blog/copa-do-mundo-supera-buscas-sobre-eleicoes-e-black-friday-no-google-e-/","https://mclair.com.br/blog-images/capa-padrao-og.png","Insatisfeita, Geração Z não quer trabalhar mais do mesmo jeito","","","lazy","sem width/height (risco de CLS)"
"https://mclair.com.br/blog/copa-do-mundo-supera-buscas-sobre-eleicoes-e-black-friday-no-google-e-/","/logos/logo-negativo.png","Mclair","","32","","sem width/height (risco de CLS) | sem atributo loading"
"https://mclair.com.br/blog/cotas-para-streaming-na-franca-realca-atraso-do-brasil-na-regulamentac/","/logos/logo-color.png","Mclair","","","","sem width/height (risco de CLS) | sem atributo loading"
"https://mclair.com.br/blog/cotas-para-streaming-na-franca-realca-atraso-do-brasil-na-regulamentac/","/logos/logo-white-hd.png","Mclair","","","","sem width/height (risco de CLS) | sem atributo loading"
"https://mclair.com.br/blog/cotas-para-streaming-na-franca-realca-atraso-do-brasil-na-regulamentac/","/cases-img/claudia-elisa-1.webp","","","","eager","alt vazio (ok se decorativa) | sem width/height (risco de CLS)"
"https://mclair.com.br/blog/cotas-para-streaming-na-franca-realca-atraso-do-brasil-na-regulamentac/","/logos/logo-icone-M.png","Mclair","120","120","","sem atributo loading"
"https://mclair.com.br/blog/cotas-para-streaming-na-franca-realca-atraso-do-brasil-na-regulamentac/","https://mclair.com.br/blog-images/capa-padrao-og.png","","","","","alt vazio (ok se decorativa) | sem width/height (risco de CLS) | sem atributo loading"
"https://mclair.com.br/blog/cotas-para-streaming-na-franca-realca-atraso-do-brasil-na-regulamentac/","https://mclair.com.br/blog-images/capa-padrao-og.png","Abrolhos Filmes lança vídeo manifesto para reforçar posicionamento","","","lazy","sem width/height (risco de CLS)"
"https://mclair.com.br/blog/cotas-para-streaming-na-franca-realca-atraso-do-brasil-na-regulamentac/","https://mclair.com.br/blog-images/capa-padrao-og.png","Pirataria sai do controle com streaming e isolamento social","","","lazy","sem width/height (risco de CLS)"
"https://mclair.com.br/blog/cotas-para-streaming-na-franca-realca-atraso-do-brasil-na-regulamentac/","https://mclair.com.br/blog-images/capa-padrao-og.png","Série Lupin movimenta consumo e reitera potência do audiovisual","","","lazy","sem width/height (risco de CLS)"
"https://mclair.com.br/blog/cotas-para-streaming-na-franca-realca-atraso-do-brasil-na-regulamentac/","/logos/logo-negativo.png","Mclair","","32","","sem width/height (risco de CLS) | sem atributo loading"
"https://mclair.com.br/blog/criatividade-cibernetica-redefinira-o-conceito-de-transformacao-digita/","/logos/logo-color.png","Mclair","","","","sem width/height (risco de CLS) | sem atributo loading"
"https://mclair.com.br/blog/criatividade-cibernetica-redefinira-o-conceito-de-transformacao-digita/","/logos/logo-white-hd.png","Mclair","","","","sem width/height (risco de CLS) | sem atributo loading"
"https://mclair.com.br/blog/criatividade-cibernetica-redefinira-o-conceito-de-transformacao-digita/","/cases-img/claudia-elisa-1.webp","","","","eager","alt vazio (ok se decorativa) | sem width/height (risco de CLS)"
"https://mclair.com.br/blog/criatividade-cibernetica-redefinira-o-conceito-de-transformacao-digita/","/logos/logo-icone-M.png","Mclair","120","120","","sem atributo loading"
"https://mclair.com.br/blog/criatividade-cibernetica-redefinira-o-conceito-de-transformacao-digita/","https://mclair.com.br/blog-images/capa-padrao-og.png","","","","","alt vazio (ok se decorativa) | sem width/height (risco de CLS) | sem atributo loading"
"https://mclair.com.br/blog/criatividade-cibernetica-redefinira-o-conceito-de-transformacao-digita/","https://mclair.com.br/blog-images/capa-padrao-og.png","Momentos de crise exigem lideranças inteligentes","","","lazy","sem width/height (risco de CLS)"
"https://mclair.com.br/blog/criatividade-cibernetica-redefinira-o-conceito-de-transformacao-digita/","https://mclair.com.br/blog-images/capa-padrao-og.png","Os parâmetros para produtividade foram redefinidos","","","lazy","sem width/height (risco de CLS)"
"https://mclair.com.br/blog/criatividade-cibernetica-redefinira-o-conceito-de-transformacao-digita/","https://mclair.com.br/blog-images/capa-padrao-og.png","Computadores não vencem humanos em debates... Por enquanto!","","","lazy","sem width/height (risco de CLS)"
"https://mclair.com.br/blog/criatividade-cibernetica-redefinira-o-conceito-de-transformacao-digita/","/logos/logo-negativo.png","Mclair","","32","","sem width/height (risco de CLS) | sem atributo loading"
"https://mclair.com.br/blog/cubo-comunicacao-anuncia-rebranding-e-plano-de-expansao-para-a-europa/","/logos/logo-color.png","Mclair","","","","sem width/height (risco de CLS) | sem atributo loading"
"https://mclair.com.br/blog/cubo-comunicacao-anuncia-rebranding-e-plano-de-expansao-para-a-europa/","/logos/logo-white-hd.png","Mclair","","","","sem width/height (risco de CLS) | sem atributo loading"
"https://mclair.com.br/blog/cubo-comunicacao-anuncia-rebranding-e-plano-de-expansao-para-a-europa/","/cases-img/claudia-elisa-1.webp","","","","eager","alt vazio (ok se decorativa) | sem width/height (risco de CLS)"
"https://mclair.com.br/blog/cubo-comunicacao-anuncia-rebranding-e-plano-de-expansao-para-a-europa/","/logos/logo-icone-M.png","Mclair","120","120","","sem atributo loading"
"https://mclair.com.br/blog/cubo-comunicacao-anuncia-rebranding-e-plano-de-expansao-para-a-europa/","https://mclair.com.br/blog-images/capa-padrao-og.png","","","","","alt vazio (ok se decorativa) | sem width/height (risco de CLS) | sem atributo loading"
"https://mclair.com.br/blog/cubo-comunicacao-anuncia-rebranding-e-plano-de-expansao-para-a-europa/","https://mclair.com.br/blog-images/capa-padrao-og.png","BBB: a guerra de ADMs e o sucesso nas redes sociais","","","lazy","sem width/height (risco de CLS)"
"https://mclair.com.br/blog/cubo-comunicacao-anuncia-rebranding-e-plano-de-expansao-para-a-europa/","https://mclair.com.br/blog-images/capa-padrao-og.png","Insatisfeita, Geração Z não quer trabalhar mais do mesmo jeito","","","lazy","sem width/height (risco de CLS)"
"https://mclair.com.br/blog/cubo-comunicacao-anuncia-rebranding-e-plano-de-expansao-para-a-europa/","https://mclair.com.br/blog-images/capa-padrao-og.png","""Copa do Mundo"" supera buscas sobre ""eleições"" e ""Black Friday"" no Google e desafia mídias","","","lazy","sem width/height (risco de CLS)"
"https://mclair.com.br/blog/cubo-comunicacao-anuncia-rebranding-e-plano-de-expansao-para-a-europa/","/logos/logo-negativo.png","Mclair","","32","","sem width/height (risco de CLS) | sem atributo loading"
"https://mclair.com.br/blog/daniel-calero-e-o-novo-bdm-do-portfolio-digital-da-tivit/","/logos/logo-color.png","Mclair","","","","sem width/height (risco de CLS) | sem atributo loading"
"https://mclair.com.br/blog/daniel-calero-e-o-novo-bdm-do-portfolio-digital-da-tivit/","/logos/logo-white-hd.png","Mclair","","","","sem width/height (risco de CLS) | sem atributo loading"
"https://mclair.com.br/blog/daniel-calero-e-o-novo-bdm-do-portfolio-digital-da-tivit/","/cases-img/claudia-elisa-1.webp","","","","eager","alt vazio (ok se decorativa) | sem width/height (risco de CLS)"
"https://mclair.com.br/blog/daniel-calero-e-o-novo-bdm-do-portfolio-digital-da-tivit/","/logos/logo-icone-M.png","Mclair","120","120","","sem atributo loading"
"https://mclair.com.br/blog/daniel-calero-e-o-novo-bdm-do-portfolio-digital-da-tivit/","https://mclair.com.br/blog-images/capa-padrao-og.png","","","","","alt vazio (ok se decorativa) | sem width/height (risco de CLS) | sem atributo loading"
"https://mclair.com.br/blog/daniel-calero-e-o-novo-bdm-do-portfolio-digital-da-tivit/","https://mclair.com.br/blog-images/capa-padrao-og.png","14/09 - Lambda3 completa 12 anos e lança podcast com olhar sobre negócios no contexto nacional","","","lazy","sem width/height (risco de CLS)"
"https://mclair.com.br/blog/daniel-calero-e-o-novo-bdm-do-portfolio-digital-da-tivit/","https://mclair.com.br/blog-images/capa-padrao-og.png","Oportunidade de capacitação em TI: Lambda3 apresenta palestras no TDC Business","","","lazy","sem width/height (risco de CLS)"
"https://mclair.com.br/blog/daniel-calero-e-o-novo-bdm-do-portfolio-digital-da-tivit/","https://mclair.com.br/blog-images/capa-padrao-og.png","4 erros comuns ao implementar produtos digitais","","","lazy","sem width/height (risco de CLS)"
"https://mclair.com.br/blog/daniel-calero-e-o-novo-bdm-do-portfolio-digital-da-tivit/","/logos/logo-negativo.png","Mclair","","32","","sem width/height (risco de CLS) | sem atributo loading"
"https://mclair.com.br/blog/data-driven-video-como-aumentar-seu-awareness-com-dados/","/logos/logo-color.png","Mclair","","","","sem width/height (risco de CLS) | sem atributo loading"
"https://mclair.com.br/blog/data-driven-video-como-aumentar-seu-awareness-com-dados/","/logos/logo-white-hd.png","Mclair","","","","sem width/height (risco de CLS) | sem atributo loading"
"https://mclair.com.br/blog/data-driven-video-como-aumentar-seu-awareness-com-dados/","/cases-img/claudia-elisa-1.webp","","","","eager","alt vazio (ok se decorativa) | sem width/height (risco de CLS)"
"https://mclair.com.br/blog/data-driven-video-como-aumentar-seu-awareness-com-dados/","/logos/logo-icone-M.png","Mclair","120","120","","sem atributo loading"
"https://mclair.com.br/blog/data-driven-video-como-aumentar-seu-awareness-com-dados/","https://mclair.com.br/blog-images/capa-padrao-og.png","","","","","alt vazio (ok se decorativa) | sem width/height (risco de CLS) | sem atributo loading"
"https://mclair.com.br/blog/data-driven-video-como-aumentar-seu-awareness-com-dados/","https://mclair.com.br/blog-images/capa-padrao-og.png","Abrolhos Filmes lança vídeo manifesto para reforçar posicionamento","","","lazy","sem width/height (risco de CLS)"
"https://mclair.com.br/blog/data-driven-video-como-aumentar-seu-awareness-com-dados/","https://mclair.com.br/blog-images/capa-padrao-og.png","Cotas para streaming na França realça atraso do Brasil na regulamentação de VoD","","","lazy","sem width/height (risco de CLS)"
"https://mclair.com.br/blog/data-driven-video-como-aumentar-seu-awareness-com-dados/","https://mclair.com.br/blog-images/capa-padrao-og.png","Pirataria sai do controle com streaming e isolamento social","","","lazy","sem width/height (risco de CLS)"
"https://mclair.com.br/blog/data-driven-video-como-aumentar-seu-awareness-com-dados/","/logos/logo-negativo.png","Mclair","","32","","sem width/height (risco de CLS) | sem atributo loading"
"https://mclair.com.br/blog/de-imoveis-a-veiculos-o-leilao-da-justica-do-trabalho-de-sp-oferece-va/","/logos/logo-color.png","Mclair","","","","sem width/height (risco de CLS) | sem atributo loading"
"https://mclair.com.br/blog/de-imoveis-a-veiculos-o-leilao-da-justica-do-trabalho-de-sp-oferece-va/","/logos/logo-white-hd.png","Mclair","","","","sem width/height (risco de CLS) | sem atributo loading"
"https://mclair.com.br/blog/de-imoveis-a-veiculos-o-leilao-da-justica-do-trabalho-de-sp-oferece-va/","/cases-img/claudia-elisa-1.webp","","","","eager","alt vazio (ok se decorativa) | sem width/height (risco de CLS)"
"https://mclair.com.br/blog/de-imoveis-a-veiculos-o-leilao-da-justica-do-trabalho-de-sp-oferece-va/","/logos/logo-icone-M.png","Mclair","120","120","","sem atributo loading"
"https://mclair.com.br/blog/de-imoveis-a-veiculos-o-leilao-da-justica-do-trabalho-de-sp-oferece-va/","https://mclair.com.br/blog-images/capa-padrao-og.png","","","","","alt vazio (ok se decorativa) | sem width/height (risco de CLS) | sem atributo loading"
"https://mclair.com.br/blog/de-imoveis-a-veiculos-o-leilao-da-justica-do-trabalho-de-sp-oferece-va/","https://mclair.com.br/blog-images/capa-padrao-og.png","Leilão do Bradesco traz 52 imóveis com preços a partir de R$ 40 mil","","","lazy","sem width/height (risco de CLS)"
"https://mclair.com.br/blog/de-imoveis-a-veiculos-o-leilao-da-justica-do-trabalho-de-sp-oferece-va/","https://mclair.com.br/blog-images/capa-padrao-og.png","A arte de transformar metas em realidade","","","lazy","sem width/height (risco de CLS)"
"https://mclair.com.br/blog/de-imoveis-a-veiculos-o-leilao-da-justica-do-trabalho-de-sp-oferece-va/","https://mclair.com.br/blog-images/capa-padrao-og.png","Lambda3 abre 28 vagas para desenvolvedores","","","lazy","sem width/height (risco de CLS)"
"https://mclair.com.br/blog/de-imoveis-a-veiculos-o-leilao-da-justica-do-trabalho-de-sp-oferece-va/","/logos/logo-negativo.png","Mclair","","32","","sem width/height (risco de CLS) | sem atributo loading"
"https://mclair.com.br/blog/democracia-organizacional-tornam-empresa-de-tecnologia-referencia/","/logos/logo-color.png","Mclair","","","","sem width/height (risco de CLS) | sem atributo loading"
"https://mclair.com.br/blog/democracia-organizacional-tornam-empresa-de-tecnologia-referencia/","/logos/logo-white-hd.png","Mclair","","","","sem width/height (risco de CLS) | sem atributo loading"
"https://mclair.com.br/blog/democracia-organizacional-tornam-empresa-de-tecnologia-referencia/","/cases-img/claudia-elisa-1.webp","","","","eager","alt vazio (ok se decorativa) | sem width/height (risco de CLS)"
"https://mclair.com.br/blog/democracia-organizacional-tornam-empresa-de-tecnologia-referencia/","/logos/logo-icone-M.png","Mclair","120","120","","sem atributo loading"
"https://mclair.com.br/blog/democracia-organizacional-tornam-empresa-de-tecnologia-referencia/","https://mclair.com.br/blog-images/capa-padrao-og.png","","","","","alt vazio (ok se decorativa) | sem width/height (risco de CLS) | sem atributo loading"
"https://mclair.com.br/blog/democracia-organizacional-tornam-empresa-de-tecnologia-referencia/","https://mclair.com.br/blog-images/capa-padrao-og.png","Lambda3 abre 28 vagas para desenvolvedores","","","lazy","sem width/height (risco de CLS)"
"https://mclair.com.br/blog/democracia-organizacional-tornam-empresa-de-tecnologia-referencia/","https://mclair.com.br/blog-images/capa-padrao-og.png","O lado B da produtividade em trabalho remoto","","","lazy","sem width/height (risco de CLS)"
"https://mclair.com.br/blog/democracia-organizacional-tornam-empresa-de-tecnologia-referencia/","https://mclair.com.br/blog-images/capa-padrao-og.png","AQUARANTENADOS lança single ""Tudo vai dar certo""","","","lazy","sem width/height (risco de CLS)"
"https://mclair.com.br/blog/democracia-organizacional-tornam-empresa-de-tecnologia-referencia/","/logos/logo-negativo.png","Mclair","","32","","sem width/height (risco de CLS) | sem atributo loading"
"https://mclair.com.br/blog/desapegue-do-retrovisor-conselho-administrativo-tambem-precisa-discuti/","/logos/logo-color.png","Mclair","","","","sem width/height (risco de CLS) | sem atributo loading"
"https://mclair.com.br/blog/desapegue-do-retrovisor-conselho-administrativo-tambem-precisa-discuti/","/logos/logo-white-hd.png","Mclair","","","","sem width/height (risco de CLS) | sem atributo loading"
"https://mclair.com.br/blog/desapegue-do-retrovisor-conselho-administrativo-tambem-precisa-discuti/","/cases-img/claudia-elisa-1.webp","","","","eager","alt vazio (ok se decorativa) | sem width/height (risco de CLS)"
"https://mclair.com.br/blog/desapegue-do-retrovisor-conselho-administrativo-tambem-precisa-discuti/","/logos/logo-icone-M.png","Mclair","120","120","","sem atributo loading"
"https://mclair.com.br/blog/desapegue-do-retrovisor-conselho-administrativo-tambem-precisa-discuti/","https://mclair.com.br/blog-images/capa-padrao-og.png","","","","","alt vazio (ok se decorativa) | sem width/height (risco de CLS) | sem atributo loading"
"https://mclair.com.br/blog/desapegue-do-retrovisor-conselho-administrativo-tambem-precisa-discuti/","https://mclair.com.br/blog-images/capa-padrao-og.png","Os desafios e mitos sobre a transição energética","","","lazy","sem width/height (risco de CLS)"
"https://mclair.com.br/blog/desapegue-do-retrovisor-conselho-administrativo-tambem-precisa-discuti/","https://mclair.com.br/blog-images/capa-padrao-og.png","RH e o futuro do trabalho: quais as tendências para os próximos 10 anos?","","","lazy","sem width/height (risco de CLS)"
"https://mclair.com.br/blog/desapegue-do-retrovisor-conselho-administrativo-tambem-precisa-discuti/","https://mclair.com.br/blog-images/capa-padrao-og.png","O","","","lazy","sem width/height (risco de CLS)"
"https://mclair.com.br/blog/desapegue-do-retrovisor-conselho-administrativo-tambem-precisa-discuti/","/logos/logo-negativo.png","Mclair","","32","","sem width/height (risco de CLS) | sem atributo loading"
"https://mclair.com.br/blog/desenvolvimento-de-software-moldara-o-futuro-das-carreiras-e-empresas/","/logos/logo-color.png","Mclair","","","","sem width/height (risco de CLS) | sem atributo loading"
"https://mclair.com.br/blog/desenvolvimento-de-software-moldara-o-futuro-das-carreiras-e-empresas/","/logos/logo-white-hd.png","Mclair","","","","sem width/height (risco de CLS) | sem atributo loading"
"https://mclair.com.br/blog/desenvolvimento-de-software-moldara-o-futuro-das-carreiras-e-empresas/","/cases-img/claudia-elisa-1.webp","","","","eager","alt vazio (ok se decorativa) | sem width/height (risco de CLS)"
"https://mclair.com.br/blog/desenvolvimento-de-software-moldara-o-futuro-das-carreiras-e-empresas/","/logos/logo-icone-M.png","Mclair","120","120","","sem atributo loading"
"https://mclair.com.br/blog/desenvolvimento-de-software-moldara-o-futuro-das-carreiras-e-empresas/","https://mclair.com.br/blog-images/capa-padrao-og.png","","","","","alt vazio (ok se decorativa) | sem width/height (risco de CLS) | sem atributo loading"
"https://mclair.com.br/blog/desenvolvimento-de-software-moldara-o-futuro-das-carreiras-e-empresas/","https://mclair.com.br/blog-images/capa-padrao-og.png","Momentos de crise exigem lideranças inteligentes","","","lazy","sem width/height (risco de CLS)"
"https://mclair.com.br/blog/desenvolvimento-de-software-moldara-o-futuro-das-carreiras-e-empresas/","https://mclair.com.br/blog-images/capa-padrao-og.png","Os parâmetros para produtividade foram redefinidos","","","lazy","sem width/height (risco de CLS)"
"https://mclair.com.br/blog/desenvolvimento-de-software-moldara-o-futuro-das-carreiras-e-empresas/","https://mclair.com.br/blog-images/capa-padrao-og.png","Computadores não vencem humanos em debates... Por enquanto!","","","lazy","sem width/height (risco de CLS)"
"https://mclair.com.br/blog/desenvolvimento-de-software-moldara-o-futuro-das-carreiras-e-empresas/","/logos/logo-negativo.png","Mclair","","32","","sem width/height (risco de CLS) | sem atributo loading"
"https://mclair.com.br/blog/desista-do-controle-uma-boa-gestao-tambem-se-faz-esperando/","/logos/logo-color.png","Mclair","","","","sem width/height (risco de CLS) | sem atributo loading"
"https://mclair.com.br/blog/desista-do-controle-uma-boa-gestao-tambem-se-faz-esperando/","/logos/logo-white-hd.png","Mclair","","","","sem width/height (risco de CLS) | sem atributo loading"
"https://mclair.com.br/blog/desista-do-controle-uma-boa-gestao-tambem-se-faz-esperando/","/cases-img/claudia-elisa-1.webp","","","","eager","alt vazio (ok se decorativa) | sem width/height (risco de CLS)"
"https://mclair.com.br/blog/desista-do-controle-uma-boa-gestao-tambem-se-faz-esperando/","/logos/logo-icone-M.png","Mclair","120","120","","sem atributo loading"
"https://mclair.com.br/blog/desista-do-controle-uma-boa-gestao-tambem-se-faz-esperando/","https://mclair.com.br/blog-images/capa-padrao-og.png","","","","","alt vazio (ok se decorativa) | sem width/height (risco de CLS) | sem atributo loading"
"https://mclair.com.br/blog/desista-do-controle-uma-boa-gestao-tambem-se-faz-esperando/","https://mclair.com.br/blog-images/capa-padrao-og.png","Os desafios e mitos sobre a transição energética","","","lazy","sem width/height (risco de CLS)"
"https://mclair.com.br/blog/desista-do-controle-uma-boa-gestao-tambem-se-faz-esperando/","https://mclair.com.br/blog-images/capa-padrao-og.png","RH e o futuro do trabalho: quais as tendências para os próximos 10 anos?","","","lazy","sem width/height (risco de CLS)"
"https://mclair.com.br/blog/desista-do-controle-uma-boa-gestao-tambem-se-faz-esperando/","https://mclair.com.br/blog-images/capa-padrao-og.png","O","","","lazy","sem width/height (risco de CLS)"
"https://mclair.com.br/blog/desista-do-controle-uma-boa-gestao-tambem-se-faz-esperando/","/logos/logo-negativo.png","Mclair","","32","","sem width/height (risco de CLS) | sem atributo loading"
"https://mclair.com.br/blog/dia-do-orgulho-nerd-4-dicas-para-celebrar-a-data/","/logos/logo-color.png","Mclair","","","","sem width/height (risco de CLS) | sem atributo loading"
"https://mclair.com.br/blog/dia-do-orgulho-nerd-4-dicas-para-celebrar-a-data/","/logos/logo-white-hd.png","Mclair","","","","sem width/height (risco de CLS) | sem atributo loading"
"https://mclair.com.br/blog/dia-do-orgulho-nerd-4-dicas-para-celebrar-a-data/","/cases-img/claudia-elisa-1.webp","","","","eager","alt vazio (ok se decorativa) | sem width/height (risco de CLS)"
"https://mclair.com.br/blog/dia-do-orgulho-nerd-4-dicas-para-celebrar-a-data/","/logos/logo-icone-M.png","Mclair","120","120","","sem atributo loading"
"https://mclair.com.br/blog/dia-do-orgulho-nerd-4-dicas-para-celebrar-a-data/","https://mclair.com.br/blog-images/capa-padrao-og.png","","","","","alt vazio (ok se decorativa) | sem width/height (risco de CLS) | sem atributo loading"
"https://mclair.com.br/blog/dia-do-orgulho-nerd-4-dicas-para-celebrar-a-data/","https://mclair.com.br/blog-images/capa-padrao-og.png","Lambda3 abre 28 vagas para desenvolvedores","","","lazy","sem width/height (risco de CLS)"
"https://mclair.com.br/blog/dia-do-orgulho-nerd-4-dicas-para-celebrar-a-data/","https://mclair.com.br/blog-images/capa-padrao-og.png","O lado B da produtividade em trabalho remoto","","","lazy","sem width/height (risco de CLS)"
"https://mclair.com.br/blog/dia-do-orgulho-nerd-4-dicas-para-celebrar-a-data/","https://mclair.com.br/blog-images/capa-padrao-og.png","AQUARANTENADOS lança single ""Tudo vai dar certo""","","","lazy","sem width/height (risco de CLS)"
"https://mclair.com.br/blog/dia-do-orgulho-nerd-4-dicas-para-celebrar-a-data/","/logos/logo-negativo.png","Mclair","","32","","sem width/height (risco de CLS) | sem atributo loading"
"https://mclair.com.br/blog/dia-do-programador-4-curiosidades-sobre-a-profissao-do-futuro/","/logos/logo-color.png","Mclair","","","","sem width/height (risco de CLS) | sem atributo loading"
"https://mclair.com.br/blog/dia-do-programador-4-curiosidades-sobre-a-profissao-do-futuro/","/logos/logo-white-hd.png","Mclair","","","","sem width/height (risco de CLS) | sem atributo loading"
"https://mclair.com.br/blog/dia-do-programador-4-curiosidades-sobre-a-profissao-do-futuro/","/cases-img/claudia-elisa-1.webp","","","","eager","alt vazio (ok se decorativa) | sem width/height (risco de CLS)"
"https://mclair.com.br/blog/dia-do-programador-4-curiosidades-sobre-a-profissao-do-futuro/","/logos/logo-icone-M.png","Mclair","120","120","","sem atributo loading"
"https://mclair.com.br/blog/dia-do-programador-4-curiosidades-sobre-a-profissao-do-futuro/","https://mclair.com.br/blog-images/capa-padrao-og.png","","","","","alt vazio (ok se decorativa) | sem width/height (risco de CLS) | sem atributo loading"
"https://mclair.com.br/blog/dia-do-programador-4-curiosidades-sobre-a-profissao-do-futuro/","https://mclair.com.br/blog-images/capa-padrao-og.png","ZBRA anuncia Head de Novos Negócios","","","lazy","sem width/height (risco de CLS)"
"https://mclair.com.br/blog/dia-do-programador-4-curiosidades-sobre-a-profissao-do-futuro/","https://mclair.com.br/blog-images/capa-padrao-og.png","Racismo algorítmico: especialistas apontam caminhos para um futuro inclusivo","","","lazy","sem width/height (risco de CLS)"
"https://mclair.com.br/blog/dia-do-programador-4-curiosidades-sobre-a-profissao-do-futuro/","https://mclair.com.br/blog-images/capa-padrao-og.png","Do estágio à liderança: empresa cria novos caminhos para o crescimento de profissionais","","","lazy","sem width/height (risco de CLS)"
"https://mclair.com.br/blog/dia-do-programador-4-curiosidades-sobre-a-profissao-do-futuro/","/logos/logo-negativo.png","Mclair","","32","","sem width/height (risco de CLS) | sem atributo loading"
"https://mclair.com.br/blog/dicas-de-nutricao-cuidados-com-a-alimentacao-no-inverno/","/logos/logo-color.png","Mclair","","","","sem width/height (risco de CLS) | sem atributo loading"
"https://mclair.com.br/blog/dicas-de-nutricao-cuidados-com-a-alimentacao-no-inverno/","/logos/logo-white-hd.png","Mclair","","","","sem width/height (risco de CLS) | sem atributo loading"
"https://mclair.com.br/blog/dicas-de-nutricao-cuidados-com-a-alimentacao-no-inverno/","/cases-img/claudia-elisa-1.webp","","","","eager","alt vazio (ok se decorativa) | sem width/height (risco de CLS)"
"https://mclair.com.br/blog/dicas-de-nutricao-cuidados-com-a-alimentacao-no-inverno/","/logos/logo-icone-M.png","Mclair","120","120","","sem atributo loading"
"https://mclair.com.br/blog/dicas-de-nutricao-cuidados-com-a-alimentacao-no-inverno/","https://mclair.com.br/blog-images/capa-padrao-og.png","","","","","alt vazio (ok se decorativa) | sem width/height (risco de CLS) | sem atributo loading"
"https://mclair.com.br/blog/dicas-de-nutricao-cuidados-com-a-alimentacao-no-inverno/","https://mclair.com.br/blog-images/capa-padrao-og.png","Lambda3 abre 28 vagas para desenvolvedores","","","lazy","sem width/height (risco de CLS)"
"https://mclair.com.br/blog/dicas-de-nutricao-cuidados-com-a-alimentacao-no-inverno/","https://mclair.com.br/blog-images/capa-padrao-og.png","O lado B da produtividade em trabalho remoto","","","lazy","sem width/height (risco de CLS)"
"https://mclair.com.br/blog/dicas-de-nutricao-cuidados-com-a-alimentacao-no-inverno/","https://mclair.com.br/blog-images/capa-padrao-og.png","AQUARANTENADOS lança single ""Tudo vai dar certo""","","","lazy","sem width/height (risco de CLS)"
"https://mclair.com.br/blog/dicas-de-nutricao-cuidados-com-a-alimentacao-no-inverno/","/logos/logo-negativo.png","Mclair","","32","","sem width/height (risco de CLS) | sem atributo loading"
"https://mclair.com.br/blog/diego-nogare-deixa-o-itau-apos-consolidar-inovacao-em-machine-learning/","/logos/logo-color.png","Mclair","","","","sem width/height (risco de CLS) | sem atributo loading"
"https://mclair.com.br/blog/diego-nogare-deixa-o-itau-apos-consolidar-inovacao-em-machine-learning/","/logos/logo-white-hd.png","Mclair","","","","sem width/height (risco de CLS) | sem atributo loading"
"https://mclair.com.br/blog/diego-nogare-deixa-o-itau-apos-consolidar-inovacao-em-machine-learning/","/cases-img/claudia-elisa-1.webp","","","","eager","alt vazio (ok se decorativa) | sem width/height (risco de CLS)"
"https://mclair.com.br/blog/diego-nogare-deixa-o-itau-apos-consolidar-inovacao-em-machine-learning/","/logos/logo-icone-M.png","Mclair","120","120","","sem atributo loading"
"https://mclair.com.br/blog/diego-nogare-deixa-o-itau-apos-consolidar-inovacao-em-machine-learning/","https://mclair.com.br/blog-images/capa-padrao-og.png","","","","","alt vazio (ok se decorativa) | sem width/height (risco de CLS) | sem atributo loading"
"https://mclair.com.br/blog/diego-nogare-deixa-o-itau-apos-consolidar-inovacao-em-machine-learning/","https://mclair.com.br/blog-images/capa-padrao-og.png","A arte de transformar metas em realidade","","","lazy","sem width/height (risco de CLS)"
"https://mclair.com.br/blog/diego-nogare-deixa-o-itau-apos-consolidar-inovacao-em-machine-learning/","https://mclair.com.br/blog-images/capa-padrao-og.png","Lambda3 abre 28 vagas para desenvolvedores","","","lazy","sem width/height (risco de CLS)"
"https://mclair.com.br/blog/diego-nogare-deixa-o-itau-apos-consolidar-inovacao-em-machine-learning/","https://mclair.com.br/blog-images/capa-padrao-og.png","O lado B da produtividade em trabalho remoto","","","lazy","sem width/height (risco de CLS)"
"https://mclair.com.br/blog/diego-nogare-deixa-o-itau-apos-consolidar-inovacao-em-machine-learning/","/logos/logo-negativo.png","Mclair","","32","","sem width/height (risco de CLS) | sem atributo loading"
"https://mclair.com.br/blog/digitalizacao-evidencia-o-abismo-entre-o-ensino-publico-e-o-privado/","/logos/logo-color.png","Mclair","","","","sem width/height (risco de CLS) | sem atributo loading"
"https://mclair.com.br/blog/digitalizacao-evidencia-o-abismo-entre-o-ensino-publico-e-o-privado/","/logos/logo-white-hd.png","Mclair","","","","sem width/height (risco de CLS) | sem atributo loading"
"https://mclair.com.br/blog/digitalizacao-evidencia-o-abismo-entre-o-ensino-publico-e-o-privado/","/cases-img/claudia-elisa-1.webp","","","","eager","alt vazio (ok se decorativa) | sem width/height (risco de CLS)"
"https://mclair.com.br/blog/digitalizacao-evidencia-o-abismo-entre-o-ensino-publico-e-o-privado/","/logos/logo-icone-M.png","Mclair","120","120","","sem atributo loading"
"https://mclair.com.br/blog/digitalizacao-evidencia-o-abismo-entre-o-ensino-publico-e-o-privado/","https://mclair.com.br/blog-images/capa-padrao-og.png","","","","","alt vazio (ok se decorativa) | sem width/height (risco de CLS) | sem atributo loading"
"https://mclair.com.br/blog/digitalizacao-evidencia-o-abismo-entre-o-ensino-publico-e-o-privado/","https://mclair.com.br/blog-images/capa-padrao-og.png","Momentos de crise exigem lideranças inteligentes","","","lazy","sem width/height (risco de CLS)"
"https://mclair.com.br/blog/digitalizacao-evidencia-o-abismo-entre-o-ensino-publico-e-o-privado/","https://mclair.com.br/blog-images/capa-padrao-og.png","Os parâmetros para produtividade foram redefinidos","","","lazy","sem width/height (risco de CLS)"
"https://mclair.com.br/blog/digitalizacao-evidencia-o-abismo-entre-o-ensino-publico-e-o-privado/","https://mclair.com.br/blog-images/capa-padrao-og.png","Computadores não vencem humanos em debates... Por enquanto!","","","lazy","sem width/height (risco de CLS)"
"https://mclair.com.br/blog/digitalizacao-evidencia-o-abismo-entre-o-ensino-publico-e-o-privado/","/logos/logo-negativo.png","Mclair","","32","","sem width/height (risco de CLS) | sem atributo loading"
"https://mclair.com.br/blog/diversidade-etaria-por-que-a-geracao-40-e-essencial-para-o-mercado-de-/","/logos/logo-color.png","Mclair","","","","sem width/height (risco de CLS) | sem atributo loading"
"https://mclair.com.br/blog/diversidade-etaria-por-que-a-geracao-40-e-essencial-para-o-mercado-de-/","/logos/logo-white-hd.png","Mclair","","","","sem width/height (risco de CLS) | sem atributo loading"
"https://mclair.com.br/blog/diversidade-etaria-por-que-a-geracao-40-e-essencial-para-o-mercado-de-/","/cases-img/claudia-elisa-1.webp","","","","eager","alt vazio (ok se decorativa) | sem width/height (risco de CLS)"
"https://mclair.com.br/blog/diversidade-etaria-por-que-a-geracao-40-e-essencial-para-o-mercado-de-/","/logos/logo-icone-M.png","Mclair","120","120","","sem atributo loading"
"https://mclair.com.br/blog/diversidade-etaria-por-que-a-geracao-40-e-essencial-para-o-mercado-de-/","https://mclair.com.br/blog-images/capa-padrao-og.png","","","","","alt vazio (ok se decorativa) | sem width/height (risco de CLS) | sem atributo loading"
"https://mclair.com.br/blog/diversidade-etaria-por-que-a-geracao-40-e-essencial-para-o-mercado-de-/","https://mclair.com.br/blog-images/capa-padrao-og.png","Práticas de Gestão de Pessoas ajudam na transformação de conceitos culturais","","","lazy","sem width/height (risco de CLS)"
"https://mclair.com.br/blog/diversidade-etaria-por-que-a-geracao-40-e-essencial-para-o-mercado-de-/","https://mclair.com.br/blog-images/capa-padrao-og.png","Há futuro para o mercado de tecnologia sem cultura organizacional diversa?","","","lazy","sem width/height (risco de CLS)"
"https://mclair.com.br/blog/diversidade-etaria-por-que-a-geracao-40-e-essencial-para-o-mercado-de-/","https://mclair.com.br/blog-images/capa-padrao-og.png","O futuro do trabalho remoto e o match entre tecnologia e pessoas","","","lazy","sem width/height (risco de CLS)"
"https://mclair.com.br/blog/diversidade-etaria-por-que-a-geracao-40-e-essencial-para-o-mercado-de-/","/logos/logo-negativo.png","Mclair","","32","","sem width/height (risco de CLS) | sem atributo loading"
"https://mclair.com.br/blog/diversidade-nao-basta-resultado-tambem-depende-de-abertura-ao-contradi/","/logos/logo-color.png","Mclair","","","","sem width/height (risco de CLS) | sem atributo loading"
"https://mclair.com.br/blog/diversidade-nao-basta-resultado-tambem-depende-de-abertura-ao-contradi/","/logos/logo-white-hd.png","Mclair","","","","sem width/height (risco de CLS) | sem atributo loading"
"https://mclair.com.br/blog/diversidade-nao-basta-resultado-tambem-depende-de-abertura-ao-contradi/","/cases-img/claudia-elisa-1.webp","","","","eager","alt vazio (ok se decorativa) | sem width/height (risco de CLS)"
"https://mclair.com.br/blog/diversidade-nao-basta-resultado-tambem-depende-de-abertura-ao-contradi/","/logos/logo-icone-M.png","Mclair","120","120","","sem atributo loading"
"https://mclair.com.br/blog/diversidade-nao-basta-resultado-tambem-depende-de-abertura-ao-contradi/","https://mclair.com.br/blog-images/capa-padrao-og.png","","","","","alt vazio (ok se decorativa) | sem width/height (risco de CLS) | sem atributo loading"
"https://mclair.com.br/blog/diversidade-nao-basta-resultado-tambem-depende-de-abertura-ao-contradi/","https://mclair.com.br/blog-images/capa-padrao-og.png","Os desafios e mitos sobre a transição energética","","","lazy","sem width/height (risco de CLS)"
"https://mclair.com.br/blog/diversidade-nao-basta-resultado-tambem-depende-de-abertura-ao-contradi/","https://mclair.com.br/blog-images/capa-padrao-og.png","RH e o futuro do trabalho: quais as tendências para os próximos 10 anos?","","","lazy","sem width/height (risco de CLS)"
"https://mclair.com.br/blog/diversidade-nao-basta-resultado-tambem-depende-de-abertura-ao-contradi/","https://mclair.com.br/blog-images/capa-padrao-og.png","O","","","lazy","sem width/height (risco de CLS)"
"https://mclair.com.br/blog/diversidade-nao-basta-resultado-tambem-depende-de-abertura-ao-contradi/","/logos/logo-negativo.png","Mclair","","32","","sem width/height (risco de CLS) | sem atributo loading"
"https://mclair.com.br/blog/diversidade-nas-liderancas-e-fundamental-para-as-acoes-de-esg/","/logos/logo-color.png","Mclair","","","","sem width/height (risco de CLS) | sem atributo loading"
"https://mclair.com.br/blog/diversidade-nas-liderancas-e-fundamental-para-as-acoes-de-esg/","/logos/logo-white-hd.png","Mclair","","","","sem width/height (risco de CLS) | sem atributo loading"
"https://mclair.com.br/blog/diversidade-nas-liderancas-e-fundamental-para-as-acoes-de-esg/","/cases-img/claudia-elisa-1.webp","","","","eager","alt vazio (ok se decorativa) | sem width/height (risco de CLS)"
"https://mclair.com.br/blog/diversidade-nas-liderancas-e-fundamental-para-as-acoes-de-esg/","/logos/logo-icone-M.png","Mclair","120","120","","sem atributo loading"
"https://mclair.com.br/blog/diversidade-nas-liderancas-e-fundamental-para-as-acoes-de-esg/","https://mclair.com.br/blog-images/capa-padrao-og.png","","","","","alt vazio (ok se decorativa) | sem width/height (risco de CLS) | sem atributo loading"
"https://mclair.com.br/blog/diversidade-nas-liderancas-e-fundamental-para-as-acoes-de-esg/","https://mclair.com.br/blog-images/capa-padrao-og.png","Os desafios e mitos sobre a transição energética","","","lazy","sem width/height (risco de CLS)"
"https://mclair.com.br/blog/diversidade-nas-liderancas-e-fundamental-para-as-acoes-de-esg/","https://mclair.com.br/blog-images/capa-padrao-og.png","RH e o futuro do trabalho: quais as tendências para os próximos 10 anos?","","","lazy","sem width/height (risco de CLS)"
"https://mclair.com.br/blog/diversidade-nas-liderancas-e-fundamental-para-as-acoes-de-esg/","https://mclair.com.br/blog-images/capa-padrao-og.png","O","","","lazy","sem width/height (risco de CLS)"
"https://mclair.com.br/blog/diversidade-nas-liderancas-e-fundamental-para-as-acoes-de-esg/","/logos/logo-negativo.png","Mclair","","32","","sem width/height (risco de CLS) | sem atributo loading"
"https://mclair.com.br/blog/do-estagio-a-lideranca-empresa-cria-novos-caminhos-para-o-crescimento-/","/logos/logo-color.png","Mclair","","","","sem width/height (risco de CLS) | sem atributo loading"
"https://mclair.com.br/blog/do-estagio-a-lideranca-empresa-cria-novos-caminhos-para-o-crescimento-/","/logos/logo-white-hd.png","Mclair","","","","sem width/height (risco de CLS) | sem atributo loading"
"https://mclair.com.br/blog/do-estagio-a-lideranca-empresa-cria-novos-caminhos-para-o-crescimento-/","/cases-img/claudia-elisa-1.webp","","","","eager","alt vazio (ok se decorativa) | sem width/height (risco de CLS)"
"https://mclair.com.br/blog/do-estagio-a-lideranca-empresa-cria-novos-caminhos-para-o-crescimento-/","/logos/logo-icone-M.png","Mclair","120","120","","sem atributo loading"
"https://mclair.com.br/blog/do-estagio-a-lideranca-empresa-cria-novos-caminhos-para-o-crescimento-/","https://mclair.com.br/blog-images/capa-padrao-og.png","","","","","alt vazio (ok se decorativa) | sem width/height (risco de CLS) | sem atributo loading"
"https://mclair.com.br/blog/do-estagio-a-lideranca-empresa-cria-novos-caminhos-para-o-crescimento-/","https://mclair.com.br/blog-images/capa-padrao-og.png","ZBRA anuncia Head de Novos Negócios","","","lazy","sem width/height (risco de CLS)"
"https://mclair.com.br/blog/do-estagio-a-lideranca-empresa-cria-novos-caminhos-para-o-crescimento-/","https://mclair.com.br/blog-images/capa-padrao-og.png","Racismo algorítmico: especialistas apontam caminhos para um futuro inclusivo","","","lazy","sem width/height (risco de CLS)"
"https://mclair.com.br/blog/do-estagio-a-lideranca-empresa-cria-novos-caminhos-para-o-crescimento-/","https://mclair.com.br/blog-images/capa-padrao-og.png","Dia do Programador: 4 curiosidades sobre a profissão do futuro","","","lazy","sem width/height (risco de CLS)"
"https://mclair.com.br/blog/do-estagio-a-lideranca-empresa-cria-novos-caminhos-para-o-crescimento-/","/logos/logo-negativo.png","Mclair","","32","","sem width/height (risco de CLS) | sem atributo loading"
"https://mclair.com.br/blog/do-glp-ao-coracao-dos-corinthianos-como-o-patrocinio-do-appgas-ao-tima/","/logos/logo-color.png","Mclair","","","","sem width/height (risco de CLS) | sem atributo loading"
"https://mclair.com.br/blog/do-glp-ao-coracao-dos-corinthianos-como-o-patrocinio-do-appgas-ao-tima/","/logos/logo-white-hd.png","Mclair","","","","sem width/height (risco de CLS) | sem atributo loading"
"https://mclair.com.br/blog/do-glp-ao-coracao-dos-corinthianos-como-o-patrocinio-do-appgas-ao-tima/","/cases-img/claudia-elisa-1.webp","","","","eager","alt vazio (ok se decorativa) | sem width/height (risco de CLS)"
"https://mclair.com.br/blog/do-glp-ao-coracao-dos-corinthianos-como-o-patrocinio-do-appgas-ao-tima/","/logos/logo-icone-M.png","Mclair","120","120","","sem atributo loading"
"https://mclair.com.br/blog/do-glp-ao-coracao-dos-corinthianos-como-o-patrocinio-do-appgas-ao-tima/","https://mclair.com.br/blog-images/capa-padrao-og.png","","","","","alt vazio (ok se decorativa) | sem width/height (risco de CLS) | sem atributo loading"
"https://mclair.com.br/blog/do-glp-ao-coracao-dos-corinthianos-como-o-patrocinio-do-appgas-ao-tima/","https://mclair.com.br/blog-images/capa-padrao-og.png","A arte de transformar metas em realidade","","","lazy","sem width/height (risco de CLS)"
"https://mclair.com.br/blog/do-glp-ao-coracao-dos-corinthianos-como-o-patrocinio-do-appgas-ao-tima/","https://mclair.com.br/blog-images/capa-padrao-og.png","Lambda3 abre 28 vagas para desenvolvedores","","","lazy","sem width/height (risco de CLS)"
"https://mclair.com.br/blog/do-glp-ao-coracao-dos-corinthianos-como-o-patrocinio-do-appgas-ao-tima/","https://mclair.com.br/blog-images/capa-padrao-og.png","O lado B da produtividade em trabalho remoto","","","lazy","sem width/height (risco de CLS)"
"https://mclair.com.br/blog/do-glp-ao-coracao-dos-corinthianos-como-o-patrocinio-do-appgas-ao-tima/","/logos/logo-negativo.png","Mclair","","32","","sem width/height (risco de CLS) | sem atributo loading"
"https://mclair.com.br/blog/dona-coruja-e-sua-marca-propria/","/logos/logo-color.png","Mclair","","","","sem width/height (risco de CLS) | sem atributo loading"
"https://mclair.com.br/blog/dona-coruja-e-sua-marca-propria/","/logos/logo-white-hd.png","Mclair","","","","sem width/height (risco de CLS) | sem atributo loading"
"https://mclair.com.br/blog/dona-coruja-e-sua-marca-propria/","/cases-img/claudia-elisa-1.webp","","","","eager","alt vazio (ok se decorativa) | sem width/height (risco de CLS)"
"https://mclair.com.br/blog/dona-coruja-e-sua-marca-propria/","/logos/logo-icone-M.png","Mclair","120","120","","sem atributo loading"
"https://mclair.com.br/blog/dona-coruja-e-sua-marca-propria/","/uploads/recovered-dona-coruja-e-sua-marca-propria.jpg","","","","","alt vazio (ok se decorativa) | sem width/height (risco de CLS) | sem atributo loading"
"https://mclair.com.br/blog/dona-coruja-e-sua-marca-propria/","https://mclair.com.br/blog-images/capa-padrao-og.png","Missão Angola:  Como a Quinto Andar me ajudou a vender milho na África","","","lazy","sem width/height (risco de CLS)"
"https://mclair.com.br/blog/dona-coruja-e-sua-marca-propria/","/uploads/recovered-o-growth-e-eu-acelerando.png","O Growth e eu: Acelerando!","","","lazy","sem width/height (risco de CLS)"
"https://mclair.com.br/blog/dona-coruja-e-sua-marca-propria/","https://mclair.com.br/blog-images/capa-padrao-og.png","A arte de transformar metas em realidade","","","lazy","sem width/height (risco de CLS)"
"https://mclair.com.br/blog/dona-coruja-e-sua-marca-propria/","/logos/logo-negativo.png","Mclair","","32","","sem width/height (risco de CLS) | sem atributo loading"
"https://mclair.com.br/blog/eficiencia-nas-nuvens-busca-por-multicloud-e-nuvem-hibrida-cresce-no-b/","/logos/logo-color.png","Mclair","","","","sem width/height (risco de CLS) | sem atributo loading"
"https://mclair.com.br/blog/eficiencia-nas-nuvens-busca-por-multicloud-e-nuvem-hibrida-cresce-no-b/","/logos/logo-white-hd.png","Mclair","","","","sem width/height (risco de CLS) | sem atributo loading"
"https://mclair.com.br/blog/eficiencia-nas-nuvens-busca-por-multicloud-e-nuvem-hibrida-cresce-no-b/","/cases-img/claudia-elisa-1.webp","","","","eager","alt vazio (ok se decorativa) | sem width/height (risco de CLS)"
"https://mclair.com.br/blog/eficiencia-nas-nuvens-busca-por-multicloud-e-nuvem-hibrida-cresce-no-b/","/logos/logo-icone-M.png","Mclair","120","120","","sem atributo loading"
"https://mclair.com.br/blog/eficiencia-nas-nuvens-busca-por-multicloud-e-nuvem-hibrida-cresce-no-b/","https://mclair.com.br/blog-images/capa-padrao-og.png","","","","","alt vazio (ok se decorativa) | sem width/height (risco de CLS) | sem atributo loading"
"https://mclair.com.br/blog/eficiencia-nas-nuvens-busca-por-multicloud-e-nuvem-hibrida-cresce-no-b/","https://mclair.com.br/blog-images/capa-padrao-og.png","14/09 - Lambda3 completa 12 anos e lança podcast com olhar sobre negócios no contexto nacional","","","lazy","sem width/height (risco de CLS)"
"https://mclair.com.br/blog/eficiencia-nas-nuvens-busca-por-multicloud-e-nuvem-hibrida-cresce-no-b/","https://mclair.com.br/blog-images/capa-padrao-og.png","Oportunidade de capacitação em TI: Lambda3 apresenta palestras no TDC Business","","","lazy","sem width/height (risco de CLS)"
"https://mclair.com.br/blog/eficiencia-nas-nuvens-busca-por-multicloud-e-nuvem-hibrida-cresce-no-b/","https://mclair.com.br/blog-images/capa-padrao-og.png","4 erros comuns ao implementar produtos digitais","","","lazy","sem width/height (risco de CLS)"
"https://mclair.com.br/blog/eficiencia-nas-nuvens-busca-por-multicloud-e-nuvem-hibrida-cresce-no-b/","/logos/logo-negativo.png","Mclair","","32","","sem width/height (risco de CLS) | sem atributo loading"
"https://mclair.com.br/blog/em-tempos-de-pandemia-tecnologia-cria-oportunidades/","/logos/logo-color.png","Mclair","","","","sem width/height (risco de CLS) | sem atributo loading"
"https://mclair.com.br/blog/em-tempos-de-pandemia-tecnologia-cria-oportunidades/","/logos/logo-white-hd.png","Mclair","","","","sem width/height (risco de CLS) | sem atributo loading"
"https://mclair.com.br/blog/em-tempos-de-pandemia-tecnologia-cria-oportunidades/","/cases-img/claudia-elisa-1.webp","","","","eager","alt vazio (ok se decorativa) | sem width/height (risco de CLS)"
"https://mclair.com.br/blog/em-tempos-de-pandemia-tecnologia-cria-oportunidades/","/logos/logo-icone-M.png","Mclair","120","120","","sem atributo loading"
"https://mclair.com.br/blog/em-tempos-de-pandemia-tecnologia-cria-oportunidades/","https://mclair.com.br/blog-images/capa-padrao-og.png","","","","","alt vazio (ok se decorativa) | sem width/height (risco de CLS) | sem atributo loading"
"https://mclair.com.br/blog/em-tempos-de-pandemia-tecnologia-cria-oportunidades/","https://mclair.com.br/blog-images/capa-padrao-og.png","A arte de transformar metas em realidade","","","lazy","sem width/height (risco de CLS)"
"https://mclair.com.br/blog/em-tempos-de-pandemia-tecnologia-cria-oportunidades/","https://mclair.com.br/blog-images/capa-padrao-og.png","Lambda3 abre 28 vagas para desenvolvedores","","","lazy","sem width/height (risco de CLS)"
"https://mclair.com.br/blog/em-tempos-de-pandemia-tecnologia-cria-oportunidades/","https://mclair.com.br/blog-images/capa-padrao-og.png","O lado B da produtividade em trabalho remoto","","","lazy","sem width/height (risco de CLS)"
"https://mclair.com.br/blog/em-tempos-de-pandemia-tecnologia-cria-oportunidades/","/logos/logo-negativo.png","Mclair","","32","","sem width/height (risco de CLS) | sem atributo loading"
"https://mclair.com.br/blog/emergee-e-tivit-lancam-o-programa-agility-drops/","/logos/logo-color.png","Mclair","","","","sem width/height (risco de CLS) | sem atributo loading"
"https://mclair.com.br/blog/emergee-e-tivit-lancam-o-programa-agility-drops/","/logos/logo-white-hd.png","Mclair","","","","sem width/height (risco de CLS) | sem atributo loading"
"https://mclair.com.br/blog/emergee-e-tivit-lancam-o-programa-agility-drops/","/cases-img/claudia-elisa-1.webp","","","","eager","alt vazio (ok se decorativa) | sem width/height (risco de CLS)"
"https://mclair.com.br/blog/emergee-e-tivit-lancam-o-programa-agility-drops/","/logos/logo-icone-M.png","Mclair","120","120","","sem atributo loading"
"https://mclair.com.br/blog/emergee-e-tivit-lancam-o-programa-agility-drops/","https://mclair.com.br/blog-images/capa-padrao-og.png","","","","","alt vazio (ok se decorativa) | sem width/height (risco de CLS) | sem atributo loading"
"https://mclair.com.br/blog/emergee-e-tivit-lancam-o-programa-agility-drops/","https://mclair.com.br/blog-images/capa-padrao-og.png","54% das empresas que passam por transformação digital pretendem aderir ao Outsourcing no futuro","","","lazy","sem width/height (risco de CLS)"
"https://mclair.com.br/blog/emergee-e-tivit-lancam-o-programa-agility-drops/","https://mclair.com.br/blog-images/capa-padrao-og.png","Itaú Unibanco incorpora startup Emergee, especializada em métodos para agilidade nos negócios","","","lazy","sem width/height (risco de CLS)"
"https://mclair.com.br/blog/emergee-e-tivit-lancam-o-programa-agility-drops/","https://mclair.com.br/blog-images/capa-padrao-og.png","Ian Macdonald é o novo diretor-executivo da Emergee","","","lazy","sem width/height (risco de CLS)"
"https://mclair.com.br/blog/emergee-e-tivit-lancam-o-programa-agility-drops/","/logos/logo-negativo.png","Mclair","","32","","sem width/height (risco de CLS) | sem atributo loading"
"https://mclair.com.br/blog/empatia-e-resiliencia-nas-abordagens-de-marcas-com-consumidores/","/logos/logo-color.png","Mclair","","","","sem width/height (risco de CLS) | sem atributo loading"
"https://mclair.com.br/blog/empatia-e-resiliencia-nas-abordagens-de-marcas-com-consumidores/","/logos/logo-white-hd.png","Mclair","","","","sem width/height (risco de CLS) | sem atributo loading"
"https://mclair.com.br/blog/empatia-e-resiliencia-nas-abordagens-de-marcas-com-consumidores/","/cases-img/claudia-elisa-1.webp","","","","eager","alt vazio (ok se decorativa) | sem width/height (risco de CLS)"
"https://mclair.com.br/blog/empatia-e-resiliencia-nas-abordagens-de-marcas-com-consumidores/","/logos/logo-icone-M.png","Mclair","120","120","","sem atributo loading"
"https://mclair.com.br/blog/empatia-e-resiliencia-nas-abordagens-de-marcas-com-consumidores/","https://mclair.com.br/blog-images/capa-padrao-og.png","","","","","alt vazio (ok se decorativa) | sem width/height (risco de CLS) | sem atributo loading"
"https://mclair.com.br/blog/empatia-e-resiliencia-nas-abordagens-de-marcas-com-consumidores/","https://mclair.com.br/blog-images/capa-padrao-og.png","Abrolhos Filmes lança vídeo manifesto para reforçar posicionamento","","","lazy","sem width/height (risco de CLS)"
"https://mclair.com.br/blog/empatia-e-resiliencia-nas-abordagens-de-marcas-com-consumidores/","https://mclair.com.br/blog-images/capa-padrao-og.png","Cotas para streaming na França realça atraso do Brasil na regulamentação de VoD","","","lazy","sem width/height (risco de CLS)"
"https://mclair.com.br/blog/empatia-e-resiliencia-nas-abordagens-de-marcas-com-consumidores/","https://mclair.com.br/blog-images/capa-padrao-og.png","Pirataria sai do controle com streaming e isolamento social","","","lazy","sem width/height (risco de CLS)"
"https://mclair.com.br/blog/empatia-e-resiliencia-nas-abordagens-de-marcas-com-consumidores/","/logos/logo-negativo.png","Mclair","","32","","sem width/height (risco de CLS) | sem atributo loading"
"https://mclair.com.br/blog/empresa-de-tecnologia-adota-home-office-e-cresce-40/","/logos/logo-color.png","Mclair","","","","sem width/height (risco de CLS) | sem atributo loading"
"https://mclair.com.br/blog/empresa-de-tecnologia-adota-home-office-e-cresce-40/","/logos/logo-white-hd.png","Mclair","","","","sem width/height (risco de CLS) | sem atributo loading"
"https://mclair.com.br/blog/empresa-de-tecnologia-adota-home-office-e-cresce-40/","/cases-img/claudia-elisa-1.webp","","","","eager","alt vazio (ok se decorativa) | sem width/height (risco de CLS)"
"https://mclair.com.br/blog/empresa-de-tecnologia-adota-home-office-e-cresce-40/","/logos/logo-icone-M.png","Mclair","120","120","","sem atributo loading"
"https://mclair.com.br/blog/empresa-de-tecnologia-adota-home-office-e-cresce-40/","https://mclair.com.br/blog-images/capa-padrao-og.png","","","","","alt vazio (ok se decorativa) | sem width/height (risco de CLS) | sem atributo loading"
"https://mclair.com.br/blog/empresa-de-tecnologia-adota-home-office-e-cresce-40/","https://mclair.com.br/blog-images/capa-padrao-og.png","14/09 - Lambda3 completa 12 anos e lança podcast com olhar sobre negócios no contexto nacional","","","lazy","sem width/height (risco de CLS)"
"https://mclair.com.br/blog/empresa-de-tecnologia-adota-home-office-e-cresce-40/","https://mclair.com.br/blog-images/capa-padrao-og.png","Oportunidade de capacitação em TI: Lambda3 apresenta palestras no TDC Business","","","lazy","sem width/height (risco de CLS)"
"https://mclair.com.br/blog/empresa-de-tecnologia-adota-home-office-e-cresce-40/","https://mclair.com.br/blog-images/capa-padrao-og.png","4 erros comuns ao implementar produtos digitais","","","lazy","sem width/height (risco de CLS)"
"https://mclair.com.br/blog/empresa-de-tecnologia-adota-home-office-e-cresce-40/","/logos/logo-negativo.png","Mclair","","32","","sem width/height (risco de CLS) | sem atributo loading"
"https://mclair.com.br/blog/empresas-brasileiras-levam-inovacoes-com-foco-em-economia-circular-e-m/","/logos/logo-color.png","Mclair","","","","sem width/height (risco de CLS) | sem atributo loading"
"https://mclair.com.br/blog/empresas-brasileiras-levam-inovacoes-com-foco-em-economia-circular-e-m/","/logos/logo-white-hd.png","Mclair","","","","sem width/height (risco de CLS) | sem atributo loading"
"https://mclair.com.br/blog/empresas-brasileiras-levam-inovacoes-com-foco-em-economia-circular-e-m/","/cases-img/claudia-elisa-1.webp","","","","eager","alt vazio (ok se decorativa) | sem width/height (risco de CLS)"
"https://mclair.com.br/blog/empresas-brasileiras-levam-inovacoes-com-foco-em-economia-circular-e-m/","/logos/logo-icone-M.png","Mclair","120","120","","sem atributo loading"
"https://mclair.com.br/blog/empresas-brasileiras-levam-inovacoes-com-foco-em-economia-circular-e-m/","https://mclair.com.br/blog-images/capa-padrao-og.png","","","","","alt vazio (ok se decorativa) | sem width/height (risco de CLS) | sem atributo loading"
"https://mclair.com.br/blog/empresas-brasileiras-levam-inovacoes-com-foco-em-economia-circular-e-m/","https://mclair.com.br/blog-images/capa-padrao-og.png","AGRO: Indústrias brasileiras de máquinas e equipamentos buscam expansão no mercado africano","","","lazy","sem width/height (risco de CLS)"
"https://mclair.com.br/blog/empresas-brasileiras-levam-inovacoes-com-foco-em-economia-circular-e-m/","https://mclair.com.br/blog-images/capa-padrao-og.png","Indústria de máquinas projeta USD 15 MI em negócios  internacionais durante Agrishow 2023","","","lazy","sem width/height (risco de CLS)"
"https://mclair.com.br/blog/empresas-brasileiras-levam-inovacoes-com-foco-em-economia-circular-e-m/","https://mclair.com.br/blog-images/capa-padrao-og.png","Mineração: indústria de máquinas e equipamentos estima US$11,6 milhões em exportações","","","lazy","sem width/height (risco de CLS)"
"https://mclair.com.br/blog/empresas-brasileiras-levam-inovacoes-com-foco-em-economia-circular-e-m/","/logos/logo-negativo.png","Mclair","","32","","sem width/height (risco de CLS) | sem atributo loading"
"https://mclair.com.br/blog/empresas-brasileiras-marcam-presenca-na-colombiaplast-2022/","/logos/logo-color.png","Mclair","","","","sem width/height (risco de CLS) | sem atributo loading"
"https://mclair.com.br/blog/empresas-brasileiras-marcam-presenca-na-colombiaplast-2022/","/logos/logo-white-hd.png","Mclair","","","","sem width/height (risco de CLS) | sem atributo loading"
"https://mclair.com.br/blog/empresas-brasileiras-marcam-presenca-na-colombiaplast-2022/","/cases-img/claudia-elisa-1.webp","","","","eager","alt vazio (ok se decorativa) | sem width/height (risco de CLS)"
"https://mclair.com.br/blog/empresas-brasileiras-marcam-presenca-na-colombiaplast-2022/","/logos/logo-icone-M.png","Mclair","120","120","","sem atributo loading"
"https://mclair.com.br/blog/empresas-brasileiras-marcam-presenca-na-colombiaplast-2022/","https://mclair.com.br/blog-images/capa-padrao-og.png","","","","","alt vazio (ok se decorativa) | sem width/height (risco de CLS) | sem atributo loading"
"https://mclair.com.br/blog/empresas-brasileiras-marcam-presenca-na-colombiaplast-2022/","https://mclair.com.br/blog-images/capa-padrao-og.png","AGRO: Indústrias brasileiras de máquinas e equipamentos buscam expansão no mercado africano","","","lazy","sem width/height (risco de CLS)"
"https://mclair.com.br/blog/empresas-brasileiras-marcam-presenca-na-colombiaplast-2022/","https://mclair.com.br/blog-images/capa-padrao-og.png","Indústria de máquinas projeta USD 15 MI em negócios  internacionais durante Agrishow 2023","","","lazy","sem width/height (risco de CLS)"
"https://mclair.com.br/blog/empresas-brasileiras-marcam-presenca-na-colombiaplast-2022/","https://mclair.com.br/blog-images/capa-padrao-og.png","Mineração: indústria de máquinas e equipamentos estima US$11,6 milhões em exportações","","","lazy","sem width/height (risco de CLS)"
"https://mclair.com.br/blog/empresas-brasileiras-marcam-presenca-na-colombiaplast-2022/","/logos/logo-negativo.png","Mclair","","32","","sem width/height (risco de CLS) | sem atributo loading"
"https://mclair.com.br/blog/empresas-brasileiras-movimentam-us-4-7-milhoes-durante-a-argenplas/","/logos/logo-color.png","Mclair","","","","sem width/height (risco de CLS) | sem atributo loading"
"https://mclair.com.br/blog/empresas-brasileiras-movimentam-us-4-7-milhoes-durante-a-argenplas/","/logos/logo-white-hd.png","Mclair","","","","sem width/height (risco de CLS) | sem atributo loading"
"https://mclair.com.br/blog/empresas-brasileiras-movimentam-us-4-7-milhoes-durante-a-argenplas/","/cases-img/claudia-elisa-1.webp","","","","eager","alt vazio (ok se decorativa) | sem width/height (risco de CLS)"
"https://mclair.com.br/blog/empresas-brasileiras-movimentam-us-4-7-milhoes-durante-a-argenplas/","/logos/logo-icone-M.png","Mclair","120","120","","sem atributo loading"
"https://mclair.com.br/blog/empresas-brasileiras-movimentam-us-4-7-milhoes-durante-a-argenplas/","https://mclair.com.br/blog-images/capa-padrao-og.png","","","","","alt vazio (ok se decorativa) | sem width/height (risco de CLS) | sem atributo loading"
"https://mclair.com.br/blog/empresas-brasileiras-movimentam-us-4-7-milhoes-durante-a-argenplas/","https://mclair.com.br/blog-images/capa-padrao-og.png","AGRO: Indústrias brasileiras de máquinas e equipamentos buscam expansão no mercado africano","","","lazy","sem width/height (risco de CLS)"
"https://mclair.com.br/blog/empresas-brasileiras-movimentam-us-4-7-milhoes-durante-a-argenplas/","https://mclair.com.br/blog-images/capa-padrao-og.png","Indústria de máquinas projeta USD 15 MI em negócios  internacionais durante Agrishow 2023","","","lazy","sem width/height (risco de CLS)"
"https://mclair.com.br/blog/empresas-brasileiras-movimentam-us-4-7-milhoes-durante-a-argenplas/","https://mclair.com.br/blog-images/capa-padrao-og.png","Mineração: indústria de máquinas e equipamentos estima US$11,6 milhões em exportações","","","lazy","sem width/height (risco de CLS)"
"https://mclair.com.br/blog/empresas-brasileiras-movimentam-us-4-7-milhoes-durante-a-argenplas/","/logos/logo-negativo.png","Mclair","","32","","sem width/height (risco de CLS) | sem atributo loading"
"https://mclair.com.br/blog/empresas-familiares-exigem-flexibilidade-e-comunicacao-empatica-do-exe/","/logos/logo-color.png","Mclair","","","","sem width/height (risco de CLS) | sem atributo loading"
"https://mclair.com.br/blog/empresas-familiares-exigem-flexibilidade-e-comunicacao-empatica-do-exe/","/logos/logo-white-hd.png","Mclair","","","","sem width/height (risco de CLS) | sem atributo loading"
"https://mclair.com.br/blog/empresas-familiares-exigem-flexibilidade-e-comunicacao-empatica-do-exe/","/cases-img/claudia-elisa-1.webp","","","","eager","alt vazio (ok se decorativa) | sem width/height (risco de CLS)"
"https://mclair.com.br/blog/empresas-familiares-exigem-flexibilidade-e-comunicacao-empatica-do-exe/","/logos/logo-icone-M.png","Mclair","120","120","","sem atributo loading"
"https://mclair.com.br/blog/empresas-familiares-exigem-flexibilidade-e-comunicacao-empatica-do-exe/","https://mclair.com.br/blog-images/capa-padrao-og.png","","","","","alt vazio (ok se decorativa) | sem width/height (risco de CLS) | sem atributo loading"
"https://mclair.com.br/blog/empresas-familiares-exigem-flexibilidade-e-comunicacao-empatica-do-exe/","https://mclair.com.br/blog-images/capa-padrao-og.png","Os desafios e mitos sobre a transição energética","","","lazy","sem width/height (risco de CLS)"
"https://mclair.com.br/blog/empresas-familiares-exigem-flexibilidade-e-comunicacao-empatica-do-exe/","https://mclair.com.br/blog-images/capa-padrao-og.png","RH e o futuro do trabalho: quais as tendências para os próximos 10 anos?","","","lazy","sem width/height (risco de CLS)"
"https://mclair.com.br/blog/empresas-familiares-exigem-flexibilidade-e-comunicacao-empatica-do-exe/","https://mclair.com.br/blog-images/capa-padrao-og.png","O","","","lazy","sem width/height (risco de CLS)"
"https://mclair.com.br/blog/empresas-familiares-exigem-flexibilidade-e-comunicacao-empatica-do-exe/","/logos/logo-negativo.png","Mclair","","32","","sem width/height (risco de CLS) | sem atributo loading"
"https://mclair.com.br/blog/empresas-modernas-serao-cada-vez-mais-empresas-de-software/","/logos/logo-color.png","Mclair","","","","sem width/height (risco de CLS) | sem atributo loading"
"https://mclair.com.br/blog/empresas-modernas-serao-cada-vez-mais-empresas-de-software/","/logos/logo-white-hd.png","Mclair","","","","sem width/height (risco de CLS) | sem atributo loading"
"https://mclair.com.br/blog/empresas-modernas-serao-cada-vez-mais-empresas-de-software/","/cases-img/claudia-elisa-1.webp","","","","eager","alt vazio (ok se decorativa) | sem width/height (risco de CLS)"
"https://mclair.com.br/blog/empresas-modernas-serao-cada-vez-mais-empresas-de-software/","/logos/logo-icone-M.png","Mclair","120","120","","sem atributo loading"
"https://mclair.com.br/blog/empresas-modernas-serao-cada-vez-mais-empresas-de-software/","https://mclair.com.br/blog-images/capa-padrao-og.png","","","","","alt vazio (ok se decorativa) | sem width/height (risco de CLS) | sem atributo loading"
"https://mclair.com.br/blog/empresas-modernas-serao-cada-vez-mais-empresas-de-software/","https://files.pressmanager.net/clientes/d4f4d624efad0b11b5c71668be0c65c3/imagens/2020/01/21/39251960528bd8532254f11c90f8cb5d_medium.jpg","","","","","alt vazio (ok se decorativa) | sem width/height (risco de CLS) | sem atributo loading"
"https://mclair.com.br/blog/empresas-modernas-serao-cada-vez-mais-empresas-de-software/","https://mclair.com.br/blog-images/capa-padrao-og.png","Momentos de crise exigem lideranças inteligentes","","","lazy","sem width/height (risco de CLS)"
"https://mclair.com.br/blog/empresas-modernas-serao-cada-vez-mais-empresas-de-software/","https://mclair.com.br/blog-images/capa-padrao-og.png","Os parâmetros para produtividade foram redefinidos","","","lazy","sem width/height (risco de CLS)"
"https://mclair.com.br/blog/empresas-modernas-serao-cada-vez-mais-empresas-de-software/","https://mclair.com.br/blog-images/capa-padrao-og.png","Computadores não vencem humanos em debates... Por enquanto!","","","lazy","sem width/height (risco de CLS)"
"https://mclair.com.br/blog/empresas-modernas-serao-cada-vez-mais-empresas-de-software/","/logos/logo-negativo.png","Mclair","","32","","sem width/height (risco de CLS) | sem atributo loading"
"https://mclair.com.br/blog/entre-perfis-e-curtidas-por-que-alguem-seria-fiel-a-sua-marca/","/logos/logo-color.png","Mclair","","","","sem width/height (risco de CLS) | sem atributo loading"
"https://mclair.com.br/blog/entre-perfis-e-curtidas-por-que-alguem-seria-fiel-a-sua-marca/","/logos/logo-white-hd.png","Mclair","","","","sem width/height (risco de CLS) | sem atributo loading"
"https://mclair.com.br/blog/entre-perfis-e-curtidas-por-que-alguem-seria-fiel-a-sua-marca/","/cases-img/claudia-elisa-1.webp","","","","eager","alt vazio (ok se decorativa) | sem width/height (risco de CLS)"
"https://mclair.com.br/blog/entre-perfis-e-curtidas-por-que-alguem-seria-fiel-a-sua-marca/","/logos/logo-icone-M.png","Mclair","120","120","","sem atributo loading"
"https://mclair.com.br/blog/entre-perfis-e-curtidas-por-que-alguem-seria-fiel-a-sua-marca/","https://mclair.com.br/blog-images/capa-padrao-og.png","","","","","alt vazio (ok se decorativa) | sem width/height (risco de CLS) | sem atributo loading"
"https://mclair.com.br/blog/entre-perfis-e-curtidas-por-que-alguem-seria-fiel-a-sua-marca/","https://mclair.com.br/blog-images/capa-padrao-og.png","Comunicação com propósito é a base para uma reputação de autoridade","","","lazy","sem width/height (risco de CLS)"
"https://mclair.com.br/blog/entre-perfis-e-curtidas-por-que-alguem-seria-fiel-a-sua-marca/","https://mclair.com.br/blog-images/capa-padrao-og.png","Sua marca quer ser notícia?","","","lazy","sem width/height (risco de CLS)"
"https://mclair.com.br/blog/entre-perfis-e-curtidas-por-que-alguem-seria-fiel-a-sua-marca/","https://mclair.com.br/blog-images/capa-padrao-og.png","Comunicação não tem receita infalível","","","lazy","sem width/height (risco de CLS)"
"https://mclair.com.br/blog/entre-perfis-e-curtidas-por-que-alguem-seria-fiel-a-sua-marca/","/logos/logo-negativo.png","Mclair","","32","","sem width/height (risco de CLS) | sem atributo loading"
"https://mclair.com.br/blog/escassez-de-profissionais-no-mercado-de-ti-amplia-a-necessidade-de-dia/","/logos/logo-color.png","Mclair","","","","sem width/height (risco de CLS) | sem atributo loading"
"https://mclair.com.br/blog/escassez-de-profissionais-no-mercado-de-ti-amplia-a-necessidade-de-dia/","/logos/logo-white-hd.png","Mclair","","","","sem width/height (risco de CLS) | sem atributo loading"
"https://mclair.com.br/blog/escassez-de-profissionais-no-mercado-de-ti-amplia-a-necessidade-de-dia/","/cases-img/claudia-elisa-1.webp","","","","eager","alt vazio (ok se decorativa) | sem width/height (risco de CLS)"
"https://mclair.com.br/blog/escassez-de-profissionais-no-mercado-de-ti-amplia-a-necessidade-de-dia/","/logos/logo-icone-M.png","Mclair","120","120","","sem atributo loading"
"https://mclair.com.br/blog/escassez-de-profissionais-no-mercado-de-ti-amplia-a-necessidade-de-dia/","https://mclair.com.br/blog-images/capa-padrao-og.png","","","","","alt vazio (ok se decorativa) | sem width/height (risco de CLS) | sem atributo loading"
"https://mclair.com.br/blog/escassez-de-profissionais-no-mercado-de-ti-amplia-a-necessidade-de-dia/","https://mclair.com.br/blog-images/capa-padrao-og.png","14/09 - Lambda3 completa 12 anos e lança podcast com olhar sobre negócios no contexto nacional","","","lazy","sem width/height (risco de CLS)"
"https://mclair.com.br/blog/escassez-de-profissionais-no-mercado-de-ti-amplia-a-necessidade-de-dia/","https://mclair.com.br/blog-images/capa-padrao-og.png","Oportunidade de capacitação em TI: Lambda3 apresenta palestras no TDC Business","","","lazy","sem width/height (risco de CLS)"
"https://mclair.com.br/blog/escassez-de-profissionais-no-mercado-de-ti-amplia-a-necessidade-de-dia/","https://mclair.com.br/blog-images/capa-padrao-og.png","4 erros comuns ao implementar produtos digitais","","","lazy","sem width/height (risco de CLS)"
"https://mclair.com.br/blog/escassez-de-profissionais-no-mercado-de-ti-amplia-a-necessidade-de-dia/","/logos/logo-negativo.png","Mclair","","32","","sem width/height (risco de CLS) | sem atributo loading"
"https://mclair.com.br/blog/esg-e-felicidade-corporativa-a-nova-fronteira-da-gestao/","/logos/logo-color.png","Mclair","","","","sem width/height (risco de CLS) | sem atributo loading"
"https://mclair.com.br/blog/esg-e-felicidade-corporativa-a-nova-fronteira-da-gestao/","/logos/logo-white-hd.png","Mclair","","","","sem width/height (risco de CLS) | sem atributo loading"
"https://mclair.com.br/blog/esg-e-felicidade-corporativa-a-nova-fronteira-da-gestao/","/cases-img/claudia-elisa-1.webp","","","","eager","alt vazio (ok se decorativa) | sem width/height (risco de CLS)"
"https://mclair.com.br/blog/esg-e-felicidade-corporativa-a-nova-fronteira-da-gestao/","/logos/logo-icone-M.png","Mclair","120","120","","sem atributo loading"
"https://mclair.com.br/blog/esg-e-felicidade-corporativa-a-nova-fronteira-da-gestao/","https://mclair.com.br/blog-images/capa-padrao-og.png","","","","","alt vazio (ok se decorativa) | sem width/height (risco de CLS) | sem atributo loading"
"https://mclair.com.br/blog/esg-e-felicidade-corporativa-a-nova-fronteira-da-gestao/","https://mclair.com.br/blog-images/capa-padrao-og.png","A arte de transformar metas em realidade","","","lazy","sem width/height (risco de CLS)"
"https://mclair.com.br/blog/esg-e-felicidade-corporativa-a-nova-fronteira-da-gestao/","https://mclair.com.br/blog-images/capa-padrao-og.png","Lambda3 abre 28 vagas para desenvolvedores","","","lazy","sem width/height (risco de CLS)"
"https://mclair.com.br/blog/esg-e-felicidade-corporativa-a-nova-fronteira-da-gestao/","https://mclair.com.br/blog-images/capa-padrao-og.png","O lado B da produtividade em trabalho remoto","","","lazy","sem width/height (risco de CLS)"
"https://mclair.com.br/blog/esg-e-felicidade-corporativa-a-nova-fronteira-da-gestao/","/logos/logo-negativo.png","Mclair","","32","","sem width/height (risco de CLS) | sem atributo loading"
"https://mclair.com.br/blog/estetica-e-saude-dois-conceitos-aliados-para-garantia-da-qualidade-de-/","/logos/logo-color.png","Mclair","","","","sem width/height (risco de CLS) | sem atributo loading"
"https://mclair.com.br/blog/estetica-e-saude-dois-conceitos-aliados-para-garantia-da-qualidade-de-/","/logos/logo-white-hd.png","Mclair","","","","sem width/height (risco de CLS) | sem atributo loading"
"https://mclair.com.br/blog/estetica-e-saude-dois-conceitos-aliados-para-garantia-da-qualidade-de-/","/cases-img/claudia-elisa-1.webp","","","","eager","alt vazio (ok se decorativa) | sem width/height (risco de CLS)"
"https://mclair.com.br/blog/estetica-e-saude-dois-conceitos-aliados-para-garantia-da-qualidade-de-/","/logos/logo-icone-M.png","Mclair","120","120","","sem atributo loading"
"https://mclair.com.br/blog/estetica-e-saude-dois-conceitos-aliados-para-garantia-da-qualidade-de-/","https://mclair.com.br/blog-images/capa-padrao-og.png","","","","","alt vazio (ok se decorativa) | sem width/height (risco de CLS) | sem atributo loading"
"https://mclair.com.br/blog/estetica-e-saude-dois-conceitos-aliados-para-garantia-da-qualidade-de-/","https://mclair.com.br/blog-images/capa-padrao-og.png","Lambda3 abre 28 vagas para desenvolvedores","","","lazy","sem width/height (risco de CLS)"
"https://mclair.com.br/blog/estetica-e-saude-dois-conceitos-aliados-para-garantia-da-qualidade-de-/","https://mclair.com.br/blog-images/capa-padrao-og.png","O lado B da produtividade em trabalho remoto","","","lazy","sem width/height (risco de CLS)"
"https://mclair.com.br/blog/estetica-e-saude-dois-conceitos-aliados-para-garantia-da-qualidade-de-/","https://mclair.com.br/blog-images/capa-padrao-og.png","AQUARANTENADOS lança single ""Tudo vai dar certo""","","","lazy","sem width/height (risco de CLS)"
"https://mclair.com.br/blog/estetica-e-saude-dois-conceitos-aliados-para-garantia-da-qualidade-de-/","/logos/logo-negativo.png","Mclair","","32","","sem width/height (risco de CLS) | sem atributo loading"
"https://mclair.com.br/blog/estrutura-organizacional-um-predador-da-estrategia/","/logos/logo-color.png","Mclair","","","","sem width/height (risco de CLS) | sem atributo loading"
"https://mclair.com.br/blog/estrutura-organizacional-um-predador-da-estrategia/","/logos/logo-white-hd.png","Mclair","","","","sem width/height (risco de CLS) | sem atributo loading"
"https://mclair.com.br/blog/estrutura-organizacional-um-predador-da-estrategia/","/cases-img/claudia-elisa-1.webp","","","","eager","alt vazio (ok se decorativa) | sem width/height (risco de CLS)"
"https://mclair.com.br/blog/estrutura-organizacional-um-predador-da-estrategia/","/logos/logo-icone-M.png","Mclair","120","120","","sem atributo loading"
"https://mclair.com.br/blog/estrutura-organizacional-um-predador-da-estrategia/","https://mclair.com.br/blog-images/capa-padrao-og.png","","","","","alt vazio (ok se decorativa) | sem width/height (risco de CLS) | sem atributo loading"
"https://mclair.com.br/blog/estrutura-organizacional-um-predador-da-estrategia/","https://mclair.com.br/blog-images/capa-padrao-og.png","Os desafios e mitos sobre a transição energética","","","lazy","sem width/height (risco de CLS)"
"https://mclair.com.br/blog/estrutura-organizacional-um-predador-da-estrategia/","https://mclair.com.br/blog-images/capa-padrao-og.png","RH e o futuro do trabalho: quais as tendências para os próximos 10 anos?","","","lazy","sem width/height (risco de CLS)"
"https://mclair.com.br/blog/estrutura-organizacional-um-predador-da-estrategia/","https://mclair.com.br/blog-images/capa-padrao-og.png","O","","","lazy","sem width/height (risco de CLS)"
"https://mclair.com.br/blog/estrutura-organizacional-um-predador-da-estrategia/","/logos/logo-negativo.png","Mclair","","32","","sem width/height (risco de CLS) | sem atributo loading"
"https://mclair.com.br/blog/europa-busca-solucoes-brasileiras-para-o-desenvolvimento-das-industria/","/logos/logo-color.png","Mclair","","","","sem width/height (risco de CLS) | sem atributo loading"
"https://mclair.com.br/blog/europa-busca-solucoes-brasileiras-para-o-desenvolvimento-das-industria/","/logos/logo-white-hd.png","Mclair","","","","sem width/height (risco de CLS) | sem atributo loading"
"https://mclair.com.br/blog/europa-busca-solucoes-brasileiras-para-o-desenvolvimento-das-industria/","/cases-img/claudia-elisa-1.webp","","","","eager","alt vazio (ok se decorativa) | sem width/height (risco de CLS)"
"https://mclair.com.br/blog/europa-busca-solucoes-brasileiras-para-o-desenvolvimento-das-industria/","/logos/logo-icone-M.png","Mclair","120","120","","sem atributo loading"
"https://mclair.com.br/blog/europa-busca-solucoes-brasileiras-para-o-desenvolvimento-das-industria/","https://mclair.com.br/blog-images/capa-padrao-og.png","","","","","alt vazio (ok se decorativa) | sem width/height (risco de CLS) | sem atributo loading"
"https://mclair.com.br/blog/europa-busca-solucoes-brasileiras-para-o-desenvolvimento-das-industria/","https://mclair.com.br/blog-images/capa-padrao-og.png","AGRO: Indústrias brasileiras de máquinas e equipamentos buscam expansão no mercado africano","","","lazy","sem width/height (risco de CLS)"
"https://mclair.com.br/blog/europa-busca-solucoes-brasileiras-para-o-desenvolvimento-das-industria/","https://mclair.com.br/blog-images/capa-padrao-og.png","Indústria de máquinas projeta USD 15 MI em negócios  internacionais durante Agrishow 2023","","","lazy","sem width/height (risco de CLS)"
"https://mclair.com.br/blog/europa-busca-solucoes-brasileiras-para-o-desenvolvimento-das-industria/","https://mclair.com.br/blog-images/capa-padrao-og.png","Mineração: indústria de máquinas e equipamentos estima US$11,6 milhões em exportações","","","lazy","sem width/height (risco de CLS)"
"https://mclair.com.br/blog/europa-busca-solucoes-brasileiras-para-o-desenvolvimento-das-industria/","/logos/logo-negativo.png","Mclair","","32","","sem width/height (risco de CLS) | sem atributo loading"
"https://mclair.com.br/blog/expansao-do-iot-impulsiona-demanda-por-solucoes-de-gestao/","/logos/logo-color.png","Mclair","","","","sem width/height (risco de CLS) | sem atributo loading"
"https://mclair.com.br/blog/expansao-do-iot-impulsiona-demanda-por-solucoes-de-gestao/","/logos/logo-white-hd.png","Mclair","","","","sem width/height (risco de CLS) | sem atributo loading"
"https://mclair.com.br/blog/expansao-do-iot-impulsiona-demanda-por-solucoes-de-gestao/","/cases-img/claudia-elisa-1.webp","","","","eager","alt vazio (ok se decorativa) | sem width/height (risco de CLS)"
"https://mclair.com.br/blog/expansao-do-iot-impulsiona-demanda-por-solucoes-de-gestao/","/logos/logo-icone-M.png","Mclair","120","120","","sem atributo loading"
"https://mclair.com.br/blog/expansao-do-iot-impulsiona-demanda-por-solucoes-de-gestao/","https://mclair.com.br/blog-images/capa-padrao-og.png","","","","","alt vazio (ok se decorativa) | sem width/height (risco de CLS) | sem atributo loading"
"https://mclair.com.br/blog/expansao-do-iot-impulsiona-demanda-por-solucoes-de-gestao/","https://mclair.com.br/blog-images/capa-padrao-og.png","7 razões para implementar a automação de processos na sua empresa","","","lazy","sem width/height (risco de CLS)"
"https://mclair.com.br/blog/expansao-do-iot-impulsiona-demanda-por-solucoes-de-gestao/","https://mclair.com.br/blog-images/capa-padrao-og.png","Home office e transformação digital impulsionam retomada de investimentos","","","lazy","sem width/height (risco de CLS)"
"https://mclair.com.br/blog/expansao-do-iot-impulsiona-demanda-por-solucoes-de-gestao/","https://mclair.com.br/blog-images/capa-padrao-og.png","Como a tecnologia ajuda aumentar a confiança do cliente","","","lazy","sem width/height (risco de CLS)"
"https://mclair.com.br/blog/expansao-do-iot-impulsiona-demanda-por-solucoes-de-gestao/","/logos/logo-negativo.png","Mclair","","32","","sem width/height (risco de CLS) | sem atributo loading"
"https://mclair.com.br/blog/experiencia-do-usuario-se-torna-recurso-imprescindivel-para-vendas-de-/","/logos/logo-color.png","Mclair","","","","sem width/height (risco de CLS) | sem atributo loading"
"https://mclair.com.br/blog/experiencia-do-usuario-se-torna-recurso-imprescindivel-para-vendas-de-/","/logos/logo-white-hd.png","Mclair","","","","sem width/height (risco de CLS) | sem atributo loading"
"https://mclair.com.br/blog/experiencia-do-usuario-se-torna-recurso-imprescindivel-para-vendas-de-/","/cases-img/claudia-elisa-1.webp","","","","eager","alt vazio (ok se decorativa) | sem width/height (risco de CLS)"
"https://mclair.com.br/blog/experiencia-do-usuario-se-torna-recurso-imprescindivel-para-vendas-de-/","/logos/logo-icone-M.png","Mclair","120","120","","sem atributo loading"
"https://mclair.com.br/blog/experiencia-do-usuario-se-torna-recurso-imprescindivel-para-vendas-de-/","https://mclair.com.br/blog-images/capa-padrao-og.png","","","","","alt vazio (ok se decorativa) | sem width/height (risco de CLS) | sem atributo loading"
"https://mclair.com.br/blog/experiencia-do-usuario-se-torna-recurso-imprescindivel-para-vendas-de-/","https://mclair.com.br/blog-images/capa-padrao-og.png","14/09 - Lambda3 completa 12 anos e lança podcast com olhar sobre negócios no contexto nacional","","","lazy","sem width/height (risco de CLS)"
"https://mclair.com.br/blog/experiencia-do-usuario-se-torna-recurso-imprescindivel-para-vendas-de-/","https://mclair.com.br/blog-images/capa-padrao-og.png","Oportunidade de capacitação em TI: Lambda3 apresenta palestras no TDC Business","","","lazy","sem width/height (risco de CLS)"
"https://mclair.com.br/blog/experiencia-do-usuario-se-torna-recurso-imprescindivel-para-vendas-de-/","https://mclair.com.br/blog-images/capa-padrao-og.png","4 erros comuns ao implementar produtos digitais","","","lazy","sem width/height (risco de CLS)"
"https://mclair.com.br/blog/experiencia-do-usuario-se-torna-recurso-imprescindivel-para-vendas-de-/","/logos/logo-negativo.png","Mclair","","32","","sem width/height (risco de CLS) | sem atributo loading"
"https://mclair.com.br/blog/expo-prado-2022-recebe-empresas-brasileiras-do-setor-agricola/","/logos/logo-color.png","Mclair","","","","sem width/height (risco de CLS) | sem atributo loading"
"https://mclair.com.br/blog/expo-prado-2022-recebe-empresas-brasileiras-do-setor-agricola/","/logos/logo-white-hd.png","Mclair","","","","sem width/height (risco de CLS) | sem atributo loading"
"https://mclair.com.br/blog/expo-prado-2022-recebe-empresas-brasileiras-do-setor-agricola/","/cases-img/claudia-elisa-1.webp","","","","eager","alt vazio (ok se decorativa) | sem width/height (risco de CLS)"
"https://mclair.com.br/blog/expo-prado-2022-recebe-empresas-brasileiras-do-setor-agricola/","/logos/logo-icone-M.png","Mclair","120","120","","sem atributo loading"
"https://mclair.com.br/blog/expo-prado-2022-recebe-empresas-brasileiras-do-setor-agricola/","https://mclair.com.br/blog-images/capa-padrao-og.png","","","","","alt vazio (ok se decorativa) | sem width/height (risco de CLS) | sem atributo loading"
"https://mclair.com.br/blog/expo-prado-2022-recebe-empresas-brasileiras-do-setor-agricola/","https://mclair.com.br/blog-images/capa-padrao-og.png","AGRO: Indústrias brasileiras de máquinas e equipamentos buscam expansão no mercado africano","","","lazy","sem width/height (risco de CLS)"
"https://mclair.com.br/blog/expo-prado-2022-recebe-empresas-brasileiras-do-setor-agricola/","https://mclair.com.br/blog-images/capa-padrao-og.png","Indústria de máquinas projeta USD 15 MI em negócios  internacionais durante Agrishow 2023","","","lazy","sem width/height (risco de CLS)"
"https://mclair.com.br/blog/expo-prado-2022-recebe-empresas-brasileiras-do-setor-agricola/","https://mclair.com.br/blog-images/capa-padrao-og.png","Mineração: indústria de máquinas e equipamentos estima US$11,6 milhões em exportações","","","lazy","sem width/height (risco de CLS)"
"https://mclair.com.br/blog/expo-prado-2022-recebe-empresas-brasileiras-do-setor-agricola/","/logos/logo-negativo.png","Mclair","","32","","sem width/height (risco de CLS) | sem atributo loading"
"https://mclair.com.br/blog/expoplast-2022-destaca-inovacoes-brasileiras/","/logos/logo-color.png","Mclair","","","","sem width/height (risco de CLS) | sem atributo loading"
"https://mclair.com.br/blog/expoplast-2022-destaca-inovacoes-brasileiras/","/logos/logo-white-hd.png","Mclair","","","","sem width/height (risco de CLS) | sem atributo loading"
"https://mclair.com.br/blog/expoplast-2022-destaca-inovacoes-brasileiras/","/cases-img/claudia-elisa-1.webp","","","","eager","alt vazio (ok se decorativa) | sem width/height (risco de CLS)"
"https://mclair.com.br/blog/expoplast-2022-destaca-inovacoes-brasileiras/","/logos/logo-icone-M.png","Mclair","120","120","","sem atributo loading"
"https://mclair.com.br/blog/expoplast-2022-destaca-inovacoes-brasileiras/","https://mclair.com.br/blog-images/capa-padrao-og.png","","","","","alt vazio (ok se decorativa) | sem width/height (risco de CLS) | sem atributo loading"
"https://mclair.com.br/blog/expoplast-2022-destaca-inovacoes-brasileiras/","https://mclair.com.br/blog-images/capa-padrao-og.png","AGRO: Indústrias brasileiras de máquinas e equipamentos buscam expansão no mercado africano","","","lazy","sem width/height (risco de CLS)"
"https://mclair.com.br/blog/expoplast-2022-destaca-inovacoes-brasileiras/","https://mclair.com.br/blog-images/capa-padrao-og.png","Indústria de máquinas projeta USD 15 MI em negócios  internacionais durante Agrishow 2023","","","lazy","sem width/height (risco de CLS)"
"https://mclair.com.br/blog/expoplast-2022-destaca-inovacoes-brasileiras/","https://mclair.com.br/blog-images/capa-padrao-og.png","Mineração: indústria de máquinas e equipamentos estima US$11,6 milhões em exportações","","","lazy","sem width/height (risco de CLS)"
"https://mclair.com.br/blog/expoplast-2022-destaca-inovacoes-brasileiras/","/logos/logo-negativo.png","Mclair","","32","","sem width/height (risco de CLS) | sem atributo loading"
"https://mclair.com.br/blog/exportacao-industria-de-maquinas-e-equipamentos-estima-faturamento-de-/","/logos/logo-color.png","Mclair","","","","sem width/height (risco de CLS) | sem atributo loading"
"https://mclair.com.br/blog/exportacao-industria-de-maquinas-e-equipamentos-estima-faturamento-de-/","/logos/logo-white-hd.png","Mclair","","","","sem width/height (risco de CLS) | sem atributo loading"
"https://mclair.com.br/blog/exportacao-industria-de-maquinas-e-equipamentos-estima-faturamento-de-/","/cases-img/claudia-elisa-1.webp","","","","eager","alt vazio (ok se decorativa) | sem width/height (risco de CLS)"
"https://mclair.com.br/blog/exportacao-industria-de-maquinas-e-equipamentos-estima-faturamento-de-/","/logos/logo-icone-M.png","Mclair","120","120","","sem atributo loading"
"https://mclair.com.br/blog/exportacao-industria-de-maquinas-e-equipamentos-estima-faturamento-de-/","https://mclair.com.br/blog-images/capa-padrao-og.png","","","","","alt vazio (ok se decorativa) | sem width/height (risco de CLS) | sem atributo loading"
"https://mclair.com.br/blog/exportacao-industria-de-maquinas-e-equipamentos-estima-faturamento-de-/","https://mclair.com.br/blog-images/capa-padrao-og.png","AGRO: Indústrias brasileiras de máquinas e equipamentos buscam expansão no mercado africano","","","lazy","sem width/height (risco de CLS)"
"https://mclair.com.br/blog/exportacao-industria-de-maquinas-e-equipamentos-estima-faturamento-de-/","https://mclair.com.br/blog-images/capa-padrao-og.png","Indústria de máquinas projeta USD 15 MI em negócios  internacionais durante Agrishow 2023","","","lazy","sem width/height (risco de CLS)"
"https://mclair.com.br/blog/exportacao-industria-de-maquinas-e-equipamentos-estima-faturamento-de-/","https://mclair.com.br/blog-images/capa-padrao-og.png","Mineração: indústria de máquinas e equipamentos estima US$11,6 milhões em exportações","","","lazy","sem width/height (risco de CLS)"
"https://mclair.com.br/blog/exportacao-industria-de-maquinas-e-equipamentos-estima-faturamento-de-/","/logos/logo-negativo.png","Mclair","","32","","sem width/height (risco de CLS) | sem atributo loading"
"https://mclair.com.br/blog/exportacoes-brasileiras-de-maquinas-e-equipamentos-a-paises-latinos-so/","/logos/logo-color.png","Mclair","","","","sem width/height (risco de CLS) | sem atributo loading"
"https://mclair.com.br/blog/exportacoes-brasileiras-de-maquinas-e-equipamentos-a-paises-latinos-so/","/logos/logo-white-hd.png","Mclair","","","","sem width/height (risco de CLS) | sem atributo loading"
"https://mclair.com.br/blog/exportacoes-brasileiras-de-maquinas-e-equipamentos-a-paises-latinos-so/","/cases-img/claudia-elisa-1.webp","","","","eager","alt vazio (ok se decorativa) | sem width/height (risco de CLS)"
"https://mclair.com.br/blog/exportacoes-brasileiras-de-maquinas-e-equipamentos-a-paises-latinos-so/","/logos/logo-icone-M.png","Mclair","120","120","","sem atributo loading"
"https://mclair.com.br/blog/exportacoes-brasileiras-de-maquinas-e-equipamentos-a-paises-latinos-so/","https://mclair.com.br/blog-images/capa-padrao-og.png","","","","","alt vazio (ok se decorativa) | sem width/height (risco de CLS) | sem atributo loading"
"https://mclair.com.br/blog/exportacoes-brasileiras-de-maquinas-e-equipamentos-a-paises-latinos-so/","https://mclair.com.br/blog-images/capa-padrao-og.png","AGRO: Indústrias brasileiras de máquinas e equipamentos buscam expansão no mercado africano","","","lazy","sem width/height (risco de CLS)"
"https://mclair.com.br/blog/exportacoes-brasileiras-de-maquinas-e-equipamentos-a-paises-latinos-so/","https://mclair.com.br/blog-images/capa-padrao-og.png","Indústria de máquinas projeta USD 15 MI em negócios  internacionais durante Agrishow 2023","","","lazy","sem width/height (risco de CLS)"
"https://mclair.com.br/blog/exportacoes-brasileiras-de-maquinas-e-equipamentos-a-paises-latinos-so/","https://mclair.com.br/blog-images/capa-padrao-og.png","Mineração: indústria de máquinas e equipamentos estima US$11,6 milhões em exportações","","","lazy","sem width/height (risco de CLS)"
"https://mclair.com.br/blog/exportacoes-brasileiras-de-maquinas-e-equipamentos-a-paises-latinos-so/","/logos/logo-negativo.png","Mclair","","32","","sem width/height (risco de CLS) | sem atributo loading"
"https://mclair.com.br/blog/exportacoes-de-maquinas-e-equipamentos-brasileiros-ganham-visibilidade/","/logos/logo-color.png","Mclair","","","","sem width/height (risco de CLS) | sem atributo loading"
"https://mclair.com.br/blog/exportacoes-de-maquinas-e-equipamentos-brasileiros-ganham-visibilidade/","/logos/logo-white-hd.png","Mclair","","","","sem width/height (risco de CLS) | sem atributo loading"
"https://mclair.com.br/blog/exportacoes-de-maquinas-e-equipamentos-brasileiros-ganham-visibilidade/","/cases-img/claudia-elisa-1.webp","","","","eager","alt vazio (ok se decorativa) | sem width/height (risco de CLS)"
"https://mclair.com.br/blog/exportacoes-de-maquinas-e-equipamentos-brasileiros-ganham-visibilidade/","/logos/logo-icone-M.png","Mclair","120","120","","sem atributo loading"
"https://mclair.com.br/blog/exportacoes-de-maquinas-e-equipamentos-brasileiros-ganham-visibilidade/","https://mclair.com.br/blog-images/capa-padrao-og.png","","","","","alt vazio (ok se decorativa) | sem width/height (risco de CLS) | sem atributo loading"
"https://mclair.com.br/blog/exportacoes-de-maquinas-e-equipamentos-brasileiros-ganham-visibilidade/","https://mclair.com.br/blog-images/capa-padrao-og.png","AGRO: Indústrias brasileiras de máquinas e equipamentos buscam expansão no mercado africano","","","lazy","sem width/height (risco de CLS)"
"https://mclair.com.br/blog/exportacoes-de-maquinas-e-equipamentos-brasileiros-ganham-visibilidade/","https://mclair.com.br/blog-images/capa-padrao-og.png","Indústria de máquinas projeta USD 15 MI em negócios  internacionais durante Agrishow 2023","","","lazy","sem width/height (risco de CLS)"
"https://mclair.com.br/blog/exportacoes-de-maquinas-e-equipamentos-brasileiros-ganham-visibilidade/","https://mclair.com.br/blog-images/capa-padrao-og.png","Mineração: indústria de máquinas e equipamentos estima US$11,6 milhões em exportações","","","lazy","sem width/height (risco de CLS)"
"https://mclair.com.br/blog/exportacoes-de-maquinas-e-equipamentos-brasileiros-ganham-visibilidade/","/logos/logo-negativo.png","Mclair","","32","","sem width/height (risco de CLS) | sem atributo loading"
"https://mclair.com.br/blog/exportacoes-em-alta-industria-brasileira-de-maquinas-e-equipamentos-al/","/logos/logo-color.png","Mclair","","","","sem width/height (risco de CLS) | sem atributo loading"
"https://mclair.com.br/blog/exportacoes-em-alta-industria-brasileira-de-maquinas-e-equipamentos-al/","/logos/logo-white-hd.png","Mclair","","","","sem width/height (risco de CLS) | sem atributo loading"
"https://mclair.com.br/blog/exportacoes-em-alta-industria-brasileira-de-maquinas-e-equipamentos-al/","/cases-img/claudia-elisa-1.webp","","","","eager","alt vazio (ok se decorativa) | sem width/height (risco de CLS)"
"https://mclair.com.br/blog/exportacoes-em-alta-industria-brasileira-de-maquinas-e-equipamentos-al/","/logos/logo-icone-M.png","Mclair","120","120","","sem atributo loading"
"https://mclair.com.br/blog/exportacoes-em-alta-industria-brasileira-de-maquinas-e-equipamentos-al/","https://mclair.com.br/blog-images/capa-padrao-og.png","","","","","alt vazio (ok se decorativa) | sem width/height (risco de CLS) | sem atributo loading"
"https://mclair.com.br/blog/exportacoes-em-alta-industria-brasileira-de-maquinas-e-equipamentos-al/","https://mclair.com.br/blog-images/capa-padrao-og.png","AGRO: Indústrias brasileiras de máquinas e equipamentos buscam expansão no mercado africano","","","lazy","sem width/height (risco de CLS)"
"https://mclair.com.br/blog/exportacoes-em-alta-industria-brasileira-de-maquinas-e-equipamentos-al/","https://mclair.com.br/blog-images/capa-padrao-og.png","Indústria de máquinas projeta USD 15 MI em negócios  internacionais durante Agrishow 2023","","","lazy","sem width/height (risco de CLS)"
"https://mclair.com.br/blog/exportacoes-em-alta-industria-brasileira-de-maquinas-e-equipamentos-al/","https://mclair.com.br/blog-images/capa-padrao-og.png","Mineração: indústria de máquinas e equipamentos estima US$11,6 milhões em exportações","","","lazy","sem width/height (risco de CLS)"
"https://mclair.com.br/blog/exportacoes-em-alta-industria-brasileira-de-maquinas-e-equipamentos-al/","/logos/logo-negativo.png","Mclair","","32","","sem width/height (risco de CLS) | sem atributo loading"
"https://mclair.com.br/blog/exportacoes-para-o-setor-de-mineracao-e-energia-devem-atingir-us-1-08-/","/logos/logo-color.png","Mclair","","","","sem width/height (risco de CLS) | sem atributo loading"
"https://mclair.com.br/blog/exportacoes-para-o-setor-de-mineracao-e-energia-devem-atingir-us-1-08-/","/logos/logo-white-hd.png","Mclair","","","","sem width/height (risco de CLS) | sem atributo loading"
"https://mclair.com.br/blog/exportacoes-para-o-setor-de-mineracao-e-energia-devem-atingir-us-1-08-/","/cases-img/claudia-elisa-1.webp","","","","eager","alt vazio (ok se decorativa) | sem width/height (risco de CLS)"
"https://mclair.com.br/blog/exportacoes-para-o-setor-de-mineracao-e-energia-devem-atingir-us-1-08-/","/logos/logo-icone-M.png","Mclair","120","120","","sem atributo loading"
"https://mclair.com.br/blog/exportacoes-para-o-setor-de-mineracao-e-energia-devem-atingir-us-1-08-/","https://mclair.com.br/blog-images/capa-padrao-og.png","","","","","alt vazio (ok se decorativa) | sem width/height (risco de CLS) | sem atributo loading"
"https://mclair.com.br/blog/exportacoes-para-o-setor-de-mineracao-e-energia-devem-atingir-us-1-08-/","https://mclair.com.br/blog-images/capa-padrao-og.png","AGRO: Indústrias brasileiras de máquinas e equipamentos buscam expansão no mercado africano","","","lazy","sem width/height (risco de CLS)"
"https://mclair.com.br/blog/exportacoes-para-o-setor-de-mineracao-e-energia-devem-atingir-us-1-08-/","https://mclair.com.br/blog-images/capa-padrao-og.png","Indústria de máquinas projeta USD 15 MI em negócios  internacionais durante Agrishow 2023","","","lazy","sem width/height (risco de CLS)"
"https://mclair.com.br/blog/exportacoes-para-o-setor-de-mineracao-e-energia-devem-atingir-us-1-08-/","https://mclair.com.br/blog-images/capa-padrao-og.png","Mineração: indústria de máquinas e equipamentos estima US$11,6 milhões em exportações","","","lazy","sem width/height (risco de CLS)"
"https://mclair.com.br/blog/exportacoes-para-o-setor-de-mineracao-e-energia-devem-atingir-us-1-08-/","/logos/logo-negativo.png","Mclair","","32","","sem width/height (risco de CLS) | sem atributo loading"
"https://mclair.com.br/blog/fidalgo-amplia-portfolio-de-negocios-com-novos-segmentos-de-leiloes/","/logos/logo-color.png","Mclair","","","","sem width/height (risco de CLS) | sem atributo loading"
"https://mclair.com.br/blog/fidalgo-amplia-portfolio-de-negocios-com-novos-segmentos-de-leiloes/","/logos/logo-white-hd.png","Mclair","","","","sem width/height (risco de CLS) | sem atributo loading"
"https://mclair.com.br/blog/fidalgo-amplia-portfolio-de-negocios-com-novos-segmentos-de-leiloes/","/cases-img/claudia-elisa-1.webp","","","","eager","alt vazio (ok se decorativa) | sem width/height (risco de CLS)"
"https://mclair.com.br/blog/fidalgo-amplia-portfolio-de-negocios-com-novos-segmentos-de-leiloes/","/logos/logo-icone-M.png","Mclair","120","120","","sem atributo loading"
"https://mclair.com.br/blog/fidalgo-amplia-portfolio-de-negocios-com-novos-segmentos-de-leiloes/","https://mclair.com.br/blog-images/capa-padrao-og.png","","","","","alt vazio (ok se decorativa) | sem width/height (risco de CLS) | sem atributo loading"
"https://mclair.com.br/blog/fidalgo-amplia-portfolio-de-negocios-com-novos-segmentos-de-leiloes/","https://mclair.com.br/blog-images/capa-padrao-og.png","Justiça Federal: leilão com descontos de até 50% oferece imóveis e veículos em São Paulo","","","lazy","sem width/height (risco de CLS)"
"https://mclair.com.br/blog/fidalgo-amplia-portfolio-de-negocios-com-novos-segmentos-de-leiloes/","https://mclair.com.br/blog-images/capa-padrao-og.png","Leilão especial: evento online tem motos a partir de R$3,4 mil","","","lazy","sem width/height (risco de CLS)"
"https://mclair.com.br/blog/fidalgo-amplia-portfolio-de-negocios-com-novos-segmentos-de-leiloes/","https://mclair.com.br/blog-images/capa-padrao-og.png","Leilão da Justiça Federal tem lacnha a partir de R$ 25 mil e imóveis com até 50% de desconto","","","lazy","sem width/height (risco de CLS)"
"https://mclair.com.br/blog/fidalgo-amplia-portfolio-de-negocios-com-novos-segmentos-de-leiloes/","/logos/logo-negativo.png","Mclair","","32","","sem width/height (risco de CLS) | sem atributo loading"
"https://mclair.com.br/blog/final-de-ano-otimismo-youtube-e-narrativas-mais-humanas-como-estrategi/","/logos/logo-color.png","Mclair","","","","sem width/height (risco de CLS) | sem atributo loading"
"https://mclair.com.br/blog/final-de-ano-otimismo-youtube-e-narrativas-mais-humanas-como-estrategi/","/logos/logo-white-hd.png","Mclair","","","","sem width/height (risco de CLS) | sem atributo loading"
"https://mclair.com.br/blog/final-de-ano-otimismo-youtube-e-narrativas-mais-humanas-como-estrategi/","/cases-img/claudia-elisa-1.webp","","","","eager","alt vazio (ok se decorativa) | sem width/height (risco de CLS)"
"https://mclair.com.br/blog/final-de-ano-otimismo-youtube-e-narrativas-mais-humanas-como-estrategi/","/logos/logo-icone-M.png","Mclair","120","120","","sem atributo loading"
"https://mclair.com.br/blog/final-de-ano-otimismo-youtube-e-narrativas-mais-humanas-como-estrategi/","https://mclair.com.br/blog-images/capa-padrao-og.png","","","","","alt vazio (ok se decorativa) | sem width/height (risco de CLS) | sem atributo loading"
"https://mclair.com.br/blog/final-de-ano-otimismo-youtube-e-narrativas-mais-humanas-como-estrategi/","https://mclair.com.br/blog-images/capa-padrao-og.png","Abrolhos Filmes lança vídeo manifesto para reforçar posicionamento","","","lazy","sem width/height (risco de CLS)"
"https://mclair.com.br/blog/final-de-ano-otimismo-youtube-e-narrativas-mais-humanas-como-estrategi/","https://mclair.com.br/blog-images/capa-padrao-og.png","Cotas para streaming na França realça atraso do Brasil na regulamentação de VoD","","","lazy","sem width/height (risco de CLS)"
"https://mclair.com.br/blog/final-de-ano-otimismo-youtube-e-narrativas-mais-humanas-como-estrategi/","https://mclair.com.br/blog-images/capa-padrao-og.png","Pirataria sai do controle com streaming e isolamento social","","","lazy","sem width/height (risco de CLS)"
"https://mclair.com.br/blog/final-de-ano-otimismo-youtube-e-narrativas-mais-humanas-como-estrategi/","/logos/logo-negativo.png","Mclair","","32","","sem width/height (risco de CLS) | sem atributo loading"
"https://mclair.com.br/blog/fintech-mineira-e-a-vencedora-do-ranking-100-open-startups/","/logos/logo-color.png","Mclair","","","","sem width/height (risco de CLS) | sem atributo loading"
"https://mclair.com.br/blog/fintech-mineira-e-a-vencedora-do-ranking-100-open-startups/","/logos/logo-white-hd.png","Mclair","","","","sem width/height (risco de CLS) | sem atributo loading"
"https://mclair.com.br/blog/fintech-mineira-e-a-vencedora-do-ranking-100-open-startups/","/cases-img/claudia-elisa-1.webp","","","","eager","alt vazio (ok se decorativa) | sem width/height (risco de CLS)"
"https://mclair.com.br/blog/fintech-mineira-e-a-vencedora-do-ranking-100-open-startups/","/logos/logo-icone-M.png","Mclair","120","120","","sem atributo loading"
"https://mclair.com.br/blog/fintech-mineira-e-a-vencedora-do-ranking-100-open-startups/","https://mclair.com.br/blog-images/capa-padrao-og.png","","","","","alt vazio (ok se decorativa) | sem width/height (risco de CLS) | sem atributo loading"
"https://mclair.com.br/blog/fintech-mineira-e-a-vencedora-do-ranking-100-open-startups/","https://mclair.com.br/blog-images/capa-padrao-og.png","7 razões para implementar a automação de processos na sua empresa","","","lazy","sem width/height (risco de CLS)"
"https://mclair.com.br/blog/fintech-mineira-e-a-vencedora-do-ranking-100-open-startups/","https://mclair.com.br/blog-images/capa-padrao-og.png","Home office e transformação digital impulsionam retomada de investimentos","","","lazy","sem width/height (risco de CLS)"
"https://mclair.com.br/blog/fintech-mineira-e-a-vencedora-do-ranking-100-open-startups/","https://mclair.com.br/blog-images/capa-padrao-og.png","Como a tecnologia ajuda aumentar a confiança do cliente","","","lazy","sem width/height (risco de CLS)"
"https://mclair.com.br/blog/fintech-mineira-e-a-vencedora-do-ranking-100-open-startups/","/logos/logo-negativo.png","Mclair","","32","","sem width/height (risco de CLS) | sem atributo loading"
"https://mclair.com.br/blog/galeria-consigaz-busca-talentos-brasileiros-da-arte-urbana/","/logos/logo-color.png","Mclair","","","","sem width/height (risco de CLS) | sem atributo loading"
"https://mclair.com.br/blog/galeria-consigaz-busca-talentos-brasileiros-da-arte-urbana/","/logos/logo-white-hd.png","Mclair","","","","sem width/height (risco de CLS) | sem atributo loading"
"https://mclair.com.br/blog/galeria-consigaz-busca-talentos-brasileiros-da-arte-urbana/","/cases-img/claudia-elisa-1.webp","","","","eager","alt vazio (ok se decorativa) | sem width/height (risco de CLS)"
"https://mclair.com.br/blog/galeria-consigaz-busca-talentos-brasileiros-da-arte-urbana/","/logos/logo-icone-M.png","Mclair","120","120","","sem atributo loading"
"https://mclair.com.br/blog/galeria-consigaz-busca-talentos-brasileiros-da-arte-urbana/","https://mclair.com.br/blog-images/capa-padrao-og.png","","","","","alt vazio (ok se decorativa) | sem width/height (risco de CLS) | sem atributo loading"
"https://mclair.com.br/blog/galeria-consigaz-busca-talentos-brasileiros-da-arte-urbana/","https://mclair.com.br/blog-images/capa-padrao-og.png","MIS recebe exposição de arte urbana no dia 4","","","lazy","sem width/height (risco de CLS)"
"https://mclair.com.br/blog/galeria-consigaz-busca-talentos-brasileiros-da-arte-urbana/","https://mclair.com.br/blog-images/capa-padrao-og.png","Artista catarinense vence a 3ª edição da Galeria Consigaz","","","lazy","sem width/height (risco de CLS)"
"https://mclair.com.br/blog/galeria-consigaz-busca-talentos-brasileiros-da-arte-urbana/","https://mclair.com.br/blog-images/capa-padrao-og.png","A arte de transformar metas em realidade","","","lazy","sem width/height (risco de CLS)"
"https://mclair.com.br/blog/galeria-consigaz-busca-talentos-brasileiros-da-arte-urbana/","/logos/logo-negativo.png","Mclair","","32","","sem width/height (risco de CLS) | sem atributo loading"
"https://mclair.com.br/blog/gptw-lambda3-e-uma-das-melhores-empresas-de-t-i-para-trabalhar/","/logos/logo-color.png","Mclair","","","","sem width/height (risco de CLS) | sem atributo loading"
"https://mclair.com.br/blog/gptw-lambda3-e-uma-das-melhores-empresas-de-t-i-para-trabalhar/","/logos/logo-white-hd.png","Mclair","","","","sem width/height (risco de CLS) | sem atributo loading"
"https://mclair.com.br/blog/gptw-lambda3-e-uma-das-melhores-empresas-de-t-i-para-trabalhar/","/cases-img/claudia-elisa-1.webp","","","","eager","alt vazio (ok se decorativa) | sem width/height (risco de CLS)"
"https://mclair.com.br/blog/gptw-lambda3-e-uma-das-melhores-empresas-de-t-i-para-trabalhar/","/logos/logo-icone-M.png","Mclair","120","120","","sem atributo loading"
"https://mclair.com.br/blog/gptw-lambda3-e-uma-das-melhores-empresas-de-t-i-para-trabalhar/","https://mclair.com.br/blog-images/capa-padrao-og.png","","","","","alt vazio (ok se decorativa) | sem width/height (risco de CLS) | sem atributo loading"
"https://mclair.com.br/blog/gptw-lambda3-e-uma-das-melhores-empresas-de-t-i-para-trabalhar/","https://mclair.com.br/blog-images/capa-padrao-og.png","14/09 - Lambda3 completa 12 anos e lança podcast com olhar sobre negócios no contexto nacional","","","lazy","sem width/height (risco de CLS)"
"https://mclair.com.br/blog/gptw-lambda3-e-uma-das-melhores-empresas-de-t-i-para-trabalhar/","https://mclair.com.br/blog-images/capa-padrao-og.png","Oportunidade de capacitação em TI: Lambda3 apresenta palestras no TDC Business","","","lazy","sem width/height (risco de CLS)"
"https://mclair.com.br/blog/gptw-lambda3-e-uma-das-melhores-empresas-de-t-i-para-trabalhar/","https://mclair.com.br/blog-images/capa-padrao-og.png","4 erros comuns ao implementar produtos digitais","","","lazy","sem width/height (risco de CLS)"
"https://mclair.com.br/blog/gptw-lambda3-e-uma-das-melhores-empresas-de-t-i-para-trabalhar/","/logos/logo-negativo.png","Mclair","","32","","sem width/height (risco de CLS) | sem atributo loading"
"https://mclair.com.br/blog/gptw-lambda3-esta-entre-as-melhores-empresas-do-brasil/","/logos/logo-color.png","Mclair","","","","sem width/height (risco de CLS) | sem atributo loading"
"https://mclair.com.br/blog/gptw-lambda3-esta-entre-as-melhores-empresas-do-brasil/","/logos/logo-white-hd.png","Mclair","","","","sem width/height (risco de CLS) | sem atributo loading"
"https://mclair.com.br/blog/gptw-lambda3-esta-entre-as-melhores-empresas-do-brasil/","/cases-img/claudia-elisa-1.webp","","","","eager","alt vazio (ok se decorativa) | sem width/height (risco de CLS)"
"https://mclair.com.br/blog/gptw-lambda3-esta-entre-as-melhores-empresas-do-brasil/","/logos/logo-icone-M.png","Mclair","120","120","","sem atributo loading"
"https://mclair.com.br/blog/gptw-lambda3-esta-entre-as-melhores-empresas-do-brasil/","https://mclair.com.br/blog-images/capa-padrao-og.png","","","","","alt vazio (ok se decorativa) | sem width/height (risco de CLS) | sem atributo loading"
"https://mclair.com.br/blog/gptw-lambda3-esta-entre-as-melhores-empresas-do-brasil/","https://mclair.com.br/blog-images/capa-padrao-og.png","14/09 - Lambda3 completa 12 anos e lança podcast com olhar sobre negócios no contexto nacional","","","lazy","sem width/height (risco de CLS)"
"https://mclair.com.br/blog/gptw-lambda3-esta-entre-as-melhores-empresas-do-brasil/","https://mclair.com.br/blog-images/capa-padrao-og.png","Oportunidade de capacitação em TI: Lambda3 apresenta palestras no TDC Business","","","lazy","sem width/height (risco de CLS)"
"https://mclair.com.br/blog/gptw-lambda3-esta-entre-as-melhores-empresas-do-brasil/","https://mclair.com.br/blog-images/capa-padrao-og.png","4 erros comuns ao implementar produtos digitais","","","lazy","sem width/height (risco de CLS)"
"https://mclair.com.br/blog/gptw-lambda3-esta-entre-as-melhores-empresas-do-brasil/","/logos/logo-negativo.png","Mclair","","32","","sem width/height (risco de CLS) | sem atributo loading"
"https://mclair.com.br/blog/guiando-abre-novas-vagas-para-ti-e-outras-areas/","/logos/logo-color.png","Mclair","","","","sem width/height (risco de CLS) | sem atributo loading"
"https://mclair.com.br/blog/guiando-abre-novas-vagas-para-ti-e-outras-areas/","/logos/logo-white-hd.png","Mclair","","","","sem width/height (risco de CLS) | sem atributo loading"
"https://mclair.com.br/blog/guiando-abre-novas-vagas-para-ti-e-outras-areas/","/cases-img/claudia-elisa-1.webp","","","","eager","alt vazio (ok se decorativa) | sem width/height (risco de CLS)"
"https://mclair.com.br/blog/guiando-abre-novas-vagas-para-ti-e-outras-areas/","/logos/logo-icone-M.png","Mclair","120","120","","sem atributo loading"
"https://mclair.com.br/blog/guiando-abre-novas-vagas-para-ti-e-outras-areas/","https://mclair.com.br/blog-images/capa-padrao-og.png","","","","","alt vazio (ok se decorativa) | sem width/height (risco de CLS) | sem atributo loading"
"https://mclair.com.br/blog/guiando-abre-novas-vagas-para-ti-e-outras-areas/","https://mclair.com.br/blog-images/capa-padrao-og.png","7 razões para implementar a automação de processos na sua empresa","","","lazy","sem width/height (risco de CLS)"
"https://mclair.com.br/blog/guiando-abre-novas-vagas-para-ti-e-outras-areas/","https://mclair.com.br/blog-images/capa-padrao-og.png","Home office e transformação digital impulsionam retomada de investimentos","","","lazy","sem width/height (risco de CLS)"
"https://mclair.com.br/blog/guiando-abre-novas-vagas-para-ti-e-outras-areas/","https://mclair.com.br/blog-images/capa-padrao-og.png","Como a tecnologia ajuda aumentar a confiança do cliente","","","lazy","sem width/height (risco de CLS)"
"https://mclair.com.br/blog/guiando-abre-novas-vagas-para-ti-e-outras-areas/","/logos/logo-negativo.png","Mclair","","32","","sem width/height (risco de CLS) | sem atributo loading"
"https://mclair.com.br/blog/guiando-esta-entre-as-melhores-empresas-para-trabalhar-em-mg-segundo-g/","/logos/logo-color.png","Mclair","","","","sem width/height (risco de CLS) | sem atributo loading"
"https://mclair.com.br/blog/guiando-esta-entre-as-melhores-empresas-para-trabalhar-em-mg-segundo-g/","/logos/logo-white-hd.png","Mclair","","","","sem width/height (risco de CLS) | sem atributo loading"
"https://mclair.com.br/blog/guiando-esta-entre-as-melhores-empresas-para-trabalhar-em-mg-segundo-g/","/cases-img/claudia-elisa-1.webp","","","","eager","alt vazio (ok se decorativa) | sem width/height (risco de CLS)"
"https://mclair.com.br/blog/guiando-esta-entre-as-melhores-empresas-para-trabalhar-em-mg-segundo-g/","/logos/logo-icone-M.png","Mclair","120","120","","sem atributo loading"
"https://mclair.com.br/blog/guiando-esta-entre-as-melhores-empresas-para-trabalhar-em-mg-segundo-g/","https://mclair.com.br/blog-images/capa-padrao-og.png","","","","","alt vazio (ok se decorativa) | sem width/height (risco de CLS) | sem atributo loading"
"https://mclair.com.br/blog/guiando-esta-entre-as-melhores-empresas-para-trabalhar-em-mg-segundo-g/","https://mclair.com.br/blog-images/capa-padrao-og.png","7 razões para implementar a automação de processos na sua empresa","","","lazy","sem width/height (risco de CLS)"
"https://mclair.com.br/blog/guiando-esta-entre-as-melhores-empresas-para-trabalhar-em-mg-segundo-g/","https://mclair.com.br/blog-images/capa-padrao-og.png","Home office e transformação digital impulsionam retomada de investimentos","","","lazy","sem width/height (risco de CLS)"
"https://mclair.com.br/blog/guiando-esta-entre-as-melhores-empresas-para-trabalhar-em-mg-segundo-g/","https://mclair.com.br/blog-images/capa-padrao-og.png","Como a tecnologia ajuda aumentar a confiança do cliente","","","lazy","sem width/height (risco de CLS)"
"https://mclair.com.br/blog/guiando-esta-entre-as-melhores-empresas-para-trabalhar-em-mg-segundo-g/","/logos/logo-negativo.png","Mclair","","32","","sem width/height (risco de CLS) | sem atributo loading"
"https://mclair.com.br/blog/guiando-tem-20-vagas-abertas-100-remoto-1/","/logos/logo-color.png","Mclair","","","","sem width/height (risco de CLS) | sem atributo loading"
"https://mclair.com.br/blog/guiando-tem-20-vagas-abertas-100-remoto-1/","/logos/logo-white-hd.png","Mclair","","","","sem width/height (risco de CLS) | sem atributo loading"
"https://mclair.com.br/blog/guiando-tem-20-vagas-abertas-100-remoto-1/","/cases-img/claudia-elisa-1.webp","","","","eager","alt vazio (ok se decorativa) | sem width/height (risco de CLS)"
"https://mclair.com.br/blog/guiando-tem-20-vagas-abertas-100-remoto-1/","/logos/logo-icone-M.png","Mclair","120","120","","sem atributo loading"
"https://mclair.com.br/blog/guiando-tem-20-vagas-abertas-100-remoto-1/","https://mclair.com.br/blog-images/capa-padrao-og.png","","","","","alt vazio (ok se decorativa) | sem width/height (risco de CLS) | sem atributo loading"
"https://mclair.com.br/blog/guiando-tem-20-vagas-abertas-100-remoto-1/","https://mclair.com.br/blog-images/capa-padrao-og.png","7 razões para implementar a automação de processos na sua empresa","","","lazy","sem width/height (risco de CLS)"
"https://mclair.com.br/blog/guiando-tem-20-vagas-abertas-100-remoto-1/","https://mclair.com.br/blog-images/capa-padrao-og.png","Home office e transformação digital impulsionam retomada de investimentos","","","lazy","sem width/height (risco de CLS)"
"https://mclair.com.br/blog/guiando-tem-20-vagas-abertas-100-remoto-1/","https://mclair.com.br/blog-images/capa-padrao-og.png","Como a tecnologia ajuda aumentar a confiança do cliente","","","lazy","sem width/height (risco de CLS)"
"https://mclair.com.br/blog/guiando-tem-20-vagas-abertas-100-remoto-1/","/logos/logo-negativo.png","Mclair","","32","","sem width/height (risco de CLS) | sem atributo loading"
"https://mclair.com.br/blog/guiando-tem-20-vagas-abertas-100-remoto/","/logos/logo-color.png","Mclair","","","","sem width/height (risco de CLS) | sem atributo loading"
"https://mclair.com.br/blog/guiando-tem-20-vagas-abertas-100-remoto/","/logos/logo-white-hd.png","Mclair","","","","sem width/height (risco de CLS) | sem atributo loading"
"https://mclair.com.br/blog/guiando-tem-20-vagas-abertas-100-remoto/","/cases-img/claudia-elisa-1.webp","","","","eager","alt vazio (ok se decorativa) | sem width/height (risco de CLS)"
"https://mclair.com.br/blog/guiando-tem-20-vagas-abertas-100-remoto/","/logos/logo-icone-M.png","Mclair","120","120","","sem atributo loading"
"https://mclair.com.br/blog/guiando-tem-20-vagas-abertas-100-remoto/","https://mclair.com.br/blog-images/capa-padrao-og.png","","","","","alt vazio (ok se decorativa) | sem width/height (risco de CLS) | sem atributo loading"
"https://mclair.com.br/blog/guiando-tem-20-vagas-abertas-100-remoto/","https://mclair.com.br/blog-images/capa-padrao-og.png","7 razões para implementar a automação de processos na sua empresa","","","lazy","sem width/height (risco de CLS)"
"https://mclair.com.br/blog/guiando-tem-20-vagas-abertas-100-remoto/","https://mclair.com.br/blog-images/capa-padrao-og.png","Home office e transformação digital impulsionam retomada de investimentos","","","lazy","sem width/height (risco de CLS)"
"https://mclair.com.br/blog/guiando-tem-20-vagas-abertas-100-remoto/","https://mclair.com.br/blog-images/capa-padrao-og.png","Como a tecnologia ajuda aumentar a confiança do cliente","","","lazy","sem width/height (risco de CLS)"
"https://mclair.com.br/blog/guiando-tem-20-vagas-abertas-100-remoto/","/logos/logo-negativo.png","Mclair","","32","","sem width/height (risco de CLS) | sem atributo loading"
"https://mclair.com.br/blog/ha-futuro-para-o-mercado-de-tecnologia-sem-cultura-organizacional-dive/","/logos/logo-color.png","Mclair","","","","sem width/height (risco de CLS) | sem atributo loading"
"https://mclair.com.br/blog/ha-futuro-para-o-mercado-de-tecnologia-sem-cultura-organizacional-dive/","/logos/logo-white-hd.png","Mclair","","","","sem width/height (risco de CLS) | sem atributo loading"
"https://mclair.com.br/blog/ha-futuro-para-o-mercado-de-tecnologia-sem-cultura-organizacional-dive/","/cases-img/claudia-elisa-1.webp","","","","eager","alt vazio (ok se decorativa) | sem width/height (risco de CLS)"
"https://mclair.com.br/blog/ha-futuro-para-o-mercado-de-tecnologia-sem-cultura-organizacional-dive/","/logos/logo-icone-M.png","Mclair","120","120","","sem atributo loading"
"https://mclair.com.br/blog/ha-futuro-para-o-mercado-de-tecnologia-sem-cultura-organizacional-dive/","https://mclair.com.br/blog-images/capa-padrao-og.png","","","","","alt vazio (ok se decorativa) | sem width/height (risco de CLS) | sem atributo loading"
"https://mclair.com.br/blog/ha-futuro-para-o-mercado-de-tecnologia-sem-cultura-organizacional-dive/","https://mclair.com.br/blog-images/capa-padrao-og.png","Práticas de Gestão de Pessoas ajudam na transformação de conceitos culturais","","","lazy","sem width/height (risco de CLS)"
"https://mclair.com.br/blog/ha-futuro-para-o-mercado-de-tecnologia-sem-cultura-organizacional-dive/","https://mclair.com.br/blog-images/capa-padrao-og.png","Diversidade Etária: Por que a geração 40+ é essencial para o mercado de trabalho","","","lazy","sem width/height (risco de CLS)"
"https://mclair.com.br/blog/ha-futuro-para-o-mercado-de-tecnologia-sem-cultura-organizacional-dive/","https://mclair.com.br/blog-images/capa-padrao-og.png","O futuro do trabalho remoto e o match entre tecnologia e pessoas","","","lazy","sem width/height (risco de CLS)"
"https://mclair.com.br/blog/ha-futuro-para-o-mercado-de-tecnologia-sem-cultura-organizacional-dive/","/logos/logo-negativo.png","Mclair","","32","","sem width/height (risco de CLS) | sem atributo loading"
"https://mclair.com.br/blog/home-office-e-transformacao-digital-impulsionam-retomada-de-investimen/","/logos/logo-color.png","Mclair","","","","sem width/height (risco de CLS) | sem atributo loading"
"https://mclair.com.br/blog/home-office-e-transformacao-digital-impulsionam-retomada-de-investimen/","/logos/logo-white-hd.png","Mclair","","","","sem width/height (risco de CLS) | sem atributo loading"
"https://mclair.com.br/blog/home-office-e-transformacao-digital-impulsionam-retomada-de-investimen/","/cases-img/claudia-elisa-1.webp","","","","eager","alt vazio (ok se decorativa) | sem width/height (risco de CLS)"
"https://mclair.com.br/blog/home-office-e-transformacao-digital-impulsionam-retomada-de-investimen/","/logos/logo-icone-M.png","Mclair","120","120","","sem atributo loading"
"https://mclair.com.br/blog/home-office-e-transformacao-digital-impulsionam-retomada-de-investimen/","https://mclair.com.br/blog-images/capa-padrao-og.png","","","","","alt vazio (ok se decorativa) | sem width/height (risco de CLS) | sem atributo loading"
"https://mclair.com.br/blog/home-office-e-transformacao-digital-impulsionam-retomada-de-investimen/","https://mclair.com.br/blog-images/capa-padrao-og.png","7 razões para implementar a automação de processos na sua empresa","","","lazy","sem width/height (risco de CLS)"
"https://mclair.com.br/blog/home-office-e-transformacao-digital-impulsionam-retomada-de-investimen/","https://mclair.com.br/blog-images/capa-padrao-og.png","Como a tecnologia ajuda aumentar a confiança do cliente","","","lazy","sem width/height (risco de CLS)"
"https://mclair.com.br/blog/home-office-e-transformacao-digital-impulsionam-retomada-de-investimen/","https://mclair.com.br/blog-images/capa-padrao-og.png","3 soluções para a transformação digital da construção civil","","","lazy","sem width/height (risco de CLS)"
"https://mclair.com.br/blog/home-office-e-transformacao-digital-impulsionam-retomada-de-investimen/","/logos/logo-negativo.png","Mclair","","32","","sem width/height (risco de CLS) | sem atributo loading"
"https://mclair.com.br/blog/ian-macdonald-e-o-novo-diretor-executivo-da-emergee/","/logos/logo-color.png","Mclair","","","","sem width/height (risco de CLS) | sem atributo loading"
"https://mclair.com.br/blog/ian-macdonald-e-o-novo-diretor-executivo-da-emergee/","/logos/logo-white-hd.png","Mclair","","","","sem width/height (risco de CLS) | sem atributo loading"
"https://mclair.com.br/blog/ian-macdonald-e-o-novo-diretor-executivo-da-emergee/","/cases-img/claudia-elisa-1.webp","","","","eager","alt vazio (ok se decorativa) | sem width/height (risco de CLS)"
"https://mclair.com.br/blog/ian-macdonald-e-o-novo-diretor-executivo-da-emergee/","/logos/logo-icone-M.png","Mclair","120","120","","sem atributo loading"
"https://mclair.com.br/blog/ian-macdonald-e-o-novo-diretor-executivo-da-emergee/","https://mclair.com.br/blog-images/capa-padrao-og.png","","","","","alt vazio (ok se decorativa) | sem width/height (risco de CLS) | sem atributo loading"
"https://mclair.com.br/blog/ian-macdonald-e-o-novo-diretor-executivo-da-emergee/","https://mclair.com.br/blog-images/capa-padrao-og.png","54% das empresas que passam por transformação digital pretendem aderir ao Outsourcing no futuro","","","lazy","sem width/height (risco de CLS)"
"https://mclair.com.br/blog/ian-macdonald-e-o-novo-diretor-executivo-da-emergee/","https://mclair.com.br/blog-images/capa-padrao-og.png","Itaú Unibanco incorpora startup Emergee, especializada em métodos para agilidade nos negócios","","","lazy","sem width/height (risco de CLS)"
"https://mclair.com.br/blog/ian-macdonald-e-o-novo-diretor-executivo-da-emergee/","https://mclair.com.br/blog-images/capa-padrao-og.png","Emergee e TIVIT lançam o programa ""Agility Drops""","","","lazy","sem width/height (risco de CLS)"
"https://mclair.com.br/blog/ian-macdonald-e-o-novo-diretor-executivo-da-emergee/","/logos/logo-negativo.png","Mclair","","32","","sem width/height (risco de CLS) | sem atributo loading"
"https://mclair.com.br/blog/industria-brasileira-apresenta-solucoes-em-sustentabilidade-e-economia/","/logos/logo-color.png","Mclair","","","","sem width/height (risco de CLS) | sem atributo loading"
"https://mclair.com.br/blog/industria-brasileira-apresenta-solucoes-em-sustentabilidade-e-economia/","/logos/logo-white-hd.png","Mclair","","","","sem width/height (risco de CLS) | sem atributo loading"
"https://mclair.com.br/blog/industria-brasileira-apresenta-solucoes-em-sustentabilidade-e-economia/","/cases-img/claudia-elisa-1.webp","","","","eager","alt vazio (ok se decorativa) | sem width/height (risco de CLS)"
"https://mclair.com.br/blog/industria-brasileira-apresenta-solucoes-em-sustentabilidade-e-economia/","/logos/logo-icone-M.png","Mclair","120","120","","sem atributo loading"
"https://mclair.com.br/blog/industria-brasileira-apresenta-solucoes-em-sustentabilidade-e-economia/","https://mclair.com.br/blog-images/capa-padrao-og.png","","","","","alt vazio (ok se decorativa) | sem width/height (risco de CLS) | sem atributo loading"
"https://mclair.com.br/blog/industria-brasileira-apresenta-solucoes-em-sustentabilidade-e-economia/","https://mclair.com.br/blog-images/capa-padrao-og.png","AGRO: Indústrias brasileiras de máquinas e equipamentos buscam expansão no mercado africano","","","lazy","sem width/height (risco de CLS)"
"https://mclair.com.br/blog/industria-brasileira-apresenta-solucoes-em-sustentabilidade-e-economia/","https://mclair.com.br/blog-images/capa-padrao-og.png","Indústria de máquinas projeta USD 15 MI em negócios  internacionais durante Agrishow 2023","","","lazy","sem width/height (risco de CLS)"
"https://mclair.com.br/blog/industria-brasileira-apresenta-solucoes-em-sustentabilidade-e-economia/","https://mclair.com.br/blog-images/capa-padrao-og.png","Mineração: indústria de máquinas e equipamentos estima US$11,6 milhões em exportações","","","lazy","sem width/height (risco de CLS)"
"https://mclair.com.br/blog/industria-brasileira-apresenta-solucoes-em-sustentabilidade-e-economia/","/logos/logo-negativo.png","Mclair","","32","","sem width/height (risco de CLS) | sem atributo loading"
"https://mclair.com.br/blog/industria-de-maquinas-projeta-usd-15-mi-em-negocios-internacionais-dur/","/logos/logo-color.png","Mclair","","","","sem width/height (risco de CLS) | sem atributo loading"
"https://mclair.com.br/blog/industria-de-maquinas-projeta-usd-15-mi-em-negocios-internacionais-dur/","/logos/logo-white-hd.png","Mclair","","","","sem width/height (risco de CLS) | sem atributo loading"
"https://mclair.com.br/blog/industria-de-maquinas-projeta-usd-15-mi-em-negocios-internacionais-dur/","/cases-img/claudia-elisa-1.webp","","","","eager","alt vazio (ok se decorativa) | sem width/height (risco de CLS)"
"https://mclair.com.br/blog/industria-de-maquinas-projeta-usd-15-mi-em-negocios-internacionais-dur/","/logos/logo-icone-M.png","Mclair","120","120","","sem atributo loading"
"https://mclair.com.br/blog/industria-de-maquinas-projeta-usd-15-mi-em-negocios-internacionais-dur/","https://mclair.com.br/blog-images/capa-padrao-og.png","","","","","alt vazio (ok se decorativa) | sem width/height (risco de CLS) | sem atributo loading"
"https://mclair.com.br/blog/industria-de-maquinas-projeta-usd-15-mi-em-negocios-internacionais-dur/","https://mclair.com.br/blog-images/capa-padrao-og.png","AGRO: Indústrias brasileiras de máquinas e equipamentos buscam expansão no mercado africano","","","lazy","sem width/height (risco de CLS)"
"https://mclair.com.br/blog/industria-de-maquinas-projeta-usd-15-mi-em-negocios-internacionais-dur/","https://mclair.com.br/blog-images/capa-padrao-og.png","Mineração: indústria de máquinas e equipamentos estima US$11,6 milhões em exportações","","","lazy","sem width/height (risco de CLS)"
"https://mclair.com.br/blog/industria-de-maquinas-projeta-usd-15-mi-em-negocios-internacionais-dur/","https://mclair.com.br/blog-images/capa-padrao-og.png","Referência mundial em tecnologia para o campo, Brasil apresenta máquinas e implementos agrícolas ao mercado colombiano","","","lazy","sem width/height (risco de CLS)"
"https://mclair.com.br/blog/industria-de-maquinas-projeta-usd-15-mi-em-negocios-internacionais-dur/","/logos/logo-negativo.png","Mclair","","32","","sem width/height (risco de CLS) | sem atributo loading"
"https://mclair.com.br/blog/insatisfeita-geracao-z-nao-quer-trabalhar-mais-do-mesmo-jeito/","/logos/logo-color.png","Mclair","","","","sem width/height (risco de CLS) | sem atributo loading"
"https://mclair.com.br/blog/insatisfeita-geracao-z-nao-quer-trabalhar-mais-do-mesmo-jeito/","/logos/logo-white-hd.png","Mclair","","","","sem width/height (risco de CLS) | sem atributo loading"
"https://mclair.com.br/blog/insatisfeita-geracao-z-nao-quer-trabalhar-mais-do-mesmo-jeito/","/cases-img/claudia-elisa-1.webp","","","","eager","alt vazio (ok se decorativa) | sem width/height (risco de CLS)"
"https://mclair.com.br/blog/insatisfeita-geracao-z-nao-quer-trabalhar-mais-do-mesmo-jeito/","/logos/logo-icone-M.png","Mclair","120","120","","sem atributo loading"
"https://mclair.com.br/blog/insatisfeita-geracao-z-nao-quer-trabalhar-mais-do-mesmo-jeito/","https://mclair.com.br/blog-images/capa-padrao-og.png","","","","","alt vazio (ok se decorativa) | sem width/height (risco de CLS) | sem atributo loading"
"https://mclair.com.br/blog/insatisfeita-geracao-z-nao-quer-trabalhar-mais-do-mesmo-jeito/","https://mclair.com.br/blog-images/capa-padrao-og.png","Cubo Comunicação anuncia rebranding e plano de expansão para a Europa","","","lazy","sem width/height (risco de CLS)"
"https://mclair.com.br/blog/insatisfeita-geracao-z-nao-quer-trabalhar-mais-do-mesmo-jeito/","https://mclair.com.br/blog-images/capa-padrao-og.png","BBB: a guerra de ADMs e o sucesso nas redes sociais","","","lazy","sem width/height (risco de CLS)"
"https://mclair.com.br/blog/insatisfeita-geracao-z-nao-quer-trabalhar-mais-do-mesmo-jeito/","https://mclair.com.br/blog-images/capa-padrao-og.png","""Copa do Mundo"" supera buscas sobre ""eleições"" e ""Black Friday"" no Google e desafia mídias","","","lazy","sem width/height (risco de CLS)"
"https://mclair.com.br/blog/insatisfeita-geracao-z-nao-quer-trabalhar-mais-do-mesmo-jeito/","/logos/logo-negativo.png","Mclair","","32","","sem width/height (risco de CLS) | sem atributo loading"
"https://mclair.com.br/blog/inteligencia-artificial-consenso-e-a-chave-para-um-mundo-robotizado/","/logos/logo-color.png","Mclair","","","","sem width/height (risco de CLS) | sem atributo loading"
"https://mclair.com.br/blog/inteligencia-artificial-consenso-e-a-chave-para-um-mundo-robotizado/","/logos/logo-white-hd.png","Mclair","","","","sem width/height (risco de CLS) | sem atributo loading"
"https://mclair.com.br/blog/inteligencia-artificial-consenso-e-a-chave-para-um-mundo-robotizado/","/cases-img/claudia-elisa-1.webp","","","","eager","alt vazio (ok se decorativa) | sem width/height (risco de CLS)"
"https://mclair.com.br/blog/inteligencia-artificial-consenso-e-a-chave-para-um-mundo-robotizado/","/logos/logo-icone-M.png","Mclair","120","120","","sem atributo loading"
"https://mclair.com.br/blog/inteligencia-artificial-consenso-e-a-chave-para-um-mundo-robotizado/","https://mclair.com.br/blog-images/capa-padrao-og.png","","","","","alt vazio (ok se decorativa) | sem width/height (risco de CLS) | sem atributo loading"
"https://mclair.com.br/blog/inteligencia-artificial-consenso-e-a-chave-para-um-mundo-robotizado/","https://mclair.com.br/blog-images/capa-padrao-og.png","Quem está por trás da automação?","","","lazy","sem width/height (risco de CLS)"
"https://mclair.com.br/blog/inteligencia-artificial-consenso-e-a-chave-para-um-mundo-robotizado/","https://mclair.com.br/blog-images/capa-padrao-og.png","O papel de entidades públicas para as Cidades Inteligentes","","","lazy","sem width/height (risco de CLS)"
"https://mclair.com.br/blog/inteligencia-artificial-consenso-e-a-chave-para-um-mundo-robotizado/","https://mclair.com.br/blog-images/capa-padrao-og.png","Os desafios e impactos do 5G para o mercado","","","lazy","sem width/height (risco de CLS)"
"https://mclair.com.br/blog/inteligencia-artificial-consenso-e-a-chave-para-um-mundo-robotizado/","/logos/logo-negativo.png","Mclair","","32","","sem width/height (risco de CLS) | sem atributo loading"
"https://mclair.com.br/blog/itau-unibanco-incorpora-startup-emergee-especializada-em-metodos-para-/","/logos/logo-color.png","Mclair","","","","sem width/height (risco de CLS) | sem atributo loading"
"https://mclair.com.br/blog/itau-unibanco-incorpora-startup-emergee-especializada-em-metodos-para-/","/logos/logo-white-hd.png","Mclair","","","","sem width/height (risco de CLS) | sem atributo loading"
"https://mclair.com.br/blog/itau-unibanco-incorpora-startup-emergee-especializada-em-metodos-para-/","/cases-img/claudia-elisa-1.webp","","","","eager","alt vazio (ok se decorativa) | sem width/height (risco de CLS)"
"https://mclair.com.br/blog/itau-unibanco-incorpora-startup-emergee-especializada-em-metodos-para-/","/logos/logo-icone-M.png","Mclair","120","120","","sem atributo loading"
"https://mclair.com.br/blog/itau-unibanco-incorpora-startup-emergee-especializada-em-metodos-para-/","https://mclair.com.br/blog-images/capa-padrao-og.png","","","","","alt vazio (ok se decorativa) | sem width/height (risco de CLS) | sem atributo loading"
"https://mclair.com.br/blog/itau-unibanco-incorpora-startup-emergee-especializada-em-metodos-para-/","https://mclair.com.br/blog-images/capa-padrao-og.png","54% das empresas que passam por transformação digital pretendem aderir ao Outsourcing no futuro","","","lazy","sem width/height (risco de CLS)"
"https://mclair.com.br/blog/itau-unibanco-incorpora-startup-emergee-especializada-em-metodos-para-/","https://mclair.com.br/blog-images/capa-padrao-og.png","Emergee e TIVIT lançam o programa ""Agility Drops""","","","lazy","sem width/height (risco de CLS)"
"https://mclair.com.br/blog/itau-unibanco-incorpora-startup-emergee-especializada-em-metodos-para-/","https://mclair.com.br/blog-images/capa-padrao-og.png","Ian Macdonald é o novo diretor-executivo da Emergee","","","lazy","sem width/height (risco de CLS)"
"https://mclair.com.br/blog/itau-unibanco-incorpora-startup-emergee-especializada-em-metodos-para-/","/logos/logo-negativo.png","Mclair","","32","","sem width/height (risco de CLS) | sem atributo loading"
"https://mclair.com.br/blog/justica-federal-leilao-com-descontos-de-ate-50-oferece-imoveis-e-veicu/","/logos/logo-color.png","Mclair","","","","sem width/height (risco de CLS) | sem atributo loading"
"https://mclair.com.br/blog/justica-federal-leilao-com-descontos-de-ate-50-oferece-imoveis-e-veicu/","/logos/logo-white-hd.png","Mclair","","","","sem width/height (risco de CLS) | sem atributo loading"
"https://mclair.com.br/blog/justica-federal-leilao-com-descontos-de-ate-50-oferece-imoveis-e-veicu/","/cases-img/claudia-elisa-1.webp","","","","eager","alt vazio (ok se decorativa) | sem width/height (risco de CLS)"
"https://mclair.com.br/blog/justica-federal-leilao-com-descontos-de-ate-50-oferece-imoveis-e-veicu/","/logos/logo-icone-M.png","Mclair","120","120","","sem atributo loading"
"https://mclair.com.br/blog/justica-federal-leilao-com-descontos-de-ate-50-oferece-imoveis-e-veicu/","https://mclair.com.br/blog-images/capa-padrao-og.png","","","","","alt vazio (ok se decorativa) | sem width/height (risco de CLS) | sem atributo loading"
"https://mclair.com.br/blog/justica-federal-leilao-com-descontos-de-ate-50-oferece-imoveis-e-veicu/","https://mclair.com.br/blog-images/capa-padrao-og.png","Leilão especial: evento online tem motos a partir de R$3,4 mil","","","lazy","sem width/height (risco de CLS)"
"https://mclair.com.br/blog/justica-federal-leilao-com-descontos-de-ate-50-oferece-imoveis-e-veicu/","https://mclair.com.br/blog-images/capa-padrao-og.png","Fidalgo amplia portfólio de negócios com novos segmentos de leilões","","","lazy","sem width/height (risco de CLS)"
"https://mclair.com.br/blog/justica-federal-leilao-com-descontos-de-ate-50-oferece-imoveis-e-veicu/","https://mclair.com.br/blog-images/capa-padrao-og.png","Leilão da Justiça Federal tem lacnha a partir de R$ 25 mil e imóveis com até 50% de desconto","","","lazy","sem width/height (risco de CLS)"
"https://mclair.com.br/blog/justica-federal-leilao-com-descontos-de-ate-50-oferece-imoveis-e-veicu/","/logos/logo-negativo.png","Mclair","","32","","sem width/height (risco de CLS) | sem atributo loading"
"https://mclair.com.br/blog/lambda3-abre-28-vagas-para-desenvolvedores/","/logos/logo-color.png","Mclair","","","","sem width/height (risco de CLS) | sem atributo loading"
"https://mclair.com.br/blog/lambda3-abre-28-vagas-para-desenvolvedores/","/logos/logo-white-hd.png","Mclair","","","","sem width/height (risco de CLS) | sem atributo loading"
"https://mclair.com.br/blog/lambda3-abre-28-vagas-para-desenvolvedores/","/cases-img/claudia-elisa-1.webp","","","","eager","alt vazio (ok se decorativa) | sem width/height (risco de CLS)"
"https://mclair.com.br/blog/lambda3-abre-28-vagas-para-desenvolvedores/","/logos/logo-icone-M.png","Mclair","120","120","","sem atributo loading"
"https://mclair.com.br/blog/lambda3-abre-28-vagas-para-desenvolvedores/","https://mclair.com.br/blog-images/capa-padrao-og.png","","","","","alt vazio (ok se decorativa) | sem width/height (risco de CLS) | sem atributo loading"
"https://mclair.com.br/blog/lambda3-abre-28-vagas-para-desenvolvedores/","https://mclair.com.br/blog-images/capa-padrao-og.png","O lado B da produtividade em trabalho remoto","","","lazy","sem width/height (risco de CLS)"
"https://mclair.com.br/blog/lambda3-abre-28-vagas-para-desenvolvedores/","https://mclair.com.br/blog-images/capa-padrao-og.png","AQUARANTENADOS lança single ""Tudo vai dar certo""","","","lazy","sem width/height (risco de CLS)"
"https://mclair.com.br/blog/lambda3-abre-28-vagas-para-desenvolvedores/","https://mclair.com.br/blog-images/capa-padrao-og.png","Dia do Orgulho Nerd: 4 dicas para celebrar a data","","","lazy","sem width/height (risco de CLS)"
"https://mclair.com.br/blog/lambda3-abre-28-vagas-para-desenvolvedores/","/logos/logo-negativo.png","Mclair","","32","","sem width/height (risco de CLS) | sem atributo loading"
"https://mclair.com.br/blog/lambda3-abre-vagas-para-times-de-tecnologia/","/logos/logo-color.png","Mclair","","","","sem width/height (risco de CLS) | sem atributo loading"
"https://mclair.com.br/blog/lambda3-abre-vagas-para-times-de-tecnologia/","/logos/logo-white-hd.png","Mclair","","","","sem width/height (risco de CLS) | sem atributo loading"
"https://mclair.com.br/blog/lambda3-abre-vagas-para-times-de-tecnologia/","/cases-img/claudia-elisa-1.webp","","","","eager","alt vazio (ok se decorativa) | sem width/height (risco de CLS)"
"https://mclair.com.br/blog/lambda3-abre-vagas-para-times-de-tecnologia/","/logos/logo-icone-M.png","Mclair","120","120","","sem atributo loading"
"https://mclair.com.br/blog/lambda3-abre-vagas-para-times-de-tecnologia/","/uploads/recovered-lambda3-abre-vagas-para-times-de-tecnologia.jpg","","","","","alt vazio (ok se decorativa) | sem width/height (risco de CLS) | sem atributo loading"
"https://mclair.com.br/blog/lambda3-abre-vagas-para-times-de-tecnologia/","https://mclair.com.br/blog-images/capa-padrao-og.png","14/09 - Lambda3 completa 12 anos e lança podcast com olhar sobre negócios no contexto nacional","","","lazy","sem width/height (risco de CLS)"
"https://mclair.com.br/blog/lambda3-abre-vagas-para-times-de-tecnologia/","https://mclair.com.br/blog-images/capa-padrao-og.png","Oportunidade de capacitação em TI: Lambda3 apresenta palestras no TDC Business","","","lazy","sem width/height (risco de CLS)"
"https://mclair.com.br/blog/lambda3-abre-vagas-para-times-de-tecnologia/","https://mclair.com.br/blog-images/capa-padrao-og.png","4 erros comuns ao implementar produtos digitais","","","lazy","sem width/height (risco de CLS)"
"https://mclair.com.br/blog/lambda3-abre-vagas-para-times-de-tecnologia/","/logos/logo-negativo.png","Mclair","","32","","sem width/height (risco de CLS) | sem atributo loading"
"https://mclair.com.br/blog/lambda3-consolida-as-unidades-negocios-de-produtos-digitais-do-ecossis/","/logos/logo-color.png","Mclair","","","","sem width/height (risco de CLS) | sem atributo loading"
"https://mclair.com.br/blog/lambda3-consolida-as-unidades-negocios-de-produtos-digitais-do-ecossis/","/logos/logo-white-hd.png","Mclair","","","","sem width/height (risco de CLS) | sem atributo loading"
"https://mclair.com.br/blog/lambda3-consolida-as-unidades-negocios-de-produtos-digitais-do-ecossis/","/cases-img/claudia-elisa-1.webp","","","","eager","alt vazio (ok se decorativa) | sem width/height (risco de CLS)"
"https://mclair.com.br/blog/lambda3-consolida-as-unidades-negocios-de-produtos-digitais-do-ecossis/","/logos/logo-icone-M.png","Mclair","120","120","","sem atributo loading"
"https://mclair.com.br/blog/lambda3-consolida-as-unidades-negocios-de-produtos-digitais-do-ecossis/","https://mclair.com.br/blog-images/capa-padrao-og.png","","","","","alt vazio (ok se decorativa) | sem width/height (risco de CLS) | sem atributo loading"
"https://mclair.com.br/blog/lambda3-consolida-as-unidades-negocios-de-produtos-digitais-do-ecossis/","https://mclair.com.br/blog-images/capa-padrao-og.png","14/09 - Lambda3 completa 12 anos e lança podcast com olhar sobre negócios no contexto nacional","","","lazy","sem width/height (risco de CLS)"
"https://mclair.com.br/blog/lambda3-consolida-as-unidades-negocios-de-produtos-digitais-do-ecossis/","https://mclair.com.br/blog-images/capa-padrao-og.png","Oportunidade de capacitação em TI: Lambda3 apresenta palestras no TDC Business","","","lazy","sem width/height (risco de CLS)"
"https://mclair.com.br/blog/lambda3-consolida-as-unidades-negocios-de-produtos-digitais-do-ecossis/","https://mclair.com.br/blog-images/capa-padrao-og.png","4 erros comuns ao implementar produtos digitais","","","lazy","sem width/height (risco de CLS)"
"https://mclair.com.br/blog/lambda3-consolida-as-unidades-negocios-de-produtos-digitais-do-ecossis/","/logos/logo-negativo.png","Mclair","","32","","sem width/height (risco de CLS) | sem atributo loading"
"https://mclair.com.br/blog/lambda3-leva-debate-sobre-diversidade-e-inclusao-ao-programaria-summit/","/logos/logo-color.png","Mclair","","","","sem width/height (risco de CLS) | sem atributo loading"
"https://mclair.com.br/blog/lambda3-leva-debate-sobre-diversidade-e-inclusao-ao-programaria-summit/","/logos/logo-white-hd.png","Mclair","","","","sem width/height (risco de CLS) | sem atributo loading"
"https://mclair.com.br/blog/lambda3-leva-debate-sobre-diversidade-e-inclusao-ao-programaria-summit/","/cases-img/claudia-elisa-1.webp","","","","eager","alt vazio (ok se decorativa) | sem width/height (risco de CLS)"
"https://mclair.com.br/blog/lambda3-leva-debate-sobre-diversidade-e-inclusao-ao-programaria-summit/","/logos/logo-icone-M.png","Mclair","120","120","","sem atributo loading"
"https://mclair.com.br/blog/lambda3-leva-debate-sobre-diversidade-e-inclusao-ao-programaria-summit/","https://mclair.com.br/blog-images/capa-padrao-og.png","","","","","alt vazio (ok se decorativa) | sem width/height (risco de CLS) | sem atributo loading"
"https://mclair.com.br/blog/lambda3-leva-debate-sobre-diversidade-e-inclusao-ao-programaria-summit/","https://mclair.com.br/blog-images/capa-padrao-og.png","14/09 - Lambda3 completa 12 anos e lança podcast com olhar sobre negócios no contexto nacional","","","lazy","sem width/height (risco de CLS)"
"https://mclair.com.br/blog/lambda3-leva-debate-sobre-diversidade-e-inclusao-ao-programaria-summit/","https://mclair.com.br/blog-images/capa-padrao-og.png","Oportunidade de capacitação em TI: Lambda3 apresenta palestras no TDC Business","","","lazy","sem width/height (risco de CLS)"
"https://mclair.com.br/blog/lambda3-leva-debate-sobre-diversidade-e-inclusao-ao-programaria-summit/","https://mclair.com.br/blog-images/capa-padrao-og.png","4 erros comuns ao implementar produtos digitais","","","lazy","sem width/height (risco de CLS)"
"https://mclair.com.br/blog/lambda3-leva-debate-sobre-diversidade-e-inclusao-ao-programaria-summit/","/logos/logo-negativo.png","Mclair","","32","","sem width/height (risco de CLS) | sem atributo loading"
"https://mclair.com.br/blog/lambda3-mira-fintechs-de-investimento-e-preve-crescimento-de-25-em-202/","/logos/logo-color.png","Mclair","","","","sem width/height (risco de CLS) | sem atributo loading"
"https://mclair.com.br/blog/lambda3-mira-fintechs-de-investimento-e-preve-crescimento-de-25-em-202/","/logos/logo-white-hd.png","Mclair","","","","sem width/height (risco de CLS) | sem atributo loading"
"https://mclair.com.br/blog/lambda3-mira-fintechs-de-investimento-e-preve-crescimento-de-25-em-202/","/cases-img/claudia-elisa-1.webp","","","","eager","alt vazio (ok se decorativa) | sem width/height (risco de CLS)"
"https://mclair.com.br/blog/lambda3-mira-fintechs-de-investimento-e-preve-crescimento-de-25-em-202/","/logos/logo-icone-M.png","Mclair","120","120","","sem atributo loading"
"https://mclair.com.br/blog/lambda3-mira-fintechs-de-investimento-e-preve-crescimento-de-25-em-202/","https://mclair.com.br/blog-images/capa-padrao-og.png","","","","","alt vazio (ok se decorativa) | sem width/height (risco de CLS) | sem atributo loading"
"https://mclair.com.br/blog/lambda3-mira-fintechs-de-investimento-e-preve-crescimento-de-25-em-202/","https://mclair.com.br/blog-images/capa-padrao-og.png","Lambda3 abre 28 vagas para desenvolvedores","","","lazy","sem width/height (risco de CLS)"
"https://mclair.com.br/blog/lambda3-mira-fintechs-de-investimento-e-preve-crescimento-de-25-em-202/","https://mclair.com.br/blog-images/capa-padrao-og.png","O lado B da produtividade em trabalho remoto","","","lazy","sem width/height (risco de CLS)"
"https://mclair.com.br/blog/lambda3-mira-fintechs-de-investimento-e-preve-crescimento-de-25-em-202/","https://mclair.com.br/blog-images/capa-padrao-og.png","AQUARANTENADOS lança single ""Tudo vai dar certo""","","","lazy","sem width/height (risco de CLS)"
"https://mclair.com.br/blog/lambda3-mira-fintechs-de-investimento-e-preve-crescimento-de-25-em-202/","/logos/logo-negativo.png","Mclair","","32","","sem width/height (risco de CLS) | sem atributo loading"
"https://mclair.com.br/blog/largar-tudo-nem-sempre-e-solucao-para-os-cansados-do-mundo-corporativo/","/logos/logo-color.png","Mclair","","","","sem width/height (risco de CLS) | sem atributo loading"
"https://mclair.com.br/blog/largar-tudo-nem-sempre-e-solucao-para-os-cansados-do-mundo-corporativo/","/logos/logo-white-hd.png","Mclair","","","","sem width/height (risco de CLS) | sem atributo loading"
"https://mclair.com.br/blog/largar-tudo-nem-sempre-e-solucao-para-os-cansados-do-mundo-corporativo/","/cases-img/claudia-elisa-1.webp","","","","eager","alt vazio (ok se decorativa) | sem width/height (risco de CLS)"
"https://mclair.com.br/blog/largar-tudo-nem-sempre-e-solucao-para-os-cansados-do-mundo-corporativo/","/logos/logo-icone-M.png","Mclair","120","120","","sem atributo loading"
"https://mclair.com.br/blog/largar-tudo-nem-sempre-e-solucao-para-os-cansados-do-mundo-corporativo/","https://mclair.com.br/blog-images/capa-padrao-og.png","","","","","alt vazio (ok se decorativa) | sem width/height (risco de CLS) | sem atributo loading"
"https://mclair.com.br/blog/largar-tudo-nem-sempre-e-solucao-para-os-cansados-do-mundo-corporativo/","https://mclair.com.br/blog-images/capa-padrao-og.png","Os desafios e mitos sobre a transição energética","","","lazy","sem width/height (risco de CLS)"
"https://mclair.com.br/blog/largar-tudo-nem-sempre-e-solucao-para-os-cansados-do-mundo-corporativo/","https://mclair.com.br/blog-images/capa-padrao-og.png","RH e o futuro do trabalho: quais as tendências para os próximos 10 anos?","","","lazy","sem width/height (risco de CLS)"
"https://mclair.com.br/blog/largar-tudo-nem-sempre-e-solucao-para-os-cansados-do-mundo-corporativo/","https://mclair.com.br/blog-images/capa-padrao-og.png","O","","","lazy","sem width/height (risco de CLS)"
"https://mclair.com.br/blog/largar-tudo-nem-sempre-e-solucao-para-os-cansados-do-mundo-corporativo/","/logos/logo-negativo.png","Mclair","","32","","sem width/height (risco de CLS) | sem atributo loading"
"https://mclair.com.br/blog/leilao-da-justica-federal-tem-imoveis-no-abc-e-veiculos-com-50-de-desc/","/logos/logo-color.png","Mclair","","","","sem width/height (risco de CLS) | sem atributo loading"
"https://mclair.com.br/blog/leilao-da-justica-federal-tem-imoveis-no-abc-e-veiculos-com-50-de-desc/","/logos/logo-white-hd.png","Mclair","","","","sem width/height (risco de CLS) | sem atributo loading"
"https://mclair.com.br/blog/leilao-da-justica-federal-tem-imoveis-no-abc-e-veiculos-com-50-de-desc/","/cases-img/claudia-elisa-1.webp","","","","eager","alt vazio (ok se decorativa) | sem width/height (risco de CLS)"
"https://mclair.com.br/blog/leilao-da-justica-federal-tem-imoveis-no-abc-e-veiculos-com-50-de-desc/","/logos/logo-icone-M.png","Mclair","120","120","","sem atributo loading"
"https://mclair.com.br/blog/leilao-da-justica-federal-tem-imoveis-no-abc-e-veiculos-com-50-de-desc/","https://mclair.com.br/blog-images/capa-padrao-og.png","","","","","alt vazio (ok se decorativa) | sem width/height (risco de CLS) | sem atributo loading"
"https://mclair.com.br/blog/leilao-da-justica-federal-tem-imoveis-no-abc-e-veiculos-com-50-de-desc/","https://mclair.com.br/blog-images/capa-padrao-og.png","Justiça Federal: leilão com descontos de até 50% oferece imóveis e veículos em São Paulo","","","lazy","sem width/height (risco de CLS)"
"https://mclair.com.br/blog/leilao-da-justica-federal-tem-imoveis-no-abc-e-veiculos-com-50-de-desc/","https://mclair.com.br/blog-images/capa-padrao-og.png","Leilão especial: evento online tem motos a partir de R$3,4 mil","","","lazy","sem width/height (risco de CLS)"
"https://mclair.com.br/blog/leilao-da-justica-federal-tem-imoveis-no-abc-e-veiculos-com-50-de-desc/","https://mclair.com.br/blog-images/capa-padrao-og.png","Fidalgo amplia portfólio de negócios com novos segmentos de leilões","","","lazy","sem width/height (risco de CLS)"
"https://mclair.com.br/blog/leilao-da-justica-federal-tem-imoveis-no-abc-e-veiculos-com-50-de-desc/","/logos/logo-negativo.png","Mclair","","32","","sem width/height (risco de CLS) | sem atributo loading"
"https://mclair.com.br/blog/leilao-da-justica-federal-tem-lacnha-a-partir-de-r-25-mil-e-imoveis-co/","/logos/logo-color.png","Mclair","","","","sem width/height (risco de CLS) | sem atributo loading"
"https://mclair.com.br/blog/leilao-da-justica-federal-tem-lacnha-a-partir-de-r-25-mil-e-imoveis-co/","/logos/logo-white-hd.png","Mclair","","","","sem width/height (risco de CLS) | sem atributo loading"
"https://mclair.com.br/blog/leilao-da-justica-federal-tem-lacnha-a-partir-de-r-25-mil-e-imoveis-co/","/cases-img/claudia-elisa-1.webp","","","","eager","alt vazio (ok se decorativa) | sem width/height (risco de CLS)"
"https://mclair.com.br/blog/leilao-da-justica-federal-tem-lacnha-a-partir-de-r-25-mil-e-imoveis-co/","/logos/logo-icone-M.png","Mclair","120","120","","sem atributo loading"
"https://mclair.com.br/blog/leilao-da-justica-federal-tem-lacnha-a-partir-de-r-25-mil-e-imoveis-co/","https://mclair.com.br/blog-images/capa-padrao-og.png","","","","","alt vazio (ok se decorativa) | sem width/height (risco de CLS) | sem atributo loading"
"https://mclair.com.br/blog/leilao-da-justica-federal-tem-lacnha-a-partir-de-r-25-mil-e-imoveis-co/","https://mclair.com.br/blog-images/capa-padrao-og.png","Justiça Federal: leilão com descontos de até 50% oferece imóveis e veículos em São Paulo","","","lazy","sem width/height (risco de CLS)"
"https://mclair.com.br/blog/leilao-da-justica-federal-tem-lacnha-a-partir-de-r-25-mil-e-imoveis-co/","https://mclair.com.br/blog-images/capa-padrao-og.png","Leilão especial: evento online tem motos a partir de R$3,4 mil","","","lazy","sem width/height (risco de CLS)"
"https://mclair.com.br/blog/leilao-da-justica-federal-tem-lacnha-a-partir-de-r-25-mil-e-imoveis-co/","https://mclair.com.br/blog-images/capa-padrao-og.png","Fidalgo amplia portfólio de negócios com novos segmentos de leilões","","","lazy","sem width/height (risco de CLS)"
"https://mclair.com.br/blog/leilao-da-justica-federal-tem-lacnha-a-partir-de-r-25-mil-e-imoveis-co/","/logos/logo-negativo.png","Mclair","","32","","sem width/height (risco de CLS) | sem atributo loading"
"https://mclair.com.br/blog/leilao-do-bradesco-traz-52-imoveis-com-precos-a-partir-de-r-40-mil/","/logos/logo-color.png","Mclair","","","","sem width/height (risco de CLS) | sem atributo loading"
"https://mclair.com.br/blog/leilao-do-bradesco-traz-52-imoveis-com-precos-a-partir-de-r-40-mil/","/logos/logo-white-hd.png","Mclair","","","","sem width/height (risco de CLS) | sem atributo loading"
"https://mclair.com.br/blog/leilao-do-bradesco-traz-52-imoveis-com-precos-a-partir-de-r-40-mil/","/cases-img/claudia-elisa-1.webp","","","","eager","alt vazio (ok se decorativa) | sem width/height (risco de CLS)"
"https://mclair.com.br/blog/leilao-do-bradesco-traz-52-imoveis-com-precos-a-partir-de-r-40-mil/","/logos/logo-icone-M.png","Mclair","120","120","","sem atributo loading"
"https://mclair.com.br/blog/leilao-do-bradesco-traz-52-imoveis-com-precos-a-partir-de-r-40-mil/","https://mclair.com.br/blog-images/capa-padrao-og.png","","","","","alt vazio (ok se decorativa) | sem width/height (risco de CLS) | sem atributo loading"
"https://mclair.com.br/blog/leilao-do-bradesco-traz-52-imoveis-com-precos-a-partir-de-r-40-mil/","https://mclair.com.br/blog-images/capa-padrao-og.png","De imóveis a veículos, o leilão da Justiça do Trabalho de SP oferece variedade de bens com até 80% de deságio","","","lazy","sem width/height (risco de CLS)"
"https://mclair.com.br/blog/leilao-do-bradesco-traz-52-imoveis-com-precos-a-partir-de-r-40-mil/","https://mclair.com.br/blog-images/capa-padrao-og.png","A arte de transformar metas em realidade","","","lazy","sem width/height (risco de CLS)"
"https://mclair.com.br/blog/leilao-do-bradesco-traz-52-imoveis-com-precos-a-partir-de-r-40-mil/","https://mclair.com.br/blog-images/capa-padrao-og.png","Lambda3 abre 28 vagas para desenvolvedores","","","lazy","sem width/height (risco de CLS)"
"https://mclair.com.br/blog/leilao-do-bradesco-traz-52-imoveis-com-precos-a-partir-de-r-40-mil/","/logos/logo-negativo.png","Mclair","","32","","sem width/height (risco de CLS) | sem atributo loading"
"https://mclair.com.br/blog/leilao-especial-evento-online-tem-motos-a-partir-de-r-3-4-mil/","/logos/logo-color.png","Mclair","","","","sem width/height (risco de CLS) | sem atributo loading"
"https://mclair.com.br/blog/leilao-especial-evento-online-tem-motos-a-partir-de-r-3-4-mil/","/logos/logo-white-hd.png","Mclair","","","","sem width/height (risco de CLS) | sem atributo loading"
"https://mclair.com.br/blog/leilao-especial-evento-online-tem-motos-a-partir-de-r-3-4-mil/","/cases-img/claudia-elisa-1.webp","","","","eager","alt vazio (ok se decorativa) | sem width/height (risco de CLS)"
"https://mclair.com.br/blog/leilao-especial-evento-online-tem-motos-a-partir-de-r-3-4-mil/","/logos/logo-icone-M.png","Mclair","120","120","","sem atributo loading"
"https://mclair.com.br/blog/leilao-especial-evento-online-tem-motos-a-partir-de-r-3-4-mil/","https://mclair.com.br/blog-images/capa-padrao-og.png","","","","","alt vazio (ok se decorativa) | sem width/height (risco de CLS) | sem atributo loading"
"https://mclair.com.br/blog/leilao-especial-evento-online-tem-motos-a-partir-de-r-3-4-mil/","https://mclair.com.br/blog-images/capa-padrao-og.png","Justiça Federal: leilão com descontos de até 50% oferece imóveis e veículos em São Paulo","","","lazy","sem width/height (risco de CLS)"
"https://mclair.com.br/blog/leilao-especial-evento-online-tem-motos-a-partir-de-r-3-4-mil/","https://mclair.com.br/blog-images/capa-padrao-og.png","Fidalgo amplia portfólio de negócios com novos segmentos de leilões","","","lazy","sem width/height (risco de CLS)"
"https://mclair.com.br/blog/leilao-especial-evento-online-tem-motos-a-partir-de-r-3-4-mil/","https://mclair.com.br/blog-images/capa-padrao-og.png","Leilão da Justiça Federal tem lacnha a partir de R$ 25 mil e imóveis com até 50% de desconto","","","lazy","sem width/height (risco de CLS)"
"https://mclair.com.br/blog/leilao-especial-evento-online-tem-motos-a-partir-de-r-3-4-mil/","/logos/logo-negativo.png","Mclair","","32","","sem width/height (risco de CLS) | sem atributo loading"
"https://mclair.com.br/blog/lensa-quanto-vale-a-imagem-do-usuario/","/logos/logo-color.png","Mclair","","","","sem width/height (risco de CLS) | sem atributo loading"
"https://mclair.com.br/blog/lensa-quanto-vale-a-imagem-do-usuario/","/logos/logo-white-hd.png","Mclair","","","","sem width/height (risco de CLS) | sem atributo loading"
"https://mclair.com.br/blog/lensa-quanto-vale-a-imagem-do-usuario/","/cases-img/claudia-elisa-1.webp","","","","eager","alt vazio (ok se decorativa) | sem width/height (risco de CLS)"
"https://mclair.com.br/blog/lensa-quanto-vale-a-imagem-do-usuario/","/logos/logo-icone-M.png","Mclair","120","120","","sem atributo loading"
"https://mclair.com.br/blog/lensa-quanto-vale-a-imagem-do-usuario/","https://mclair.com.br/blog-images/capa-padrao-og.png","","","","","alt vazio (ok se decorativa) | sem width/height (risco de CLS) | sem atributo loading"
"https://mclair.com.br/blog/lensa-quanto-vale-a-imagem-do-usuario/","https://mclair.com.br/blog-images/capa-padrao-og.png","Cubo Comunicação anuncia rebranding e plano de expansão para a Europa","","","lazy","sem width/height (risco de CLS)"
"https://mclair.com.br/blog/lensa-quanto-vale-a-imagem-do-usuario/","https://mclair.com.br/blog-images/capa-padrao-og.png","BBB: a guerra de ADMs e o sucesso nas redes sociais","","","lazy","sem width/height (risco de CLS)"
"https://mclair.com.br/blog/lensa-quanto-vale-a-imagem-do-usuario/","https://mclair.com.br/blog-images/capa-padrao-og.png","Insatisfeita, Geração Z não quer trabalhar mais do mesmo jeito","","","lazy","sem width/height (risco de CLS)"
"https://mclair.com.br/blog/lensa-quanto-vale-a-imagem-do-usuario/","/logos/logo-negativo.png","Mclair","","32","","sem width/height (risco de CLS) | sem atributo loading"
"https://mclair.com.br/blog/lgpd-desafios-e-a-responsabilidade-das-empresas-na-black-friday/","/logos/logo-color.png","Mclair","","","","sem width/height (risco de CLS) | sem atributo loading"
"https://mclair.com.br/blog/lgpd-desafios-e-a-responsabilidade-das-empresas-na-black-friday/","/logos/logo-white-hd.png","Mclair","","","","sem width/height (risco de CLS) | sem atributo loading"
"https://mclair.com.br/blog/lgpd-desafios-e-a-responsabilidade-das-empresas-na-black-friday/","/cases-img/claudia-elisa-1.webp","","","","eager","alt vazio (ok se decorativa) | sem width/height (risco de CLS)"
"https://mclair.com.br/blog/lgpd-desafios-e-a-responsabilidade-das-empresas-na-black-friday/","/logos/logo-icone-M.png","Mclair","120","120","","sem atributo loading"
"https://mclair.com.br/blog/lgpd-desafios-e-a-responsabilidade-das-empresas-na-black-friday/","https://mclair.com.br/blog-images/capa-padrao-og.png","","","","","alt vazio (ok se decorativa) | sem width/height (risco de CLS) | sem atributo loading"
"https://mclair.com.br/blog/lgpd-desafios-e-a-responsabilidade-das-empresas-na-black-friday/","https://mclair.com.br/blog-images/capa-padrao-og.png","A relevância dos dados e algoritmos para as pessoas e negócios","","","lazy","sem width/height (risco de CLS)"
"https://mclair.com.br/blog/lgpd-desafios-e-a-responsabilidade-das-empresas-na-black-friday/","https://mclair.com.br/blog-images/capa-padrao-og.png","A arte de transformar metas em realidade","","","lazy","sem width/height (risco de CLS)"
"https://mclair.com.br/blog/lgpd-desafios-e-a-responsabilidade-das-empresas-na-black-friday/","https://mclair.com.br/blog-images/capa-padrao-og.png","Lambda3 abre 28 vagas para desenvolvedores","","","lazy","sem width/height (risco de CLS)"
"https://mclair.com.br/blog/lgpd-desafios-e-a-responsabilidade-das-empresas-na-black-friday/","/logos/logo-negativo.png","Mclair","","32","","sem width/height (risco de CLS) | sem atributo loading"
"https://mclair.com.br/blog/lgpd-empresas-podem-ser-penalizadas-solidariamente/","/logos/logo-color.png","Mclair","","","","sem width/height (risco de CLS) | sem atributo loading"
"https://mclair.com.br/blog/lgpd-empresas-podem-ser-penalizadas-solidariamente/","/logos/logo-white-hd.png","Mclair","","","","sem width/height (risco de CLS) | sem atributo loading"
"https://mclair.com.br/blog/lgpd-empresas-podem-ser-penalizadas-solidariamente/","/cases-img/claudia-elisa-1.webp","","","","eager","alt vazio (ok se decorativa) | sem width/height (risco de CLS)"
"https://mclair.com.br/blog/lgpd-empresas-podem-ser-penalizadas-solidariamente/","/logos/logo-icone-M.png","Mclair","120","120","","sem atributo loading"
"https://mclair.com.br/blog/lgpd-empresas-podem-ser-penalizadas-solidariamente/","https://mclair.com.br/blog-images/capa-padrao-og.png","","","","","alt vazio (ok se decorativa) | sem width/height (risco de CLS) | sem atributo loading"
"https://mclair.com.br/blog/lgpd-empresas-podem-ser-penalizadas-solidariamente/","https://files.pressmanager.net/clientes/d4f4d624efad0b11b5c71668be0c65c3/imagens/2020/01/30/6bab6467c0e0d301e72b4f74cebe6c6a_medium.jpg","","","","","alt vazio (ok se decorativa) | sem width/height (risco de CLS) | sem atributo loading"
"https://mclair.com.br/blog/lgpd-empresas-podem-ser-penalizadas-solidariamente/","https://mclair.com.br/blog-images/capa-padrao-og.png","A arte de transformar metas em realidade","","","lazy","sem width/height (risco de CLS)"
"https://mclair.com.br/blog/lgpd-empresas-podem-ser-penalizadas-solidariamente/","https://mclair.com.br/blog-images/capa-padrao-og.png","Lambda3 abre 28 vagas para desenvolvedores","","","lazy","sem width/height (risco de CLS)"
"https://mclair.com.br/blog/lgpd-empresas-podem-ser-penalizadas-solidariamente/","https://mclair.com.br/blog-images/capa-padrao-og.png","O lado B da produtividade em trabalho remoto","","","lazy","sem width/height (risco de CLS)"
"https://mclair.com.br/blog/lgpd-empresas-podem-ser-penalizadas-solidariamente/","/logos/logo-negativo.png","Mclair","","32","","sem width/height (risco de CLS) | sem atributo loading"
"https://mclair.com.br/blog/lideranca-5-dicas-para-quem-deseja-assumir-o-posto/","/logos/logo-color.png","Mclair","","","","sem width/height (risco de CLS) | sem atributo loading"
"https://mclair.com.br/blog/lideranca-5-dicas-para-quem-deseja-assumir-o-posto/","/logos/logo-white-hd.png","Mclair","","","","sem width/height (risco de CLS) | sem atributo loading"
"https://mclair.com.br/blog/lideranca-5-dicas-para-quem-deseja-assumir-o-posto/","/cases-img/claudia-elisa-1.webp","","","","eager","alt vazio (ok se decorativa) | sem width/height (risco de CLS)"
"https://mclair.com.br/blog/lideranca-5-dicas-para-quem-deseja-assumir-o-posto/","/logos/logo-icone-M.png","Mclair","120","120","","sem atributo loading"
"https://mclair.com.br/blog/lideranca-5-dicas-para-quem-deseja-assumir-o-posto/","https://mclair.com.br/blog-images/capa-padrao-og.png","","","","","alt vazio (ok se decorativa) | sem width/height (risco de CLS) | sem atributo loading"
"https://mclair.com.br/blog/lideranca-5-dicas-para-quem-deseja-assumir-o-posto/","https://mclair.com.br/blog-images/capa-padrao-og.png","Os desafios e mitos sobre a transição energética","","","lazy","sem width/height (risco de CLS)"
"https://mclair.com.br/blog/lideranca-5-dicas-para-quem-deseja-assumir-o-posto/","https://mclair.com.br/blog-images/capa-padrao-og.png","RH e o futuro do trabalho: quais as tendências para os próximos 10 anos?","","","lazy","sem width/height (risco de CLS)"
"https://mclair.com.br/blog/lideranca-5-dicas-para-quem-deseja-assumir-o-posto/","https://mclair.com.br/blog-images/capa-padrao-og.png","O","","","lazy","sem width/height (risco de CLS)"
"https://mclair.com.br/blog/lideranca-5-dicas-para-quem-deseja-assumir-o-posto/","/logos/logo-negativo.png","Mclair","","32","","sem width/height (risco de CLS) | sem atributo loading"
"https://mclair.com.br/blog/lideranca-de-times-de-engenharia-de-software-e-tema-de-debate-na-codec/","/logos/logo-color.png","Mclair","","","","sem width/height (risco de CLS) | sem atributo loading"
"https://mclair.com.br/blog/lideranca-de-times-de-engenharia-de-software-e-tema-de-debate-na-codec/","/logos/logo-white-hd.png","Mclair","","","","sem width/height (risco de CLS) | sem atributo loading"
"https://mclair.com.br/blog/lideranca-de-times-de-engenharia-de-software-e-tema-de-debate-na-codec/","/cases-img/claudia-elisa-1.webp","","","","eager","alt vazio (ok se decorativa) | sem width/height (risco de CLS)"
"https://mclair.com.br/blog/lideranca-de-times-de-engenharia-de-software-e-tema-de-debate-na-codec/","/logos/logo-icone-M.png","Mclair","120","120","","sem atributo loading"
"https://mclair.com.br/blog/lideranca-de-times-de-engenharia-de-software-e-tema-de-debate-na-codec/","https://mclair.com.br/blog-images/capa-padrao-og.png","","","","","alt vazio (ok se decorativa) | sem width/height (risco de CLS) | sem atributo loading"
"https://mclair.com.br/blog/lideranca-de-times-de-engenharia-de-software-e-tema-de-debate-na-codec/","https://mclair.com.br/blog-images/capa-padrao-og.png","14/09 - Lambda3 completa 12 anos e lança podcast com olhar sobre negócios no contexto nacional","","","lazy","sem width/height (risco de CLS)"
"https://mclair.com.br/blog/lideranca-de-times-de-engenharia-de-software-e-tema-de-debate-na-codec/","https://mclair.com.br/blog-images/capa-padrao-og.png","Oportunidade de capacitação em TI: Lambda3 apresenta palestras no TDC Business","","","lazy","sem width/height (risco de CLS)"
"https://mclair.com.br/blog/lideranca-de-times-de-engenharia-de-software-e-tema-de-debate-na-codec/","https://mclair.com.br/blog-images/capa-padrao-og.png","4 erros comuns ao implementar produtos digitais","","","lazy","sem width/height (risco de CLS)"
"https://mclair.com.br/blog/lideranca-de-times-de-engenharia-de-software-e-tema-de-debate-na-codec/","/logos/logo-negativo.png","Mclair","","32","","sem width/height (risco de CLS) | sem atributo loading"
"https://mclair.com.br/blog/liderancas-femininas-profissionais-inspiradoras-explicam-os-principais/","/logos/logo-color.png","Mclair","","","","sem width/height (risco de CLS) | sem atributo loading"
"https://mclair.com.br/blog/liderancas-femininas-profissionais-inspiradoras-explicam-os-principais/","/logos/logo-white-hd.png","Mclair","","","","sem width/height (risco de CLS) | sem atributo loading"
"https://mclair.com.br/blog/liderancas-femininas-profissionais-inspiradoras-explicam-os-principais/","/cases-img/claudia-elisa-1.webp","","","","eager","alt vazio (ok se decorativa) | sem width/height (risco de CLS)"
"https://mclair.com.br/blog/liderancas-femininas-profissionais-inspiradoras-explicam-os-principais/","/logos/logo-icone-M.png","Mclair","120","120","","sem atributo loading"
"https://mclair.com.br/blog/liderancas-femininas-profissionais-inspiradoras-explicam-os-principais/","https://mclair.com.br/blog-images/capa-padrao-og.png","","","","","alt vazio (ok se decorativa) | sem width/height (risco de CLS) | sem atributo loading"
"https://mclair.com.br/blog/liderancas-femininas-profissionais-inspiradoras-explicam-os-principais/","https://mclair.com.br/blog-images/capa-padrao-og.png","Lambda3 abre 28 vagas para desenvolvedores","","","lazy","sem width/height (risco de CLS)"
"https://mclair.com.br/blog/liderancas-femininas-profissionais-inspiradoras-explicam-os-principais/","https://mclair.com.br/blog-images/capa-padrao-og.png","O lado B da produtividade em trabalho remoto","","","lazy","sem width/height (risco de CLS)"
"https://mclair.com.br/blog/liderancas-femininas-profissionais-inspiradoras-explicam-os-principais/","https://mclair.com.br/blog-images/capa-padrao-og.png","AQUARANTENADOS lança single ""Tudo vai dar certo""","","","lazy","sem width/height (risco de CLS)"
"https://mclair.com.br/blog/liderancas-femininas-profissionais-inspiradoras-explicam-os-principais/","/logos/logo-negativo.png","Mclair","","32","","sem width/height (risco de CLS) | sem atributo loading"
"https://mclair.com.br/blog/liderando-no-novo-mundo-quais-os-desafios-das-empresas-no-pos-covid-19/","/logos/logo-color.png","Mclair","","","","sem width/height (risco de CLS) | sem atributo loading"
"https://mclair.com.br/blog/liderando-no-novo-mundo-quais-os-desafios-das-empresas-no-pos-covid-19/","/logos/logo-white-hd.png","Mclair","","","","sem width/height (risco de CLS) | sem atributo loading"
"https://mclair.com.br/blog/liderando-no-novo-mundo-quais-os-desafios-das-empresas-no-pos-covid-19/","/cases-img/claudia-elisa-1.webp","","","","eager","alt vazio (ok se decorativa) | sem width/height (risco de CLS)"
"https://mclair.com.br/blog/liderando-no-novo-mundo-quais-os-desafios-das-empresas-no-pos-covid-19/","/logos/logo-icone-M.png","Mclair","120","120","","sem atributo loading"
"https://mclair.com.br/blog/liderando-no-novo-mundo-quais-os-desafios-das-empresas-no-pos-covid-19/","https://mclair.com.br/blog-images/capa-padrao-og.png","","","","","alt vazio (ok se decorativa) | sem width/height (risco de CLS) | sem atributo loading"
"https://mclair.com.br/blog/liderando-no-novo-mundo-quais-os-desafios-das-empresas-no-pos-covid-19/","https://mclair.com.br/blog-images/capa-padrao-og.png","Os desafios e mitos sobre a transição energética","","","lazy","sem width/height (risco de CLS)"
"https://mclair.com.br/blog/liderando-no-novo-mundo-quais-os-desafios-das-empresas-no-pos-covid-19/","https://mclair.com.br/blog-images/capa-padrao-og.png","RH e o futuro do trabalho: quais as tendências para os próximos 10 anos?","","","lazy","sem width/height (risco de CLS)"
"https://mclair.com.br/blog/liderando-no-novo-mundo-quais-os-desafios-das-empresas-no-pos-covid-19/","https://mclair.com.br/blog-images/capa-padrao-og.png","O","","","lazy","sem width/height (risco de CLS)"
"https://mclair.com.br/blog/liderando-no-novo-mundo-quais-os-desafios-das-empresas-no-pos-covid-19/","/logos/logo-negativo.png","Mclair","","32","","sem width/height (risco de CLS) | sem atributo loading"
"https://mclair.com.br/blog/marketing-digital-4-series-da-netflix-para-maratonar-nas-ferias/","/logos/logo-color.png","Mclair","","","","sem width/height (risco de CLS) | sem atributo loading"
"https://mclair.com.br/blog/marketing-digital-4-series-da-netflix-para-maratonar-nas-ferias/","/logos/logo-white-hd.png","Mclair","","","","sem width/height (risco de CLS) | sem atributo loading"
"https://mclair.com.br/blog/marketing-digital-4-series-da-netflix-para-maratonar-nas-ferias/","/cases-img/claudia-elisa-1.webp","","","","eager","alt vazio (ok se decorativa) | sem width/height (risco de CLS)"
"https://mclair.com.br/blog/marketing-digital-4-series-da-netflix-para-maratonar-nas-ferias/","/logos/logo-icone-M.png","Mclair","120","120","","sem atributo loading"
"https://mclair.com.br/blog/marketing-digital-4-series-da-netflix-para-maratonar-nas-ferias/","https://mclair.com.br/blog-images/capa-padrao-og.png","","","","","alt vazio (ok se decorativa) | sem width/height (risco de CLS) | sem atributo loading"
"https://mclair.com.br/blog/marketing-digital-4-series-da-netflix-para-maratonar-nas-ferias/","https://mclair.com.br/blog-images/capa-padrao-og.png","Cubo Comunicação anuncia rebranding e plano de expansão para a Europa","","","lazy","sem width/height (risco de CLS)"
"https://mclair.com.br/blog/marketing-digital-4-series-da-netflix-para-maratonar-nas-ferias/","https://mclair.com.br/blog-images/capa-padrao-og.png","BBB: a guerra de ADMs e o sucesso nas redes sociais","","","lazy","sem width/height (risco de CLS)"
"https://mclair.com.br/blog/marketing-digital-4-series-da-netflix-para-maratonar-nas-ferias/","https://mclair.com.br/blog-images/capa-padrao-og.png","Insatisfeita, Geração Z não quer trabalhar mais do mesmo jeito","","","lazy","sem width/height (risco de CLS)"
"https://mclair.com.br/blog/marketing-digital-4-series-da-netflix-para-maratonar-nas-ferias/","/logos/logo-negativo.png","Mclair","","32","","sem width/height (risco de CLS) | sem atributo loading"
"https://mclair.com.br/blog/marketing-para-farmacias-conheca-os-pilares-para-uma-estrategia-de-suc/","/logos/logo-color.png","Mclair","","","","sem width/height (risco de CLS) | sem atributo loading"
"https://mclair.com.br/blog/marketing-para-farmacias-conheca-os-pilares-para-uma-estrategia-de-suc/","/logos/logo-white-hd.png","Mclair","","","","sem width/height (risco de CLS) | sem atributo loading"
"https://mclair.com.br/blog/marketing-para-farmacias-conheca-os-pilares-para-uma-estrategia-de-suc/","/cases-img/claudia-elisa-1.webp","","","","eager","alt vazio (ok se decorativa) | sem width/height (risco de CLS)"
"https://mclair.com.br/blog/marketing-para-farmacias-conheca-os-pilares-para-uma-estrategia-de-suc/","/logos/logo-icone-M.png","Mclair","120","120","","sem atributo loading"
"https://mclair.com.br/blog/marketing-para-farmacias-conheca-os-pilares-para-uma-estrategia-de-suc/","https://mclair.com.br/blog-images/capa-padrao-og.png","","","","","alt vazio (ok se decorativa) | sem width/height (risco de CLS) | sem atributo loading"
"https://mclair.com.br/blog/marketing-para-farmacias-conheca-os-pilares-para-uma-estrategia-de-suc/","https://mclair.com.br/blog-images/capa-padrao-og.png","Lambda3 abre 28 vagas para desenvolvedores","","","lazy","sem width/height (risco de CLS)"
"https://mclair.com.br/blog/marketing-para-farmacias-conheca-os-pilares-para-uma-estrategia-de-suc/","https://mclair.com.br/blog-images/capa-padrao-og.png","O lado B da produtividade em trabalho remoto","","","lazy","sem width/height (risco de CLS)"
"https://mclair.com.br/blog/marketing-para-farmacias-conheca-os-pilares-para-uma-estrategia-de-suc/","https://mclair.com.br/blog-images/capa-padrao-og.png","AQUARANTENADOS lança single ""Tudo vai dar certo""","","","lazy","sem width/height (risco de CLS)"
"https://mclair.com.br/blog/marketing-para-farmacias-conheca-os-pilares-para-uma-estrategia-de-suc/","/logos/logo-negativo.png","Mclair","","32","","sem width/height (risco de CLS) | sem atributo loading"
"https://mclair.com.br/blog/maternidade-e-trabalho-um-mes-para-nos-e-todos-os-outros-dias-de-luta/","/logos/logo-color.png","Mclair","","","","sem width/height (risco de CLS) | sem atributo loading"
"https://mclair.com.br/blog/maternidade-e-trabalho-um-mes-para-nos-e-todos-os-outros-dias-de-luta/","/logos/logo-white-hd.png","Mclair","","","","sem width/height (risco de CLS) | sem atributo loading"
"https://mclair.com.br/blog/maternidade-e-trabalho-um-mes-para-nos-e-todos-os-outros-dias-de-luta/","/cases-img/claudia-elisa-1.webp","","","","eager","alt vazio (ok se decorativa) | sem width/height (risco de CLS)"
"https://mclair.com.br/blog/maternidade-e-trabalho-um-mes-para-nos-e-todos-os-outros-dias-de-luta/","/logos/logo-icone-M.png","Mclair","120","120","","sem atributo loading"
"https://mclair.com.br/blog/maternidade-e-trabalho-um-mes-para-nos-e-todos-os-outros-dias-de-luta/","https://mclair.com.br/blog-images/capa-padrao-og.png","","","","","alt vazio (ok se decorativa) | sem width/height (risco de CLS) | sem atributo loading"
"https://mclair.com.br/blog/maternidade-e-trabalho-um-mes-para-nos-e-todos-os-outros-dias-de-luta/","https://mclair.com.br/blog-images/capa-padrao-og.png","A arte de transformar metas em realidade","","","lazy","sem width/height (risco de CLS)"
"https://mclair.com.br/blog/maternidade-e-trabalho-um-mes-para-nos-e-todos-os-outros-dias-de-luta/","https://mclair.com.br/blog-images/capa-padrao-og.png","Lambda3 abre 28 vagas para desenvolvedores","","","lazy","sem width/height (risco de CLS)"
"https://mclair.com.br/blog/maternidade-e-trabalho-um-mes-para-nos-e-todos-os-outros-dias-de-luta/","https://mclair.com.br/blog-images/capa-padrao-og.png","O lado B da produtividade em trabalho remoto","","","lazy","sem width/height (risco de CLS)"
"https://mclair.com.br/blog/maternidade-e-trabalho-um-mes-para-nos-e-todos-os-outros-dias-de-luta/","/logos/logo-negativo.png","Mclair","","32","","sem width/height (risco de CLS) | sem atributo loading"
"https://mclair.com.br/blog/mclair-anuncia-spin-off-para-desenvolvimento-web-e-tecnologico/","/logos/logo-color.png","Mclair","","","","sem width/height (risco de CLS) | sem atributo loading"
"https://mclair.com.br/blog/mclair-anuncia-spin-off-para-desenvolvimento-web-e-tecnologico/","/logos/logo-white-hd.png","Mclair","","","","sem width/height (risco de CLS) | sem atributo loading"
"https://mclair.com.br/blog/mclair-anuncia-spin-off-para-desenvolvimento-web-e-tecnologico/","/cases-img/claudia-elisa-1.webp","","","","eager","alt vazio (ok se decorativa) | sem width/height (risco de CLS)"
"https://mclair.com.br/blog/mclair-anuncia-spin-off-para-desenvolvimento-web-e-tecnologico/","/logos/logo-icone-M.png","Mclair","120","120","","sem atributo loading"
"https://mclair.com.br/blog/mclair-anuncia-spin-off-para-desenvolvimento-web-e-tecnologico/","https://mclair.com.br/blog-images/capa-padrao-og.png","","","","","alt vazio (ok se decorativa) | sem width/height (risco de CLS) | sem atributo loading"
"https://mclair.com.br/blog/mclair-anuncia-spin-off-para-desenvolvimento-web-e-tecnologico/","https://mclair.com.br/blog-images/capa-padrao-og.png","Lambda3 abre 28 vagas para desenvolvedores","","","lazy","sem width/height (risco de CLS)"
"https://mclair.com.br/blog/mclair-anuncia-spin-off-para-desenvolvimento-web-e-tecnologico/","https://mclair.com.br/blog-images/capa-padrao-og.png","O lado B da produtividade em trabalho remoto","","","lazy","sem width/height (risco de CLS)"
"https://mclair.com.br/blog/mclair-anuncia-spin-off-para-desenvolvimento-web-e-tecnologico/","https://mclair.com.br/blog-images/capa-padrao-og.png","AQUARANTENADOS lança single ""Tudo vai dar certo""","","","lazy","sem width/height (risco de CLS)"
"https://mclair.com.br/blog/mclair-anuncia-spin-off-para-desenvolvimento-web-e-tecnologico/","/logos/logo-negativo.png","Mclair","","32","","sem width/height (risco de CLS) | sem atributo loading"
"https://mclair.com.br/blog/mclair-comunicacao-e-a-nova-assessoria-de-imprensa-do-programa-brazil-/","/logos/logo-color.png","Mclair","","","","sem width/height (risco de CLS) | sem atributo loading"
"https://mclair.com.br/blog/mclair-comunicacao-e-a-nova-assessoria-de-imprensa-do-programa-brazil-/","/logos/logo-white-hd.png","Mclair","","","","sem width/height (risco de CLS) | sem atributo loading"
"https://mclair.com.br/blog/mclair-comunicacao-e-a-nova-assessoria-de-imprensa-do-programa-brazil-/","/cases-img/claudia-elisa-1.webp","","","","eager","alt vazio (ok se decorativa) | sem width/height (risco de CLS)"
"https://mclair.com.br/blog/mclair-comunicacao-e-a-nova-assessoria-de-imprensa-do-programa-brazil-/","/logos/logo-icone-M.png","Mclair","120","120","","sem atributo loading"
"https://mclair.com.br/blog/mclair-comunicacao-e-a-nova-assessoria-de-imprensa-do-programa-brazil-/","https://mclair.com.br/blog-images/capa-padrao-og.png","","","","","alt vazio (ok se decorativa) | sem width/height (risco de CLS) | sem atributo loading"
"https://mclair.com.br/blog/mclair-comunicacao-e-a-nova-assessoria-de-imprensa-do-programa-brazil-/","https://mclair.com.br/blog-images/capa-padrao-og.png","Lambda3 abre 28 vagas para desenvolvedores","","","lazy","sem width/height (risco de CLS)"
"https://mclair.com.br/blog/mclair-comunicacao-e-a-nova-assessoria-de-imprensa-do-programa-brazil-/","https://mclair.com.br/blog-images/capa-padrao-og.png","O lado B da produtividade em trabalho remoto","","","lazy","sem width/height (risco de CLS)"
"https://mclair.com.br/blog/mclair-comunicacao-e-a-nova-assessoria-de-imprensa-do-programa-brazil-/","https://mclair.com.br/blog-images/capa-padrao-og.png","AQUARANTENADOS lança single ""Tudo vai dar certo""","","","lazy","sem width/height (risco de CLS)"
"https://mclair.com.br/blog/mclair-comunicacao-e-a-nova-assessoria-de-imprensa-do-programa-brazil-/","/logos/logo-negativo.png","Mclair","","32","","sem width/height (risco de CLS) | sem atributo loading"
"https://mclair.com.br/blog/mentalidade-de-abundancia-transforma-a-lideranca/","/logos/logo-color.png","Mclair","","","","sem width/height (risco de CLS) | sem atributo loading"
"https://mclair.com.br/blog/mentalidade-de-abundancia-transforma-a-lideranca/","/logos/logo-white-hd.png","Mclair","","","","sem width/height (risco de CLS) | sem atributo loading"
"https://mclair.com.br/blog/mentalidade-de-abundancia-transforma-a-lideranca/","/cases-img/claudia-elisa-1.webp","","","","eager","alt vazio (ok se decorativa) | sem width/height (risco de CLS)"
"https://mclair.com.br/blog/mentalidade-de-abundancia-transforma-a-lideranca/","/logos/logo-icone-M.png","Mclair","120","120","","sem atributo loading"
"https://mclair.com.br/blog/mentalidade-de-abundancia-transforma-a-lideranca/","https://mclair.com.br/blog-images/capa-padrao-og.png","","","","","alt vazio (ok se decorativa) | sem width/height (risco de CLS) | sem atributo loading"
"https://mclair.com.br/blog/mentalidade-de-abundancia-transforma-a-lideranca/","https://mclair.com.br/blog-images/capa-padrao-og.png","Os desafios e mitos sobre a transição energética","","","lazy","sem width/height (risco de CLS)"
"https://mclair.com.br/blog/mentalidade-de-abundancia-transforma-a-lideranca/","https://mclair.com.br/blog-images/capa-padrao-og.png","RH e o futuro do trabalho: quais as tendências para os próximos 10 anos?","","","lazy","sem width/height (risco de CLS)"
"https://mclair.com.br/blog/mentalidade-de-abundancia-transforma-a-lideranca/","https://mclair.com.br/blog-images/capa-padrao-og.png","O","","","lazy","sem width/height (risco de CLS)"
"https://mclair.com.br/blog/mentalidade-de-abundancia-transforma-a-lideranca/","/logos/logo-negativo.png","Mclair","","32","","sem width/height (risco de CLS) | sem atributo loading"
"https://mclair.com.br/blog/microsservicos-evidenciam-impactos-em-escalabilidade-para-o-negocio/","/logos/logo-color.png","Mclair","","","","sem width/height (risco de CLS) | sem atributo loading"
"https://mclair.com.br/blog/microsservicos-evidenciam-impactos-em-escalabilidade-para-o-negocio/","/logos/logo-white-hd.png","Mclair","","","","sem width/height (risco de CLS) | sem atributo loading"
"https://mclair.com.br/blog/microsservicos-evidenciam-impactos-em-escalabilidade-para-o-negocio/","/cases-img/claudia-elisa-1.webp","","","","eager","alt vazio (ok se decorativa) | sem width/height (risco de CLS)"
"https://mclair.com.br/blog/microsservicos-evidenciam-impactos-em-escalabilidade-para-o-negocio/","/logos/logo-icone-M.png","Mclair","120","120","","sem atributo loading"
"https://mclair.com.br/blog/microsservicos-evidenciam-impactos-em-escalabilidade-para-o-negocio/","https://mclair.com.br/blog-images/capa-padrao-og.png","","","","","alt vazio (ok se decorativa) | sem width/height (risco de CLS) | sem atributo loading"
"https://mclair.com.br/blog/microsservicos-evidenciam-impactos-em-escalabilidade-para-o-negocio/","https://mclair.com.br/blog-images/capa-padrao-og.png","Como evitar o transtorno com roubo de smartphones e dados","","","lazy","sem width/height (risco de CLS)"
"https://mclair.com.br/blog/microsservicos-evidenciam-impactos-em-escalabilidade-para-o-negocio/","https://mclair.com.br/blog-images/capa-padrao-og.png","Como evitar o comércio milionário de ataques cibernéticos","","","lazy","sem width/height (risco de CLS)"
"https://mclair.com.br/blog/microsservicos-evidenciam-impactos-em-escalabilidade-para-o-negocio/","https://mclair.com.br/blog-images/capa-padrao-og.png","O impacto dos microsserviços para o mercado e o consumidor","","","lazy","sem width/height (risco de CLS)"
"https://mclair.com.br/blog/microsservicos-evidenciam-impactos-em-escalabilidade-para-o-negocio/","/logos/logo-negativo.png","Mclair","","32","","sem width/height (risco de CLS) | sem atributo loading"
"https://mclair.com.br/blog/migracao-para-nuvem-e-negocios-digitais-afinal-os-impactos-nao-sao-ape/","/logos/logo-color.png","Mclair","","","","sem width/height (risco de CLS) | sem atributo loading"
"https://mclair.com.br/blog/migracao-para-nuvem-e-negocios-digitais-afinal-os-impactos-nao-sao-ape/","/logos/logo-white-hd.png","Mclair","","","","sem width/height (risco de CLS) | sem atributo loading"
"https://mclair.com.br/blog/migracao-para-nuvem-e-negocios-digitais-afinal-os-impactos-nao-sao-ape/","/cases-img/claudia-elisa-1.webp","","","","eager","alt vazio (ok se decorativa) | sem width/height (risco de CLS)"
"https://mclair.com.br/blog/migracao-para-nuvem-e-negocios-digitais-afinal-os-impactos-nao-sao-ape/","/logos/logo-icone-M.png","Mclair","120","120","","sem atributo loading"
"https://mclair.com.br/blog/migracao-para-nuvem-e-negocios-digitais-afinal-os-impactos-nao-sao-ape/","https://mclair.com.br/blog-images/capa-padrao-og.png","","","","","alt vazio (ok se decorativa) | sem width/height (risco de CLS) | sem atributo loading"
"https://mclair.com.br/blog/migracao-para-nuvem-e-negocios-digitais-afinal-os-impactos-nao-sao-ape/","https://mclair.com.br/blog-images/capa-padrao-og.png","A arte de transformar metas em realidade","","","lazy","sem width/height (risco de CLS)"
"https://mclair.com.br/blog/migracao-para-nuvem-e-negocios-digitais-afinal-os-impactos-nao-sao-ape/","https://mclair.com.br/blog-images/capa-padrao-og.png","Lambda3 abre 28 vagas para desenvolvedores","","","lazy","sem width/height (risco de CLS)"
"https://mclair.com.br/blog/migracao-para-nuvem-e-negocios-digitais-afinal-os-impactos-nao-sao-ape/","https://mclair.com.br/blog-images/capa-padrao-og.png","O lado B da produtividade em trabalho remoto","","","lazy","sem width/height (risco de CLS)"
"https://mclair.com.br/blog/migracao-para-nuvem-e-negocios-digitais-afinal-os-impactos-nao-sao-ape/","/logos/logo-negativo.png","Mclair","","32","","sem width/height (risco de CLS) | sem atributo loading"
"https://mclair.com.br/blog/mineracao-industria-de-maquinas-e-equipamentos-estima-us-11-6-milhoes-/","/logos/logo-color.png","Mclair","","","","sem width/height (risco de CLS) | sem atributo loading"
"https://mclair.com.br/blog/mineracao-industria-de-maquinas-e-equipamentos-estima-us-11-6-milhoes-/","/logos/logo-white-hd.png","Mclair","","","","sem width/height (risco de CLS) | sem atributo loading"
"https://mclair.com.br/blog/mineracao-industria-de-maquinas-e-equipamentos-estima-us-11-6-milhoes-/","/cases-img/claudia-elisa-1.webp","","","","eager","alt vazio (ok se decorativa) | sem width/height (risco de CLS)"
"https://mclair.com.br/blog/mineracao-industria-de-maquinas-e-equipamentos-estima-us-11-6-milhoes-/","/logos/logo-icone-M.png","Mclair","120","120","","sem atributo loading"
"https://mclair.com.br/blog/mineracao-industria-de-maquinas-e-equipamentos-estima-us-11-6-milhoes-/","https://mclair.com.br/blog-images/capa-padrao-og.png","","","","","alt vazio (ok se decorativa) | sem width/height (risco de CLS) | sem atributo loading"
"https://mclair.com.br/blog/mineracao-industria-de-maquinas-e-equipamentos-estima-us-11-6-milhoes-/","https://mclair.com.br/blog-images/capa-padrao-og.png","AGRO: Indústrias brasileiras de máquinas e equipamentos buscam expansão no mercado africano","","","lazy","sem width/height (risco de CLS)"
"https://mclair.com.br/blog/mineracao-industria-de-maquinas-e-equipamentos-estima-us-11-6-milhoes-/","https://mclair.com.br/blog-images/capa-padrao-og.png","Indústria de máquinas projeta USD 15 MI em negócios  internacionais durante Agrishow 2023","","","lazy","sem width/height (risco de CLS)"
"https://mclair.com.br/blog/mineracao-industria-de-maquinas-e-equipamentos-estima-us-11-6-milhoes-/","https://mclair.com.br/blog-images/capa-padrao-og.png","Referência mundial em tecnologia para o campo, Brasil apresenta máquinas e implementos agrícolas ao mercado colombiano","","","lazy","sem width/height (risco de CLS)"
"https://mclair.com.br/blog/mineracao-industria-de-maquinas-e-equipamentos-estima-us-11-6-milhoes-/","/logos/logo-negativo.png","Mclair","","32","","sem width/height (risco de CLS) | sem atributo loading"
"https://mclair.com.br/blog/mineracao-rodada-de-negocios-internacional-supera-expectativas-e-alcan/","/logos/logo-color.png","Mclair","","","","sem width/height (risco de CLS) | sem atributo loading"
"https://mclair.com.br/blog/mineracao-rodada-de-negocios-internacional-supera-expectativas-e-alcan/","/logos/logo-white-hd.png","Mclair","","","","sem width/height (risco de CLS) | sem atributo loading"
"https://mclair.com.br/blog/mineracao-rodada-de-negocios-internacional-supera-expectativas-e-alcan/","/cases-img/claudia-elisa-1.webp","","","","eager","alt vazio (ok se decorativa) | sem width/height (risco de CLS)"
"https://mclair.com.br/blog/mineracao-rodada-de-negocios-internacional-supera-expectativas-e-alcan/","/logos/logo-icone-M.png","Mclair","120","120","","sem atributo loading"
"https://mclair.com.br/blog/mineracao-rodada-de-negocios-internacional-supera-expectativas-e-alcan/","https://mclair.com.br/blog-images/capa-padrao-og.png","","","","","alt vazio (ok se decorativa) | sem width/height (risco de CLS) | sem atributo loading"
"https://mclair.com.br/blog/mineracao-rodada-de-negocios-internacional-supera-expectativas-e-alcan/","https://mclair.com.br/blog-images/capa-padrao-og.png","AGRO: Indústrias brasileiras de máquinas e equipamentos buscam expansão no mercado africano","","","lazy","sem width/height (risco de CLS)"
"https://mclair.com.br/blog/mineracao-rodada-de-negocios-internacional-supera-expectativas-e-alcan/","https://mclair.com.br/blog-images/capa-padrao-og.png","Indústria de máquinas projeta USD 15 MI em negócios  internacionais durante Agrishow 2023","","","lazy","sem width/height (risco de CLS)"
"https://mclair.com.br/blog/mineracao-rodada-de-negocios-internacional-supera-expectativas-e-alcan/","https://mclair.com.br/blog-images/capa-padrao-og.png","Mineração: indústria de máquinas e equipamentos estima US$11,6 milhões em exportações","","","lazy","sem width/height (risco de CLS)"
"https://mclair.com.br/blog/mineracao-rodada-de-negocios-internacional-supera-expectativas-e-alcan/","/logos/logo-negativo.png","Mclair","","32","","sem width/height (risco de CLS) | sem atributo loading"
"https://mclair.com.br/blog/mis-recebe-exposicao-de-arte-urbana-no-dia-4/","/logos/logo-color.png","Mclair","","","","sem width/height (risco de CLS) | sem atributo loading"
"https://mclair.com.br/blog/mis-recebe-exposicao-de-arte-urbana-no-dia-4/","/logos/logo-white-hd.png","Mclair","","","","sem width/height (risco de CLS) | sem atributo loading"
"https://mclair.com.br/blog/mis-recebe-exposicao-de-arte-urbana-no-dia-4/","/cases-img/claudia-elisa-1.webp","","","","eager","alt vazio (ok se decorativa) | sem width/height (risco de CLS)"
"https://mclair.com.br/blog/mis-recebe-exposicao-de-arte-urbana-no-dia-4/","/logos/logo-icone-M.png","Mclair","120","120","","sem atributo loading"
"https://mclair.com.br/blog/mis-recebe-exposicao-de-arte-urbana-no-dia-4/","https://mclair.com.br/blog-images/capa-padrao-og.png","","","","","alt vazio (ok se decorativa) | sem width/height (risco de CLS) | sem atributo loading"
"https://mclair.com.br/blog/mis-recebe-exposicao-de-arte-urbana-no-dia-4/","https://mclair.com.br/blog-images/capa-padrao-og.png","Artista catarinense vence a 3ª edição da Galeria Consigaz","","","lazy","sem width/height (risco de CLS)"
"https://mclair.com.br/blog/mis-recebe-exposicao-de-arte-urbana-no-dia-4/","https://mclair.com.br/blog-images/capa-padrao-og.png","GALERIA CONSIGAZ busca talentos brasileiros da arte urbana","","","lazy","sem width/height (risco de CLS)"
"https://mclair.com.br/blog/mis-recebe-exposicao-de-arte-urbana-no-dia-4/","https://mclair.com.br/blog-images/capa-padrao-og.png","A arte de transformar metas em realidade","","","lazy","sem width/height (risco de CLS)"
"https://mclair.com.br/blog/mis-recebe-exposicao-de-arte-urbana-no-dia-4/","/logos/logo-negativo.png","Mclair","","32","","sem width/height (risco de CLS) | sem atributo loading"
"https://mclair.com.br/blog/missao-angola-como-a-quinto-andar-me-ajudou-a-vender-milho-na-africa/","/logos/logo-color.png","Mclair","","","","sem width/height (risco de CLS) | sem atributo loading"
"https://mclair.com.br/blog/missao-angola-como-a-quinto-andar-me-ajudou-a-vender-milho-na-africa/","/logos/logo-white-hd.png","Mclair","","","","sem width/height (risco de CLS) | sem atributo loading"
"https://mclair.com.br/blog/missao-angola-como-a-quinto-andar-me-ajudou-a-vender-milho-na-africa/","/cases-img/claudia-elisa-1.webp","","","","eager","alt vazio (ok se decorativa) | sem width/height (risco de CLS)"
"https://mclair.com.br/blog/missao-angola-como-a-quinto-andar-me-ajudou-a-vender-milho-na-africa/","/logos/logo-icone-M.png","Mclair","120","120","","sem atributo loading"
"https://mclair.com.br/blog/missao-angola-como-a-quinto-andar-me-ajudou-a-vender-milho-na-africa/","https://mclair.com.br/blog-images/capa-padrao-og.png","","","","","alt vazio (ok se decorativa) | sem width/height (risco de CLS) | sem atributo loading"
"https://mclair.com.br/blog/missao-angola-como-a-quinto-andar-me-ajudou-a-vender-milho-na-africa/","/uploads/recovered-dona-coruja-e-sua-marca-propria.jpg","Dona Coruja e sua marca própria","","","lazy","sem width/height (risco de CLS)"
"https://mclair.com.br/blog/missao-angola-como-a-quinto-andar-me-ajudou-a-vender-milho-na-africa/","/uploads/recovered-o-growth-e-eu-acelerando.png","O Growth e eu: Acelerando!","","","lazy","sem width/height (risco de CLS)"
"https://mclair.com.br/blog/missao-angola-como-a-quinto-andar-me-ajudou-a-vender-milho-na-africa/","https://mclair.com.br/blog-images/capa-padrao-og.png","A arte de transformar metas em realidade","","","lazy","sem width/height (risco de CLS)"
"https://mclair.com.br/blog/missao-angola-como-a-quinto-andar-me-ajudou-a-vender-milho-na-africa/","/logos/logo-negativo.png","Mclair","","32","","sem width/height (risco de CLS) | sem atributo loading"
"https://mclair.com.br/blog/momentos-de-crise-exigem-liderancas-inteligentes/","/logos/logo-color.png","Mclair","","","","sem width/height (risco de CLS) | sem atributo loading"
"https://mclair.com.br/blog/momentos-de-crise-exigem-liderancas-inteligentes/","/logos/logo-white-hd.png","Mclair","","","","sem width/height (risco de CLS) | sem atributo loading"
"https://mclair.com.br/blog/momentos-de-crise-exigem-liderancas-inteligentes/","/cases-img/claudia-elisa-1.webp","","","","eager","alt vazio (ok se decorativa) | sem width/height (risco de CLS)"
"https://mclair.com.br/blog/momentos-de-crise-exigem-liderancas-inteligentes/","/logos/logo-icone-M.png","Mclair","120","120","","sem atributo loading"
"https://mclair.com.br/blog/momentos-de-crise-exigem-liderancas-inteligentes/","https://mclair.com.br/blog-images/capa-padrao-og.png","","","","","alt vazio (ok se decorativa) | sem width/height (risco de CLS) | sem atributo loading"
"https://mclair.com.br/blog/momentos-de-crise-exigem-liderancas-inteligentes/","https://mclair.com.br/blog-images/capa-padrao-og.png","Os parâmetros para produtividade foram redefinidos","","","lazy","sem width/height (risco de CLS)"
"https://mclair.com.br/blog/momentos-de-crise-exigem-liderancas-inteligentes/","https://mclair.com.br/blog-images/capa-padrao-og.png","Computadores não vencem humanos em debates... Por enquanto!","","","lazy","sem width/height (risco de CLS)"
"https://mclair.com.br/blog/momentos-de-crise-exigem-liderancas-inteligentes/","https://mclair.com.br/blog-images/capa-padrao-og.png","Empresas modernas serão, cada vez mais, empresas de software","","","lazy","sem width/height (risco de CLS)"
"https://mclair.com.br/blog/momentos-de-crise-exigem-liderancas-inteligentes/","/logos/logo-negativo.png","Mclair","","32","","sem width/height (risco de CLS) | sem atributo loading"
"https://mclair.com.br/blog/moto-clube-brasileiro-promove-campanha-mundial-de-doacao-de-sangue/","/logos/logo-color.png","Mclair","","","","sem width/height (risco de CLS) | sem atributo loading"
"https://mclair.com.br/blog/moto-clube-brasileiro-promove-campanha-mundial-de-doacao-de-sangue/","/logos/logo-white-hd.png","Mclair","","","","sem width/height (risco de CLS) | sem atributo loading"
"https://mclair.com.br/blog/moto-clube-brasileiro-promove-campanha-mundial-de-doacao-de-sangue/","/cases-img/claudia-elisa-1.webp","","","","eager","alt vazio (ok se decorativa) | sem width/height (risco de CLS)"
"https://mclair.com.br/blog/moto-clube-brasileiro-promove-campanha-mundial-de-doacao-de-sangue/","/logos/logo-icone-M.png","Mclair","120","120","","sem atributo loading"
"https://mclair.com.br/blog/moto-clube-brasileiro-promove-campanha-mundial-de-doacao-de-sangue/","https://mclair.com.br/blog-images/capa-padrao-og.png","","","","","alt vazio (ok se decorativa) | sem width/height (risco de CLS) | sem atributo loading"
"https://mclair.com.br/blog/moto-clube-brasileiro-promove-campanha-mundial-de-doacao-de-sangue/","https://mclair.com.br/blog-images/capa-padrao-og.png","A arte de transformar metas em realidade","","","lazy","sem width/height (risco de CLS)"
"https://mclair.com.br/blog/moto-clube-brasileiro-promove-campanha-mundial-de-doacao-de-sangue/","https://mclair.com.br/blog-images/capa-padrao-og.png","Lambda3 abre 28 vagas para desenvolvedores","","","lazy","sem width/height (risco de CLS)"
"https://mclair.com.br/blog/moto-clube-brasileiro-promove-campanha-mundial-de-doacao-de-sangue/","https://mclair.com.br/blog-images/capa-padrao-og.png","O lado B da produtividade em trabalho remoto","","","lazy","sem width/height (risco de CLS)"
"https://mclair.com.br/blog/moto-clube-brasileiro-promove-campanha-mundial-de-doacao-de-sangue/","/logos/logo-negativo.png","Mclair","","32","","sem width/height (risco de CLS) | sem atributo loading"
"https://mclair.com.br/blog/mulheres-na-gestao-usem-a-projecao-da-voz-a-seu-favor/","/logos/logo-color.png","Mclair","","","","sem width/height (risco de CLS) | sem atributo loading"
"https://mclair.com.br/blog/mulheres-na-gestao-usem-a-projecao-da-voz-a-seu-favor/","/logos/logo-white-hd.png","Mclair","","","","sem width/height (risco de CLS) | sem atributo loading"
"https://mclair.com.br/blog/mulheres-na-gestao-usem-a-projecao-da-voz-a-seu-favor/","/cases-img/claudia-elisa-1.webp","","","","eager","alt vazio (ok se decorativa) | sem width/height (risco de CLS)"
"https://mclair.com.br/blog/mulheres-na-gestao-usem-a-projecao-da-voz-a-seu-favor/","/logos/logo-icone-M.png","Mclair","120","120","","sem atributo loading"
"https://mclair.com.br/blog/mulheres-na-gestao-usem-a-projecao-da-voz-a-seu-favor/","https://mclair.com.br/blog-images/capa-padrao-og.png","","","","","alt vazio (ok se decorativa) | sem width/height (risco de CLS) | sem atributo loading"
"https://mclair.com.br/blog/mulheres-na-gestao-usem-a-projecao-da-voz-a-seu-favor/","https://mclair.com.br/blog-images/capa-padrao-og.png","Os desafios e mitos sobre a transição energética","","","lazy","sem width/height (risco de CLS)"
"https://mclair.com.br/blog/mulheres-na-gestao-usem-a-projecao-da-voz-a-seu-favor/","https://mclair.com.br/blog-images/capa-padrao-og.png","RH e o futuro do trabalho: quais as tendências para os próximos 10 anos?","","","lazy","sem width/height (risco de CLS)"
"https://mclair.com.br/blog/mulheres-na-gestao-usem-a-projecao-da-voz-a-seu-favor/","https://mclair.com.br/blog-images/capa-padrao-og.png","O","","","lazy","sem width/height (risco de CLS)"
"https://mclair.com.br/blog/mulheres-na-gestao-usem-a-projecao-da-voz-a-seu-favor/","/logos/logo-negativo.png","Mclair","","32","","sem width/height (risco de CLS) | sem atributo loading"
"https://mclair.com.br/blog/nao-caia-na-armadilha-da-massificacao-da-inteligencia-artificial/","/logos/logo-color.png","Mclair","","","","sem width/height (risco de CLS) | sem atributo loading"
"https://mclair.com.br/blog/nao-caia-na-armadilha-da-massificacao-da-inteligencia-artificial/","/logos/logo-white-hd.png","Mclair","","","","sem width/height (risco de CLS) | sem atributo loading"
"https://mclair.com.br/blog/nao-caia-na-armadilha-da-massificacao-da-inteligencia-artificial/","/cases-img/claudia-elisa-1.webp","","","","eager","alt vazio (ok se decorativa) | sem width/height (risco de CLS)"
"https://mclair.com.br/blog/nao-caia-na-armadilha-da-massificacao-da-inteligencia-artificial/","/logos/logo-icone-M.png","Mclair","120","120","","sem atributo loading"
"https://mclair.com.br/blog/nao-caia-na-armadilha-da-massificacao-da-inteligencia-artificial/","https://mclair.com.br/blog-images/capa-padrao-og.png","","","","","alt vazio (ok se decorativa) | sem width/height (risco de CLS) | sem atributo loading"
"https://mclair.com.br/blog/nao-caia-na-armadilha-da-massificacao-da-inteligencia-artificial/","https://mclair.com.br/blog-images/capa-padrao-og.png","Ted Lasso: Por que a série é um case de branded content?","","","lazy","sem width/height (risco de CLS)"
"https://mclair.com.br/blog/nao-caia-na-armadilha-da-massificacao-da-inteligencia-artificial/","https://mclair.com.br/blog-images/capa-padrao-og.png","A arte de transformar metas em realidade","","","lazy","sem width/height (risco de CLS)"
"https://mclair.com.br/blog/nao-caia-na-armadilha-da-massificacao-da-inteligencia-artificial/","https://mclair.com.br/blog-images/capa-padrao-og.png","Lambda3 abre 28 vagas para desenvolvedores","","","lazy","sem width/height (risco de CLS)"
"https://mclair.com.br/blog/nao-caia-na-armadilha-da-massificacao-da-inteligencia-artificial/","/logos/logo-negativo.png","Mclair","","32","","sem width/height (risco de CLS) | sem atributo loading"
"https://mclair.com.br/blog/negocios-digitais-os-6ds-cruciais-para-a-inovacao-exponencial/","/logos/logo-color.png","Mclair","","","","sem width/height (risco de CLS) | sem atributo loading"
"https://mclair.com.br/blog/negocios-digitais-os-6ds-cruciais-para-a-inovacao-exponencial/","/logos/logo-white-hd.png","Mclair","","","","sem width/height (risco de CLS) | sem atributo loading"
"https://mclair.com.br/blog/negocios-digitais-os-6ds-cruciais-para-a-inovacao-exponencial/","/cases-img/claudia-elisa-1.webp","","","","eager","alt vazio (ok se decorativa) | sem width/height (risco de CLS)"
"https://mclair.com.br/blog/negocios-digitais-os-6ds-cruciais-para-a-inovacao-exponencial/","/logos/logo-icone-M.png","Mclair","120","120","","sem atributo loading"
"https://mclair.com.br/blog/negocios-digitais-os-6ds-cruciais-para-a-inovacao-exponencial/","https://mclair.com.br/blog-images/capa-padrao-og.png","","","","","alt vazio (ok se decorativa) | sem width/height (risco de CLS) | sem atributo loading"
"https://mclair.com.br/blog/negocios-digitais-os-6ds-cruciais-para-a-inovacao-exponencial/","https://mclair.com.br/blog-images/capa-padrao-og.png","Lambda3 abre 28 vagas para desenvolvedores","","","lazy","sem width/height (risco de CLS)"
"https://mclair.com.br/blog/negocios-digitais-os-6ds-cruciais-para-a-inovacao-exponencial/","https://mclair.com.br/blog-images/capa-padrao-og.png","O lado B da produtividade em trabalho remoto","","","lazy","sem width/height (risco de CLS)"
"https://mclair.com.br/blog/negocios-digitais-os-6ds-cruciais-para-a-inovacao-exponencial/","https://mclair.com.br/blog-images/capa-padrao-og.png","AQUARANTENADOS lança single ""Tudo vai dar certo""","","","lazy","sem width/height (risco de CLS)"
"https://mclair.com.br/blog/negocios-digitais-os-6ds-cruciais-para-a-inovacao-exponencial/","/logos/logo-negativo.png","Mclair","","32","","sem width/height (risco de CLS) | sem atributo loading"
"https://mclair.com.br/blog/nexinvoice-e-pioneiro-em-automacao-inteligente-do-contas-a-pagar/","/logos/logo-color.png","Mclair","","","","sem width/height (risco de CLS) | sem atributo loading"
"https://mclair.com.br/blog/nexinvoice-e-pioneiro-em-automacao-inteligente-do-contas-a-pagar/","/logos/logo-white-hd.png","Mclair","","","","sem width/height (risco de CLS) | sem atributo loading"
"https://mclair.com.br/blog/nexinvoice-e-pioneiro-em-automacao-inteligente-do-contas-a-pagar/","/cases-img/claudia-elisa-1.webp","","","","eager","alt vazio (ok se decorativa) | sem width/height (risco de CLS)"
"https://mclair.com.br/blog/nexinvoice-e-pioneiro-em-automacao-inteligente-do-contas-a-pagar/","/logos/logo-icone-M.png","Mclair","120","120","","sem atributo loading"
"https://mclair.com.br/blog/nexinvoice-e-pioneiro-em-automacao-inteligente-do-contas-a-pagar/","https://mclair.com.br/blog-images/capa-padrao-og.png","","","","","alt vazio (ok se decorativa) | sem width/height (risco de CLS) | sem atributo loading"
"https://mclair.com.br/blog/nexinvoice-e-pioneiro-em-automacao-inteligente-do-contas-a-pagar/","https://mclair.com.br/blog-images/capa-padrao-og.png","7 razões para implementar a automação de processos na sua empresa","","","lazy","sem width/height (risco de CLS)"
"https://mclair.com.br/blog/nexinvoice-e-pioneiro-em-automacao-inteligente-do-contas-a-pagar/","https://mclair.com.br/blog-images/capa-padrao-og.png","Home office e transformação digital impulsionam retomada de investimentos","","","lazy","sem width/height (risco de CLS)"
"https://mclair.com.br/blog/nexinvoice-e-pioneiro-em-automacao-inteligente-do-contas-a-pagar/","https://mclair.com.br/blog-images/capa-padrao-og.png","Como a tecnologia ajuda aumentar a confiança do cliente","","","lazy","sem width/height (risco de CLS)"
"https://mclair.com.br/blog/nexinvoice-e-pioneiro-em-automacao-inteligente-do-contas-a-pagar/","/logos/logo-negativo.png","Mclair","","32","","sem width/height (risco de CLS) | sem atributo loading"
"https://mclair.com.br/blog/novo-petroleo-uso-correto-de-dados-pode-gerar-oportunidades-de-negocio/","/logos/logo-color.png","Mclair","","","","sem width/height (risco de CLS) | sem atributo loading"
"https://mclair.com.br/blog/novo-petroleo-uso-correto-de-dados-pode-gerar-oportunidades-de-negocio/","/logos/logo-white-hd.png","Mclair","","","","sem width/height (risco de CLS) | sem atributo loading"
"https://mclair.com.br/blog/novo-petroleo-uso-correto-de-dados-pode-gerar-oportunidades-de-negocio/","/cases-img/claudia-elisa-1.webp","","","","eager","alt vazio (ok se decorativa) | sem width/height (risco de CLS)"
"https://mclair.com.br/blog/novo-petroleo-uso-correto-de-dados-pode-gerar-oportunidades-de-negocio/","/logos/logo-icone-M.png","Mclair","120","120","","sem atributo loading"
"https://mclair.com.br/blog/novo-petroleo-uso-correto-de-dados-pode-gerar-oportunidades-de-negocio/","https://mclair.com.br/blog-images/capa-padrao-og.png","","","","","alt vazio (ok se decorativa) | sem width/height (risco de CLS) | sem atributo loading"
"https://mclair.com.br/blog/novo-petroleo-uso-correto-de-dados-pode-gerar-oportunidades-de-negocio/","https://mclair.com.br/blog-images/capa-padrao-og.png","Lambda3 abre 28 vagas para desenvolvedores","","","lazy","sem width/height (risco de CLS)"
"https://mclair.com.br/blog/novo-petroleo-uso-correto-de-dados-pode-gerar-oportunidades-de-negocio/","https://mclair.com.br/blog-images/capa-padrao-og.png","O lado B da produtividade em trabalho remoto","","","lazy","sem width/height (risco de CLS)"
"https://mclair.com.br/blog/novo-petroleo-uso-correto-de-dados-pode-gerar-oportunidades-de-negocio/","https://mclair.com.br/blog-images/capa-padrao-og.png","AQUARANTENADOS lança single ""Tudo vai dar certo""","","","lazy","sem width/height (risco de CLS)"
"https://mclair.com.br/blog/novo-petroleo-uso-correto-de-dados-pode-gerar-oportunidades-de-negocio/","/logos/logo-negativo.png","Mclair","","32","","sem width/height (risco de CLS) | sem atributo loading"
"https://mclair.com.br/blog/novos-nichos-do-marketing-de-influencia-podem-impactar-a-retomada-do-a/","/logos/logo-color.png","Mclair","","","","sem width/height (risco de CLS) | sem atributo loading"
"https://mclair.com.br/blog/novos-nichos-do-marketing-de-influencia-podem-impactar-a-retomada-do-a/","/logos/logo-white-hd.png","Mclair","","","","sem width/height (risco de CLS) | sem atributo loading"
"https://mclair.com.br/blog/novos-nichos-do-marketing-de-influencia-podem-impactar-a-retomada-do-a/","/cases-img/claudia-elisa-1.webp","","","","eager","alt vazio (ok se decorativa) | sem width/height (risco de CLS)"
"https://mclair.com.br/blog/novos-nichos-do-marketing-de-influencia-podem-impactar-a-retomada-do-a/","/logos/logo-icone-M.png","Mclair","120","120","","sem atributo loading"
"https://mclair.com.br/blog/novos-nichos-do-marketing-de-influencia-podem-impactar-a-retomada-do-a/","https://mclair.com.br/blog-images/capa-padrao-og.png","","","","","alt vazio (ok se decorativa) | sem width/height (risco de CLS) | sem atributo loading"
"https://mclair.com.br/blog/novos-nichos-do-marketing-de-influencia-podem-impactar-a-retomada-do-a/","https://mclair.com.br/blog-images/capa-padrao-og.png","Audiovisual: os desafios e o impacto das redes sociais para a publicidade","","","lazy","sem width/height (risco de CLS)"
"https://mclair.com.br/blog/novos-nichos-do-marketing-de-influencia-podem-impactar-a-retomada-do-a/","https://mclair.com.br/blog-images/capa-padrao-og.png","A arte de transformar metas em realidade","","","lazy","sem width/height (risco de CLS)"
"https://mclair.com.br/blog/novos-nichos-do-marketing-de-influencia-podem-impactar-a-retomada-do-a/","https://mclair.com.br/blog-images/capa-padrao-og.png","Lambda3 abre 28 vagas para desenvolvedores","","","lazy","sem width/height (risco de CLS)"
"https://mclair.com.br/blog/novos-nichos-do-marketing-de-influencia-podem-impactar-a-retomada-do-a/","/logos/logo-negativo.png","Mclair","","32","","sem width/height (risco de CLS) | sem atributo loading"
"https://mclair.com.br/blog/o-algoritmo-humano-por-tras-de-uma-boa-decisao/","/logos/logo-color.png","Mclair","","","","sem width/height (risco de CLS) | sem atributo loading"
"https://mclair.com.br/blog/o-algoritmo-humano-por-tras-de-uma-boa-decisao/","/logos/logo-white-hd.png","Mclair","","","","sem width/height (risco de CLS) | sem atributo loading"
"https://mclair.com.br/blog/o-algoritmo-humano-por-tras-de-uma-boa-decisao/","/cases-img/claudia-elisa-1.webp","","","","eager","alt vazio (ok se decorativa) | sem width/height (risco de CLS)"
"https://mclair.com.br/blog/o-algoritmo-humano-por-tras-de-uma-boa-decisao/","/logos/logo-icone-M.png","Mclair","120","120","","sem atributo loading"
"https://mclair.com.br/blog/o-algoritmo-humano-por-tras-de-uma-boa-decisao/","https://mclair.com.br/blog-images/capa-padrao-og.png","","","","","alt vazio (ok se decorativa) | sem width/height (risco de CLS) | sem atributo loading"
"https://mclair.com.br/blog/o-algoritmo-humano-por-tras-de-uma-boa-decisao/","https://mclair.com.br/blog-images/capa-padrao-og.png","Os desafios e mitos sobre a transição energética","","","lazy","sem width/height (risco de CLS)"
"https://mclair.com.br/blog/o-algoritmo-humano-por-tras-de-uma-boa-decisao/","https://mclair.com.br/blog-images/capa-padrao-og.png","RH e o futuro do trabalho: quais as tendências para os próximos 10 anos?","","","lazy","sem width/height (risco de CLS)"
"https://mclair.com.br/blog/o-algoritmo-humano-por-tras-de-uma-boa-decisao/","https://mclair.com.br/blog-images/capa-padrao-og.png","O","","","lazy","sem width/height (risco de CLS)"
"https://mclair.com.br/blog/o-algoritmo-humano-por-tras-de-uma-boa-decisao/","/logos/logo-negativo.png","Mclair","","32","","sem width/height (risco de CLS) | sem atributo loading"
"https://mclair.com.br/blog/o-dilema-da-redes-reduz-o-protagonismo-das-pessoas/","/logos/logo-color.png","Mclair","","","","sem width/height (risco de CLS) | sem atributo loading"
"https://mclair.com.br/blog/o-dilema-da-redes-reduz-o-protagonismo-das-pessoas/","/logos/logo-white-hd.png","Mclair","","","","sem width/height (risco de CLS) | sem atributo loading"
"https://mclair.com.br/blog/o-dilema-da-redes-reduz-o-protagonismo-das-pessoas/","/cases-img/claudia-elisa-1.webp","","","","eager","alt vazio (ok se decorativa) | sem width/height (risco de CLS)"
"https://mclair.com.br/blog/o-dilema-da-redes-reduz-o-protagonismo-das-pessoas/","/logos/logo-icone-M.png","Mclair","120","120","","sem atributo loading"
"https://mclair.com.br/blog/o-dilema-da-redes-reduz-o-protagonismo-das-pessoas/","https://mclair.com.br/blog-images/capa-padrao-og.png","","","","","alt vazio (ok se decorativa) | sem width/height (risco de CLS) | sem atributo loading"
"https://mclair.com.br/blog/o-dilema-da-redes-reduz-o-protagonismo-das-pessoas/","https://mclair.com.br/blog-images/capa-padrao-og.png","Momentos de crise exigem lideranças inteligentes","","","lazy","sem width/height (risco de CLS)"
"https://mclair.com.br/blog/o-dilema-da-redes-reduz-o-protagonismo-das-pessoas/","https://mclair.com.br/blog-images/capa-padrao-og.png","Os parâmetros para produtividade foram redefinidos","","","lazy","sem width/height (risco de CLS)"
"https://mclair.com.br/blog/o-dilema-da-redes-reduz-o-protagonismo-das-pessoas/","https://mclair.com.br/blog-images/capa-padrao-og.png","Computadores não vencem humanos em debates... Por enquanto!","","","lazy","sem width/height (risco de CLS)"
"https://mclair.com.br/blog/o-dilema-da-redes-reduz-o-protagonismo-das-pessoas/","/logos/logo-negativo.png","Mclair","","32","","sem width/height (risco de CLS) | sem atributo loading"
"https://mclair.com.br/blog/o-elo-entre-os-c-levels-e-a-tecnologia-na-retomada-do-varejo/","/logos/logo-color.png","Mclair","","","","sem width/height (risco de CLS) | sem atributo loading"
"https://mclair.com.br/blog/o-elo-entre-os-c-levels-e-a-tecnologia-na-retomada-do-varejo/","/logos/logo-white-hd.png","Mclair","","","","sem width/height (risco de CLS) | sem atributo loading"
"https://mclair.com.br/blog/o-elo-entre-os-c-levels-e-a-tecnologia-na-retomada-do-varejo/","/cases-img/claudia-elisa-1.webp","","","","eager","alt vazio (ok se decorativa) | sem width/height (risco de CLS)"
"https://mclair.com.br/blog/o-elo-entre-os-c-levels-e-a-tecnologia-na-retomada-do-varejo/","/logos/logo-icone-M.png","Mclair","120","120","","sem atributo loading"
"https://mclair.com.br/blog/o-elo-entre-os-c-levels-e-a-tecnologia-na-retomada-do-varejo/","https://mclair.com.br/blog-images/capa-padrao-og.png","","","","","alt vazio (ok se decorativa) | sem width/height (risco de CLS) | sem atributo loading"
"https://mclair.com.br/blog/o-elo-entre-os-c-levels-e-a-tecnologia-na-retomada-do-varejo/","https://mclair.com.br/blog-images/capa-padrao-og.png","Momentos de crise exigem lideranças inteligentes","","","lazy","sem width/height (risco de CLS)"
"https://mclair.com.br/blog/o-elo-entre-os-c-levels-e-a-tecnologia-na-retomada-do-varejo/","https://mclair.com.br/blog-images/capa-padrao-og.png","Os parâmetros para produtividade foram redefinidos","","","lazy","sem width/height (risco de CLS)"
"https://mclair.com.br/blog/o-elo-entre-os-c-levels-e-a-tecnologia-na-retomada-do-varejo/","https://mclair.com.br/blog-images/capa-padrao-og.png","Computadores não vencem humanos em debates... Por enquanto!","","","lazy","sem width/height (risco de CLS)"
"https://mclair.com.br/blog/o-elo-entre-os-c-levels-e-a-tecnologia-na-retomada-do-varejo/","/logos/logo-negativo.png","Mclair","","32","","sem width/height (risco de CLS) | sem atributo loading"
"https://mclair.com.br/blog/o-futuro-do-home-office-e-a-realidade-pos-pandemia/","/logos/logo-color.png","Mclair","","","","sem width/height (risco de CLS) | sem atributo loading"
"https://mclair.com.br/blog/o-futuro-do-home-office-e-a-realidade-pos-pandemia/","/logos/logo-white-hd.png","Mclair","","","","sem width/height (risco de CLS) | sem atributo loading"
"https://mclair.com.br/blog/o-futuro-do-home-office-e-a-realidade-pos-pandemia/","/cases-img/claudia-elisa-1.webp","","","","eager","alt vazio (ok se decorativa) | sem width/height (risco de CLS)"
"https://mclair.com.br/blog/o-futuro-do-home-office-e-a-realidade-pos-pandemia/","/logos/logo-icone-M.png","Mclair","120","120","","sem atributo loading"
"https://mclair.com.br/blog/o-futuro-do-home-office-e-a-realidade-pos-pandemia/","https://mclair.com.br/blog-images/capa-padrao-og.png","","","","","alt vazio (ok se decorativa) | sem width/height (risco de CLS) | sem atributo loading"
"https://mclair.com.br/blog/o-futuro-do-home-office-e-a-realidade-pos-pandemia/","https://mclair.com.br/blog-images/capa-padrao-og.png","Momentos de crise exigem lideranças inteligentes","","","lazy","sem width/height (risco de CLS)"
"https://mclair.com.br/blog/o-futuro-do-home-office-e-a-realidade-pos-pandemia/","https://mclair.com.br/blog-images/capa-padrao-og.png","Os parâmetros para produtividade foram redefinidos","","","lazy","sem width/height (risco de CLS)"
"https://mclair.com.br/blog/o-futuro-do-home-office-e-a-realidade-pos-pandemia/","https://mclair.com.br/blog-images/capa-padrao-og.png","Computadores não vencem humanos em debates... Por enquanto!","","","lazy","sem width/height (risco de CLS)"
"https://mclair.com.br/blog/o-futuro-do-home-office-e-a-realidade-pos-pandemia/","/logos/logo-negativo.png","Mclair","","32","","sem width/height (risco de CLS) | sem atributo loading"
"https://mclair.com.br/blog/o-futuro-do-trabalho-remoto-e-o-match-entre-tecnologia-e-pessoas/","/logos/logo-color.png","Mclair","","","","sem width/height (risco de CLS) | sem atributo loading"
"https://mclair.com.br/blog/o-futuro-do-trabalho-remoto-e-o-match-entre-tecnologia-e-pessoas/","/logos/logo-white-hd.png","Mclair","","","","sem width/height (risco de CLS) | sem atributo loading"
"https://mclair.com.br/blog/o-futuro-do-trabalho-remoto-e-o-match-entre-tecnologia-e-pessoas/","/cases-img/claudia-elisa-1.webp","","","","eager","alt vazio (ok se decorativa) | sem width/height (risco de CLS)"
"https://mclair.com.br/blog/o-futuro-do-trabalho-remoto-e-o-match-entre-tecnologia-e-pessoas/","/logos/logo-icone-M.png","Mclair","120","120","","sem atributo loading"
"https://mclair.com.br/blog/o-futuro-do-trabalho-remoto-e-o-match-entre-tecnologia-e-pessoas/","https://mclair.com.br/blog-images/capa-padrao-og.png","","","","","alt vazio (ok se decorativa) | sem width/height (risco de CLS) | sem atributo loading"
"https://mclair.com.br/blog/o-futuro-do-trabalho-remoto-e-o-match-entre-tecnologia-e-pessoas/","https://mclair.com.br/blog-images/capa-padrao-og.png","Práticas de Gestão de Pessoas ajudam na transformação de conceitos culturais","","","lazy","sem width/height (risco de CLS)"
"https://mclair.com.br/blog/o-futuro-do-trabalho-remoto-e-o-match-entre-tecnologia-e-pessoas/","https://mclair.com.br/blog-images/capa-padrao-og.png","Há futuro para o mercado de tecnologia sem cultura organizacional diversa?","","","lazy","sem width/height (risco de CLS)"
"https://mclair.com.br/blog/o-futuro-do-trabalho-remoto-e-o-match-entre-tecnologia-e-pessoas/","https://mclair.com.br/blog-images/capa-padrao-og.png","Diversidade Etária: Por que a geração 40+ é essencial para o mercado de trabalho","","","lazy","sem width/height (risco de CLS)"
"https://mclair.com.br/blog/o-futuro-do-trabalho-remoto-e-o-match-entre-tecnologia-e-pessoas/","/logos/logo-negativo.png","Mclair","","32","","sem width/height (risco de CLS) | sem atributo loading"
"https://mclair.com.br/blog/o-growth-e-eu-acelerando/","/logos/logo-color.png","Mclair","","","","sem width/height (risco de CLS) | sem atributo loading"
"https://mclair.com.br/blog/o-growth-e-eu-acelerando/","/logos/logo-white-hd.png","Mclair","","","","sem width/height (risco de CLS) | sem atributo loading"
"https://mclair.com.br/blog/o-growth-e-eu-acelerando/","/cases-img/claudia-elisa-1.webp","","","","eager","alt vazio (ok se decorativa) | sem width/height (risco de CLS)"
"https://mclair.com.br/blog/o-growth-e-eu-acelerando/","/logos/logo-icone-M.png","Mclair","120","120","","sem atributo loading"
"https://mclair.com.br/blog/o-growth-e-eu-acelerando/","/uploads/recovered-o-growth-e-eu-acelerando.png","","","","","alt vazio (ok se decorativa) | sem width/height (risco de CLS) | sem atributo loading"
"https://mclair.com.br/blog/o-growth-e-eu-acelerando/","/uploads/recovered-dona-coruja-e-sua-marca-propria.jpg","Dona Coruja e sua marca própria","","","lazy","sem width/height (risco de CLS)"
"https://mclair.com.br/blog/o-growth-e-eu-acelerando/","https://mclair.com.br/blog-images/capa-padrao-og.png","Missão Angola:  Como a Quinto Andar me ajudou a vender milho na África","","","lazy","sem width/height (risco de CLS)"
"https://mclair.com.br/blog/o-growth-e-eu-acelerando/","https://mclair.com.br/blog-images/capa-padrao-og.png","A arte de transformar metas em realidade","","","lazy","sem width/height (risco de CLS)"
"https://mclair.com.br/blog/o-growth-e-eu-acelerando/","/logos/logo-negativo.png","Mclair","","32","","sem width/height (risco de CLS) | sem atributo loading"
"https://mclair.com.br/blog/o-impacto-dos-microsservicos-para-o-mercado-e-o-consumidor/","/logos/logo-color.png","Mclair","","","","sem width/height (risco de CLS) | sem atributo loading"
"https://mclair.com.br/blog/o-impacto-dos-microsservicos-para-o-mercado-e-o-consumidor/","/logos/logo-white-hd.png","Mclair","","","","sem width/height (risco de CLS) | sem atributo loading"
"https://mclair.com.br/blog/o-impacto-dos-microsservicos-para-o-mercado-e-o-consumidor/","/cases-img/claudia-elisa-1.webp","","","","eager","alt vazio (ok se decorativa) | sem width/height (risco de CLS)"
"https://mclair.com.br/blog/o-impacto-dos-microsservicos-para-o-mercado-e-o-consumidor/","/logos/logo-icone-M.png","Mclair","120","120","","sem atributo loading"
"https://mclair.com.br/blog/o-impacto-dos-microsservicos-para-o-mercado-e-o-consumidor/","https://mclair.com.br/blog-images/capa-padrao-og.png","","","","","alt vazio (ok se decorativa) | sem width/height (risco de CLS) | sem atributo loading"
"https://mclair.com.br/blog/o-impacto-dos-microsservicos-para-o-mercado-e-o-consumidor/","https://mclair.com.br/blog-images/capa-padrao-og.png","Microsserviços evidenciam impactos em escalabilidade para o negócio","","","lazy","sem width/height (risco de CLS)"
"https://mclair.com.br/blog/o-impacto-dos-microsservicos-para-o-mercado-e-o-consumidor/","https://mclair.com.br/blog-images/capa-padrao-og.png","Como evitar o transtorno com roubo de smartphones e dados","","","lazy","sem width/height (risco de CLS)"
"https://mclair.com.br/blog/o-impacto-dos-microsservicos-para-o-mercado-e-o-consumidor/","https://mclair.com.br/blog-images/capa-padrao-og.png","Como evitar o comércio milionário de ataques cibernéticos","","","lazy","sem width/height (risco de CLS)"
"https://mclair.com.br/blog/o-impacto-dos-microsservicos-para-o-mercado-e-o-consumidor/","/logos/logo-negativo.png","Mclair","","32","","sem width/height (risco de CLS) | sem atributo loading"
"https://mclair.com.br/blog/o-lado-b-da-produtividade-em-trabalho-remoto/","/logos/logo-color.png","Mclair","","","","sem width/height (risco de CLS) | sem atributo loading"
"https://mclair.com.br/blog/o-lado-b-da-produtividade-em-trabalho-remoto/","/logos/logo-white-hd.png","Mclair","","","","sem width/height (risco de CLS) | sem atributo loading"
"https://mclair.com.br/blog/o-lado-b-da-produtividade-em-trabalho-remoto/","/cases-img/claudia-elisa-1.webp","","","","eager","alt vazio (ok se decorativa) | sem width/height (risco de CLS)"
"https://mclair.com.br/blog/o-lado-b-da-produtividade-em-trabalho-remoto/","/logos/logo-icone-M.png","Mclair","120","120","","sem atributo loading"
"https://mclair.com.br/blog/o-lado-b-da-produtividade-em-trabalho-remoto/","https://mclair.com.br/blog-images/capa-padrao-og.png","","","","","alt vazio (ok se decorativa) | sem width/height (risco de CLS) | sem atributo loading"
"https://mclair.com.br/blog/o-lado-b-da-produtividade-em-trabalho-remoto/","https://mclair.com.br/blog-images/capa-padrao-og.png","Lambda3 abre 28 vagas para desenvolvedores","","","lazy","sem width/height (risco de CLS)"
"https://mclair.com.br/blog/o-lado-b-da-produtividade-em-trabalho-remoto/","https://mclair.com.br/blog-images/capa-padrao-og.png","AQUARANTENADOS lança single ""Tudo vai dar certo""","","","lazy","sem width/height (risco de CLS)"
"https://mclair.com.br/blog/o-lado-b-da-produtividade-em-trabalho-remoto/","https://mclair.com.br/blog-images/capa-padrao-og.png","Dia do Orgulho Nerd: 4 dicas para celebrar a data","","","lazy","sem width/height (risco de CLS)"
"https://mclair.com.br/blog/o-lado-b-da-produtividade-em-trabalho-remoto/","/logos/logo-negativo.png","Mclair","","32","","sem width/height (risco de CLS) | sem atributo loading"
"https://mclair.com.br/blog/o-marketing-por-tras-do-universo-gamer-e-a-sua-ascensao-no-brasil/","/logos/logo-color.png","Mclair","","","","sem width/height (risco de CLS) | sem atributo loading"
"https://mclair.com.br/blog/o-marketing-por-tras-do-universo-gamer-e-a-sua-ascensao-no-brasil/","/logos/logo-white-hd.png","Mclair","","","","sem width/height (risco de CLS) | sem atributo loading"
"https://mclair.com.br/blog/o-marketing-por-tras-do-universo-gamer-e-a-sua-ascensao-no-brasil/","/cases-img/claudia-elisa-1.webp","","","","eager","alt vazio (ok se decorativa) | sem width/height (risco de CLS)"
"https://mclair.com.br/blog/o-marketing-por-tras-do-universo-gamer-e-a-sua-ascensao-no-brasil/","/logos/logo-icone-M.png","Mclair","120","120","","sem atributo loading"
"https://mclair.com.br/blog/o-marketing-por-tras-do-universo-gamer-e-a-sua-ascensao-no-brasil/","https://mclair.com.br/blog-images/capa-padrao-og.png","","","","","alt vazio (ok se decorativa) | sem width/height (risco de CLS) | sem atributo loading"
"https://mclair.com.br/blog/o-marketing-por-tras-do-universo-gamer-e-a-sua-ascensao-no-brasil/","https://mclair.com.br/blog-images/capa-padrao-og.png","Cubo Comunicação anuncia rebranding e plano de expansão para a Europa","","","lazy","sem width/height (risco de CLS)"
"https://mclair.com.br/blog/o-marketing-por-tras-do-universo-gamer-e-a-sua-ascensao-no-brasil/","https://mclair.com.br/blog-images/capa-padrao-og.png","BBB: a guerra de ADMs e o sucesso nas redes sociais","","","lazy","sem width/height (risco de CLS)"
"https://mclair.com.br/blog/o-marketing-por-tras-do-universo-gamer-e-a-sua-ascensao-no-brasil/","https://mclair.com.br/blog-images/capa-padrao-og.png","Insatisfeita, Geração Z não quer trabalhar mais do mesmo jeito","","","lazy","sem width/height (risco de CLS)"
"https://mclair.com.br/blog/o-marketing-por-tras-do-universo-gamer-e-a-sua-ascensao-no-brasil/","/logos/logo-negativo.png","Mclair","","32","","sem width/height (risco de CLS) | sem atributo loading"
"https://mclair.com.br/blog/o-papel-da-governanca-corporativa-no-engajamento-das-liderancas/","/logos/logo-color.png","Mclair","","","","sem width/height (risco de CLS) | sem atributo loading"
"https://mclair.com.br/blog/o-papel-da-governanca-corporativa-no-engajamento-das-liderancas/","/logos/logo-white-hd.png","Mclair","","","","sem width/height (risco de CLS) | sem atributo loading"
"https://mclair.com.br/blog/o-papel-da-governanca-corporativa-no-engajamento-das-liderancas/","/cases-img/claudia-elisa-1.webp","","","","eager","alt vazio (ok se decorativa) | sem width/height (risco de CLS)"
"https://mclair.com.br/blog/o-papel-da-governanca-corporativa-no-engajamento-das-liderancas/","/logos/logo-icone-M.png","Mclair","120","120","","sem atributo loading"
"https://mclair.com.br/blog/o-papel-da-governanca-corporativa-no-engajamento-das-liderancas/","https://mclair.com.br/blog-images/capa-padrao-og.png","","","","","alt vazio (ok se decorativa) | sem width/height (risco de CLS) | sem atributo loading"
"https://mclair.com.br/blog/o-papel-da-governanca-corporativa-no-engajamento-das-liderancas/","https://mclair.com.br/blog-images/capa-padrao-og.png","Os desafios e mitos sobre a transição energética","","","lazy","sem width/height (risco de CLS)"
"https://mclair.com.br/blog/o-papel-da-governanca-corporativa-no-engajamento-das-liderancas/","https://mclair.com.br/blog-images/capa-padrao-og.png","RH e o futuro do trabalho: quais as tendências para os próximos 10 anos?","","","lazy","sem width/height (risco de CLS)"
"https://mclair.com.br/blog/o-papel-da-governanca-corporativa-no-engajamento-das-liderancas/","https://mclair.com.br/blog-images/capa-padrao-og.png","O","","","lazy","sem width/height (risco de CLS)"
"https://mclair.com.br/blog/o-papel-da-governanca-corporativa-no-engajamento-das-liderancas/","/logos/logo-negativo.png","Mclair","","32","","sem width/height (risco de CLS) | sem atributo loading"
"https://mclair.com.br/blog/o-papel-de-entidades-publicas-para-as-cidades-inteligentes/","/logos/logo-color.png","Mclair","","","","sem width/height (risco de CLS) | sem atributo loading"
"https://mclair.com.br/blog/o-papel-de-entidades-publicas-para-as-cidades-inteligentes/","/logos/logo-white-hd.png","Mclair","","","","sem width/height (risco de CLS) | sem atributo loading"
"https://mclair.com.br/blog/o-papel-de-entidades-publicas-para-as-cidades-inteligentes/","/cases-img/claudia-elisa-1.webp","","","","eager","alt vazio (ok se decorativa) | sem width/height (risco de CLS)"
"https://mclair.com.br/blog/o-papel-de-entidades-publicas-para-as-cidades-inteligentes/","/logos/logo-icone-M.png","Mclair","120","120","","sem atributo loading"
"https://mclair.com.br/blog/o-papel-de-entidades-publicas-para-as-cidades-inteligentes/","https://mclair.com.br/blog-images/capa-padrao-og.png","","","","","alt vazio (ok se decorativa) | sem width/height (risco de CLS) | sem atributo loading"
"https://mclair.com.br/blog/o-papel-de-entidades-publicas-para-as-cidades-inteligentes/","https://mclair.com.br/blog-images/capa-padrao-og.png","Quem está por trás da automação?","","","lazy","sem width/height (risco de CLS)"
"https://mclair.com.br/blog/o-papel-de-entidades-publicas-para-as-cidades-inteligentes/","https://mclair.com.br/blog-images/capa-padrao-og.png","Inteligência Artificial: consenso é a chave para um mundo robotizado","","","lazy","sem width/height (risco de CLS)"
"https://mclair.com.br/blog/o-papel-de-entidades-publicas-para-as-cidades-inteligentes/","https://mclair.com.br/blog-images/capa-padrao-og.png","Os desafios e impactos do 5G para o mercado","","","lazy","sem width/height (risco de CLS)"
"https://mclair.com.br/blog/o-papel-de-entidades-publicas-para-as-cidades-inteligentes/","/logos/logo-negativo.png","Mclair","","32","","sem width/height (risco de CLS) | sem atributo loading"
"https://mclair.com.br/blog/o-poder-da-tecnologia-e-automacao-de-marketing-para-os-negocios/","/logos/logo-color.png","Mclair","","","","sem width/height (risco de CLS) | sem atributo loading"
"https://mclair.com.br/blog/o-poder-da-tecnologia-e-automacao-de-marketing-para-os-negocios/","/logos/logo-white-hd.png","Mclair","","","","sem width/height (risco de CLS) | sem atributo loading"
"https://mclair.com.br/blog/o-poder-da-tecnologia-e-automacao-de-marketing-para-os-negocios/","/cases-img/claudia-elisa-1.webp","","","","eager","alt vazio (ok se decorativa) | sem width/height (risco de CLS)"
"https://mclair.com.br/blog/o-poder-da-tecnologia-e-automacao-de-marketing-para-os-negocios/","/logos/logo-icone-M.png","Mclair","120","120","","sem atributo loading"
"https://mclair.com.br/blog/o-poder-da-tecnologia-e-automacao-de-marketing-para-os-negocios/","https://mclair.com.br/blog-images/capa-padrao-og.png","","","","","alt vazio (ok se decorativa) | sem width/height (risco de CLS) | sem atributo loading"
"https://mclair.com.br/blog/o-poder-da-tecnologia-e-automacao-de-marketing-para-os-negocios/","https://mclair.com.br/blog-images/capa-padrao-og.png","A arte de transformar metas em realidade","","","lazy","sem width/height (risco de CLS)"
"https://mclair.com.br/blog/o-poder-da-tecnologia-e-automacao-de-marketing-para-os-negocios/","https://mclair.com.br/blog-images/capa-padrao-og.png","Lambda3 abre 28 vagas para desenvolvedores","","","lazy","sem width/height (risco de CLS)"
"https://mclair.com.br/blog/o-poder-da-tecnologia-e-automacao-de-marketing-para-os-negocios/","https://mclair.com.br/blog-images/capa-padrao-og.png","O lado B da produtividade em trabalho remoto","","","lazy","sem width/height (risco de CLS)"
"https://mclair.com.br/blog/o-poder-da-tecnologia-e-automacao-de-marketing-para-os-negocios/","/logos/logo-negativo.png","Mclair","","32","","sem width/height (risco de CLS) | sem atributo loading"
"https://mclair.com.br/blog/o-que-a-serie-sandman-tem-em-comum-com-transparencia-radical-em-consel/","/logos/logo-color.png","Mclair","","","","sem width/height (risco de CLS) | sem atributo loading"
"https://mclair.com.br/blog/o-que-a-serie-sandman-tem-em-comum-com-transparencia-radical-em-consel/","/logos/logo-white-hd.png","Mclair","","","","sem width/height (risco de CLS) | sem atributo loading"
"https://mclair.com.br/blog/o-que-a-serie-sandman-tem-em-comum-com-transparencia-radical-em-consel/","/cases-img/claudia-elisa-1.webp","","","","eager","alt vazio (ok se decorativa) | sem width/height (risco de CLS)"
"https://mclair.com.br/blog/o-que-a-serie-sandman-tem-em-comum-com-transparencia-radical-em-consel/","/logos/logo-icone-M.png","Mclair","120","120","","sem atributo loading"
"https://mclair.com.br/blog/o-que-a-serie-sandman-tem-em-comum-com-transparencia-radical-em-consel/","https://mclair.com.br/blog-images/capa-padrao-og.png","","","","","alt vazio (ok se decorativa) | sem width/height (risco de CLS) | sem atributo loading"
"https://mclair.com.br/blog/o-que-a-serie-sandman-tem-em-comum-com-transparencia-radical-em-consel/","https://mclair.com.br/blog-images/capa-padrao-og.png","Os desafios e mitos sobre a transição energética","","","lazy","sem width/height (risco de CLS)"
"https://mclair.com.br/blog/o-que-a-serie-sandman-tem-em-comum-com-transparencia-radical-em-consel/","https://mclair.com.br/blog-images/capa-padrao-og.png","RH e o futuro do trabalho: quais as tendências para os próximos 10 anos?","","","lazy","sem width/height (risco de CLS)"
"https://mclair.com.br/blog/o-que-a-serie-sandman-tem-em-comum-com-transparencia-radical-em-consel/","https://mclair.com.br/blog-images/capa-padrao-og.png","O","","","lazy","sem width/height (risco de CLS)"
"https://mclair.com.br/blog/o-que-a-serie-sandman-tem-em-comum-com-transparencia-radical-em-consel/","/logos/logo-negativo.png","Mclair","","32","","sem width/height (risco de CLS) | sem atributo loading"
"https://mclair.com.br/blog/o-que-a-vida-corporativa-tem-a-ver-com-um-jogo-de-squash/","/logos/logo-color.png","Mclair","","","","sem width/height (risco de CLS) | sem atributo loading"
"https://mclair.com.br/blog/o-que-a-vida-corporativa-tem-a-ver-com-um-jogo-de-squash/","/logos/logo-white-hd.png","Mclair","","","","sem width/height (risco de CLS) | sem atributo loading"
"https://mclair.com.br/blog/o-que-a-vida-corporativa-tem-a-ver-com-um-jogo-de-squash/","/cases-img/claudia-elisa-1.webp","","","","eager","alt vazio (ok se decorativa) | sem width/height (risco de CLS)"
"https://mclair.com.br/blog/o-que-a-vida-corporativa-tem-a-ver-com-um-jogo-de-squash/","/logos/logo-icone-M.png","Mclair","120","120","","sem atributo loading"
"https://mclair.com.br/blog/o-que-a-vida-corporativa-tem-a-ver-com-um-jogo-de-squash/","https://mclair.com.br/blog-images/capa-padrao-og.png","","","","","alt vazio (ok se decorativa) | sem width/height (risco de CLS) | sem atributo loading"
"https://mclair.com.br/blog/o-que-a-vida-corporativa-tem-a-ver-com-um-jogo-de-squash/","https://mclair.com.br/blog-images/capa-padrao-og.png","Os desafios e mitos sobre a transição energética","","","lazy","sem width/height (risco de CLS)"
"https://mclair.com.br/blog/o-que-a-vida-corporativa-tem-a-ver-com-um-jogo-de-squash/","https://mclair.com.br/blog-images/capa-padrao-og.png","RH e o futuro do trabalho: quais as tendências para os próximos 10 anos?","","","lazy","sem width/height (risco de CLS)"
"https://mclair.com.br/blog/o-que-a-vida-corporativa-tem-a-ver-com-um-jogo-de-squash/","https://mclair.com.br/blog-images/capa-padrao-og.png","O","","","lazy","sem width/height (risco de CLS)"
"https://mclair.com.br/blog/o-que-a-vida-corporativa-tem-a-ver-com-um-jogo-de-squash/","/logos/logo-negativo.png","Mclair","","32","","sem width/height (risco de CLS) | sem atributo loading"
"https://mclair.com.br/blog/o-que-as-empresas-de-ti-devem-fazer-para-superar-o-deficit-de-profissi/","/logos/logo-color.png","Mclair","","","","sem width/height (risco de CLS) | sem atributo loading"
"https://mclair.com.br/blog/o-que-as-empresas-de-ti-devem-fazer-para-superar-o-deficit-de-profissi/","/logos/logo-white-hd.png","Mclair","","","","sem width/height (risco de CLS) | sem atributo loading"
"https://mclair.com.br/blog/o-que-as-empresas-de-ti-devem-fazer-para-superar-o-deficit-de-profissi/","/cases-img/claudia-elisa-1.webp","","","","eager","alt vazio (ok se decorativa) | sem width/height (risco de CLS)"
"https://mclair.com.br/blog/o-que-as-empresas-de-ti-devem-fazer-para-superar-o-deficit-de-profissi/","/logos/logo-icone-M.png","Mclair","120","120","","sem atributo loading"
"https://mclair.com.br/blog/o-que-as-empresas-de-ti-devem-fazer-para-superar-o-deficit-de-profissi/","https://mclair.com.br/blog-images/capa-padrao-og.png","","","","","alt vazio (ok se decorativa) | sem width/height (risco de CLS) | sem atributo loading"
"https://mclair.com.br/blog/o-que-as-empresas-de-ti-devem-fazer-para-superar-o-deficit-de-profissi/","https://mclair.com.br/blog-images/capa-padrao-og.png","14/09 - Lambda3 completa 12 anos e lança podcast com olhar sobre negócios no contexto nacional","","","lazy","sem width/height (risco de CLS)"
"https://mclair.com.br/blog/o-que-as-empresas-de-ti-devem-fazer-para-superar-o-deficit-de-profissi/","https://mclair.com.br/blog-images/capa-padrao-og.png","Oportunidade de capacitação em TI: Lambda3 apresenta palestras no TDC Business","","","lazy","sem width/height (risco de CLS)"
"https://mclair.com.br/blog/o-que-as-empresas-de-ti-devem-fazer-para-superar-o-deficit-de-profissi/","https://mclair.com.br/blog-images/capa-padrao-og.png","4 erros comuns ao implementar produtos digitais","","","lazy","sem width/height (risco de CLS)"
"https://mclair.com.br/blog/o-que-as-empresas-de-ti-devem-fazer-para-superar-o-deficit-de-profissi/","/logos/logo-negativo.png","Mclair","","32","","sem width/height (risco de CLS) | sem atributo loading"
"https://mclair.com.br/blog/o-que-assistir-depois-de-o-dilema-das-redes/","/logos/logo-color.png","Mclair","","","","sem width/height (risco de CLS) | sem atributo loading"
"https://mclair.com.br/blog/o-que-assistir-depois-de-o-dilema-das-redes/","/logos/logo-white-hd.png","Mclair","","","","sem width/height (risco de CLS) | sem atributo loading"
"https://mclair.com.br/blog/o-que-assistir-depois-de-o-dilema-das-redes/","/cases-img/claudia-elisa-1.webp","","","","eager","alt vazio (ok se decorativa) | sem width/height (risco de CLS)"
"https://mclair.com.br/blog/o-que-assistir-depois-de-o-dilema-das-redes/","/logos/logo-icone-M.png","Mclair","120","120","","sem atributo loading"
"https://mclair.com.br/blog/o-que-assistir-depois-de-o-dilema-das-redes/","https://mclair.com.br/blog-images/capa-padrao-og.png","","","","","alt vazio (ok se decorativa) | sem width/height (risco de CLS) | sem atributo loading"
"https://mclair.com.br/blog/o-que-assistir-depois-de-o-dilema-das-redes/","https://mclair.com.br/blog-images/capa-padrao-og.png","14/09 - Lambda3 completa 12 anos e lança podcast com olhar sobre negócios no contexto nacional","","","lazy","sem width/height (risco de CLS)"
"https://mclair.com.br/blog/o-que-assistir-depois-de-o-dilema-das-redes/","https://mclair.com.br/blog-images/capa-padrao-og.png","Oportunidade de capacitação em TI: Lambda3 apresenta palestras no TDC Business","","","lazy","sem width/height (risco de CLS)"
"https://mclair.com.br/blog/o-que-assistir-depois-de-o-dilema-das-redes/","https://mclair.com.br/blog-images/capa-padrao-og.png","4 erros comuns ao implementar produtos digitais","","","lazy","sem width/height (risco de CLS)"
"https://mclair.com.br/blog/o-que-assistir-depois-de-o-dilema-das-redes/","/logos/logo-negativo.png","Mclair","","32","","sem width/height (risco de CLS) | sem atributo loading"
"https://mclair.com.br/blog/o-que-falta-para-termos-conselhos-realmente-diversos/","/logos/logo-color.png","Mclair","","","","sem width/height (risco de CLS) | sem atributo loading"
"https://mclair.com.br/blog/o-que-falta-para-termos-conselhos-realmente-diversos/","/logos/logo-white-hd.png","Mclair","","","","sem width/height (risco de CLS) | sem atributo loading"
"https://mclair.com.br/blog/o-que-falta-para-termos-conselhos-realmente-diversos/","/cases-img/claudia-elisa-1.webp","","","","eager","alt vazio (ok se decorativa) | sem width/height (risco de CLS)"
"https://mclair.com.br/blog/o-que-falta-para-termos-conselhos-realmente-diversos/","/logos/logo-icone-M.png","Mclair","120","120","","sem atributo loading"
"https://mclair.com.br/blog/o-que-falta-para-termos-conselhos-realmente-diversos/","https://mclair.com.br/blog-images/capa-padrao-og.png","","","","","alt vazio (ok se decorativa) | sem width/height (risco de CLS) | sem atributo loading"
"https://mclair.com.br/blog/o-que-falta-para-termos-conselhos-realmente-diversos/","https://mclair.com.br/blog-images/capa-padrao-og.png","Os desafios e mitos sobre a transição energética","","","lazy","sem width/height (risco de CLS)"
"https://mclair.com.br/blog/o-que-falta-para-termos-conselhos-realmente-diversos/","https://mclair.com.br/blog-images/capa-padrao-og.png","RH e o futuro do trabalho: quais as tendências para os próximos 10 anos?","","","lazy","sem width/height (risco de CLS)"
"https://mclair.com.br/blog/o-que-falta-para-termos-conselhos-realmente-diversos/","https://mclair.com.br/blog-images/capa-padrao-og.png","O","","","lazy","sem width/height (risco de CLS)"
"https://mclair.com.br/blog/o-que-falta-para-termos-conselhos-realmente-diversos/","/logos/logo-negativo.png","Mclair","","32","","sem width/height (risco de CLS) | sem atributo loading"
"https://mclair.com.br/blog/o-que-mudou-na-busca-pelo-lider-de-rh/","/logos/logo-color.png","Mclair","","","","sem width/height (risco de CLS) | sem atributo loading"
"https://mclair.com.br/blog/o-que-mudou-na-busca-pelo-lider-de-rh/","/logos/logo-white-hd.png","Mclair","","","","sem width/height (risco de CLS) | sem atributo loading"
"https://mclair.com.br/blog/o-que-mudou-na-busca-pelo-lider-de-rh/","/cases-img/claudia-elisa-1.webp","","","","eager","alt vazio (ok se decorativa) | sem width/height (risco de CLS)"
"https://mclair.com.br/blog/o-que-mudou-na-busca-pelo-lider-de-rh/","/logos/logo-icone-M.png","Mclair","120","120","","sem atributo loading"
"https://mclair.com.br/blog/o-que-mudou-na-busca-pelo-lider-de-rh/","/uploads/recovered-o-que-mudou-na-busca-pelo-lider-de-rh.jpg","","","","","alt vazio (ok se decorativa) | sem width/height (risco de CLS) | sem atributo loading"
"https://mclair.com.br/blog/o-que-mudou-na-busca-pelo-lider-de-rh/","https://mclair.com.br/blog-images/capa-padrao-og.png","Os desafios e mitos sobre a transição energética","","","lazy","sem width/height (risco de CLS)"
"https://mclair.com.br/blog/o-que-mudou-na-busca-pelo-lider-de-rh/","https://mclair.com.br/blog-images/capa-padrao-og.png","RH e o futuro do trabalho: quais as tendências para os próximos 10 anos?","","","lazy","sem width/height (risco de CLS)"
"https://mclair.com.br/blog/o-que-mudou-na-busca-pelo-lider-de-rh/","https://mclair.com.br/blog-images/capa-padrao-og.png","O","","","lazy","sem width/height (risco de CLS)"
"https://mclair.com.br/blog/o-que-mudou-na-busca-pelo-lider-de-rh/","/logos/logo-negativo.png","Mclair","","32","","sem width/height (risco de CLS) | sem atributo loading"
"https://mclair.com.br/blog/o-que-o-novo-mundo-espera-dos-lideres-do-futuro/","/logos/logo-color.png","Mclair","","","","sem width/height (risco de CLS) | sem atributo loading"
"https://mclair.com.br/blog/o-que-o-novo-mundo-espera-dos-lideres-do-futuro/","/logos/logo-white-hd.png","Mclair","","","","sem width/height (risco de CLS) | sem atributo loading"
"https://mclair.com.br/blog/o-que-o-novo-mundo-espera-dos-lideres-do-futuro/","/cases-img/claudia-elisa-1.webp","","","","eager","alt vazio (ok se decorativa) | sem width/height (risco de CLS)"
"https://mclair.com.br/blog/o-que-o-novo-mundo-espera-dos-lideres-do-futuro/","/logos/logo-icone-M.png","Mclair","120","120","","sem atributo loading"
"https://mclair.com.br/blog/o-que-o-novo-mundo-espera-dos-lideres-do-futuro/","https://mclair.com.br/blog-images/capa-padrao-og.png","","","","","alt vazio (ok se decorativa) | sem width/height (risco de CLS) | sem atributo loading"
"https://mclair.com.br/blog/o-que-o-novo-mundo-espera-dos-lideres-do-futuro/","https://mclair.com.br/blog-images/capa-padrao-og.png","Os desafios e mitos sobre a transição energética","","","lazy","sem width/height (risco de CLS)"
"https://mclair.com.br/blog/o-que-o-novo-mundo-espera-dos-lideres-do-futuro/","https://mclair.com.br/blog-images/capa-padrao-og.png","RH e o futuro do trabalho: quais as tendências para os próximos 10 anos?","","","lazy","sem width/height (risco de CLS)"
"https://mclair.com.br/blog/o-que-o-novo-mundo-espera-dos-lideres-do-futuro/","https://mclair.com.br/blog-images/capa-padrao-og.png","O","","","lazy","sem width/height (risco de CLS)"
"https://mclair.com.br/blog/o-que-o-novo-mundo-espera-dos-lideres-do-futuro/","/logos/logo-negativo.png","Mclair","","32","","sem width/height (risco de CLS) | sem atributo loading"
"https://mclair.com.br/blog/o-que-top-gun-maverick-tem-a-nos-ensinar-sobre-o-futuro-da-automacao/","/logos/logo-color.png","Mclair","","","","sem width/height (risco de CLS) | sem atributo loading"
"https://mclair.com.br/blog/o-que-top-gun-maverick-tem-a-nos-ensinar-sobre-o-futuro-da-automacao/","/logos/logo-white-hd.png","Mclair","","","","sem width/height (risco de CLS) | sem atributo loading"
"https://mclair.com.br/blog/o-que-top-gun-maverick-tem-a-nos-ensinar-sobre-o-futuro-da-automacao/","/cases-img/claudia-elisa-1.webp","","","","eager","alt vazio (ok se decorativa) | sem width/height (risco de CLS)"
"https://mclair.com.br/blog/o-que-top-gun-maverick-tem-a-nos-ensinar-sobre-o-futuro-da-automacao/","/logos/logo-icone-M.png","Mclair","120","120","","sem atributo loading"
"https://mclair.com.br/blog/o-que-top-gun-maverick-tem-a-nos-ensinar-sobre-o-futuro-da-automacao/","https://mclair.com.br/blog-images/capa-padrao-og.png","","","","","alt vazio (ok se decorativa) | sem width/height (risco de CLS) | sem atributo loading"
"https://mclair.com.br/blog/o-que-top-gun-maverick-tem-a-nos-ensinar-sobre-o-futuro-da-automacao/","https://mclair.com.br/blog-images/capa-padrao-og.png","Quem está por trás da automação?","","","lazy","sem width/height (risco de CLS)"
"https://mclair.com.br/blog/o-que-top-gun-maverick-tem-a-nos-ensinar-sobre-o-futuro-da-automacao/","https://mclair.com.br/blog-images/capa-padrao-og.png","O papel de entidades públicas para as Cidades Inteligentes","","","lazy","sem width/height (risco de CLS)"
"https://mclair.com.br/blog/o-que-top-gun-maverick-tem-a-nos-ensinar-sobre-o-futuro-da-automacao/","https://mclair.com.br/blog-images/capa-padrao-og.png","Inteligência Artificial: consenso é a chave para um mundo robotizado","","","lazy","sem width/height (risco de CLS)"
"https://mclair.com.br/blog/o-que-top-gun-maverick-tem-a-nos-ensinar-sobre-o-futuro-da-automacao/","/logos/logo-negativo.png","Mclair","","32","","sem width/height (risco de CLS) | sem atributo loading"
"https://mclair.com.br/blog/o/","/logos/logo-color.png","Mclair","","","","sem width/height (risco de CLS) | sem atributo loading"
"https://mclair.com.br/blog/o/","/logos/logo-white-hd.png","Mclair","","","","sem width/height (risco de CLS) | sem atributo loading"
"https://mclair.com.br/blog/o/","/cases-img/claudia-elisa-1.webp","","","","eager","alt vazio (ok se decorativa) | sem width/height (risco de CLS)"
"https://mclair.com.br/blog/o/","/logos/logo-icone-M.png","Mclair","120","120","","sem atributo loading"
"https://mclair.com.br/blog/o/","https://mclair.com.br/blog-images/capa-padrao-og.png","","","","","alt vazio (ok se decorativa) | sem width/height (risco de CLS) | sem atributo loading"
"https://mclair.com.br/blog/o/","https://mclair.com.br/blog-images/capa-padrao-og.png","Os desafios e mitos sobre a transição energética","","","lazy","sem width/height (risco de CLS)"
"https://mclair.com.br/blog/o/","https://mclair.com.br/blog-images/capa-padrao-og.png","RH e o futuro do trabalho: quais as tendências para os próximos 10 anos?","","","lazy","sem width/height (risco de CLS)"
"https://mclair.com.br/blog/o/","https://mclair.com.br/blog-images/capa-padrao-og.png","As 5 vantagens em ter um Conselho diverso","","","lazy","sem width/height (risco de CLS)"
"https://mclair.com.br/blog/o/","/logos/logo-negativo.png","Mclair","","32","","sem width/height (risco de CLS) | sem atributo loading"
"https://mclair.com.br/blog/oportunidade-de-capacitacao-em-ti-lambda3-apresenta-palestras-no-tdc-b/","/logos/logo-color.png","Mclair","","","","sem width/height (risco de CLS) | sem atributo loading"
"https://mclair.com.br/blog/oportunidade-de-capacitacao-em-ti-lambda3-apresenta-palestras-no-tdc-b/","/logos/logo-white-hd.png","Mclair","","","","sem width/height (risco de CLS) | sem atributo loading"
"https://mclair.com.br/blog/oportunidade-de-capacitacao-em-ti-lambda3-apresenta-palestras-no-tdc-b/","/cases-img/claudia-elisa-1.webp","","","","eager","alt vazio (ok se decorativa) | sem width/height (risco de CLS)"
"https://mclair.com.br/blog/oportunidade-de-capacitacao-em-ti-lambda3-apresenta-palestras-no-tdc-b/","/logos/logo-icone-M.png","Mclair","120","120","","sem atributo loading"
"https://mclair.com.br/blog/oportunidade-de-capacitacao-em-ti-lambda3-apresenta-palestras-no-tdc-b/","https://mclair.com.br/blog-images/capa-padrao-og.png","","","","","alt vazio (ok se decorativa) | sem width/height (risco de CLS) | sem atributo loading"
"https://mclair.com.br/blog/oportunidade-de-capacitacao-em-ti-lambda3-apresenta-palestras-no-tdc-b/","https://mclair.com.br/blog-images/capa-padrao-og.png","14/09 - Lambda3 completa 12 anos e lança podcast com olhar sobre negócios no contexto nacional","","","lazy","sem width/height (risco de CLS)"
"https://mclair.com.br/blog/oportunidade-de-capacitacao-em-ti-lambda3-apresenta-palestras-no-tdc-b/","https://mclair.com.br/blog-images/capa-padrao-og.png","4 erros comuns ao implementar produtos digitais","","","lazy","sem width/height (risco de CLS)"
"https://mclair.com.br/blog/oportunidade-de-capacitacao-em-ti-lambda3-apresenta-palestras-no-tdc-b/","https://mclair.com.br/blog-images/capa-padrao-og.png","4 filmes e séries sobre tecnologia para maratonar nas férias","","","lazy","sem width/height (risco de CLS)"
"https://mclair.com.br/blog/oportunidade-de-capacitacao-em-ti-lambda3-apresenta-palestras-no-tdc-b/","/logos/logo-negativo.png","Mclair","","32","","sem width/height (risco de CLS) | sem atributo loading"
"https://mclair.com.br/blog/os-desafios-e-impactos-do-5g-para-o-mercado/","/logos/logo-color.png","Mclair","","","","sem width/height (risco de CLS) | sem atributo loading"
"https://mclair.com.br/blog/os-desafios-e-impactos-do-5g-para-o-mercado/","/logos/logo-white-hd.png","Mclair","","","","sem width/height (risco de CLS) | sem atributo loading"
"https://mclair.com.br/blog/os-desafios-e-impactos-do-5g-para-o-mercado/","/cases-img/claudia-elisa-1.webp","","","","eager","alt vazio (ok se decorativa) | sem width/height (risco de CLS)"
"https://mclair.com.br/blog/os-desafios-e-impactos-do-5g-para-o-mercado/","/logos/logo-icone-M.png","Mclair","120","120","","sem atributo loading"
"https://mclair.com.br/blog/os-desafios-e-impactos-do-5g-para-o-mercado/","https://mclair.com.br/blog-images/capa-padrao-og.png","","","","","alt vazio (ok se decorativa) | sem width/height (risco de CLS) | sem atributo loading"
"https://mclair.com.br/blog/os-desafios-e-impactos-do-5g-para-o-mercado/","https://mclair.com.br/blog-images/capa-padrao-og.png","Quem está por trás da automação?","","","lazy","sem width/height (risco de CLS)"
"https://mclair.com.br/blog/os-desafios-e-impactos-do-5g-para-o-mercado/","https://mclair.com.br/blog-images/capa-padrao-og.png","O papel de entidades públicas para as Cidades Inteligentes","","","lazy","sem width/height (risco de CLS)"
"https://mclair.com.br/blog/os-desafios-e-impactos-do-5g-para-o-mercado/","https://mclair.com.br/blog-images/capa-padrao-og.png","Inteligência Artificial: consenso é a chave para um mundo robotizado","","","lazy","sem width/height (risco de CLS)"
"https://mclair.com.br/blog/os-desafios-e-impactos-do-5g-para-o-mercado/","/logos/logo-negativo.png","Mclair","","32","","sem width/height (risco de CLS) | sem atributo loading"
"https://mclair.com.br/blog/os-desafios-e-mitos-sobre-a-transicao-energetica/","/logos/logo-color.png","Mclair","","","","sem width/height (risco de CLS) | sem atributo loading"
"https://mclair.com.br/blog/os-desafios-e-mitos-sobre-a-transicao-energetica/","/logos/logo-white-hd.png","Mclair","","","","sem width/height (risco de CLS) | sem atributo loading"
"https://mclair.com.br/blog/os-desafios-e-mitos-sobre-a-transicao-energetica/","/cases-img/claudia-elisa-1.webp","","","","eager","alt vazio (ok se decorativa) | sem width/height (risco de CLS)"
"https://mclair.com.br/blog/os-desafios-e-mitos-sobre-a-transicao-energetica/","/logos/logo-icone-M.png","Mclair","120","120","","sem atributo loading"
"https://mclair.com.br/blog/os-desafios-e-mitos-sobre-a-transicao-energetica/","https://mclair.com.br/blog-images/capa-padrao-og.png","","","","","alt vazio (ok se decorativa) | sem width/height (risco de CLS) | sem atributo loading"
"https://mclair.com.br/blog/os-desafios-e-mitos-sobre-a-transicao-energetica/","https://mclair.com.br/blog-images/capa-padrao-og.png","RH e o futuro do trabalho: quais as tendências para os próximos 10 anos?","","","lazy","sem width/height (risco de CLS)"
"https://mclair.com.br/blog/os-desafios-e-mitos-sobre-a-transicao-energetica/","https://mclair.com.br/blog-images/capa-padrao-og.png","O","","","lazy","sem width/height (risco de CLS)"
"https://mclair.com.br/blog/os-desafios-e-mitos-sobre-a-transicao-energetica/","https://mclair.com.br/blog-images/capa-padrao-og.png","As 5 vantagens em ter um Conselho diverso","","","lazy","sem width/height (risco de CLS)"
"https://mclair.com.br/blog/os-desafios-e-mitos-sobre-a-transicao-energetica/","/logos/logo-negativo.png","Mclair","","32","","sem width/height (risco de CLS) | sem atributo loading"
"https://mclair.com.br/blog/os-desafios-para-a-gestao-de-pessoas-e-o-exito-organizacional/","/logos/logo-color.png","Mclair","","","","sem width/height (risco de CLS) | sem atributo loading"
"https://mclair.com.br/blog/os-desafios-para-a-gestao-de-pessoas-e-o-exito-organizacional/","/logos/logo-white-hd.png","Mclair","","","","sem width/height (risco de CLS) | sem atributo loading"
"https://mclair.com.br/blog/os-desafios-para-a-gestao-de-pessoas-e-o-exito-organizacional/","/cases-img/claudia-elisa-1.webp","","","","eager","alt vazio (ok se decorativa) | sem width/height (risco de CLS)"
"https://mclair.com.br/blog/os-desafios-para-a-gestao-de-pessoas-e-o-exito-organizacional/","/logos/logo-icone-M.png","Mclair","120","120","","sem atributo loading"
"https://mclair.com.br/blog/os-desafios-para-a-gestao-de-pessoas-e-o-exito-organizacional/","https://mclair.com.br/blog-images/capa-padrao-og.png","","","","","alt vazio (ok se decorativa) | sem width/height (risco de CLS) | sem atributo loading"
"https://mclair.com.br/blog/os-desafios-para-a-gestao-de-pessoas-e-o-exito-organizacional/","https://mclair.com.br/blog-images/capa-padrao-og.png","A arte de transformar metas em realidade","","","lazy","sem width/height (risco de CLS)"
"https://mclair.com.br/blog/os-desafios-para-a-gestao-de-pessoas-e-o-exito-organizacional/","https://mclair.com.br/blog-images/capa-padrao-og.png","Lambda3 abre 28 vagas para desenvolvedores","","","lazy","sem width/height (risco de CLS)"
"https://mclair.com.br/blog/os-desafios-para-a-gestao-de-pessoas-e-o-exito-organizacional/","https://mclair.com.br/blog-images/capa-padrao-og.png","O lado B da produtividade em trabalho remoto","","","lazy","sem width/height (risco de CLS)"
"https://mclair.com.br/blog/os-desafios-para-a-gestao-de-pessoas-e-o-exito-organizacional/","/logos/logo-negativo.png","Mclair","","32","","sem width/height (risco de CLS) | sem atributo loading"
"https://mclair.com.br/blog/os-impactos-da-engenharia-de-dados-para-a-transformacao-digital/","/logos/logo-color.png","Mclair","","","","sem width/height (risco de CLS) | sem atributo loading"
"https://mclair.com.br/blog/os-impactos-da-engenharia-de-dados-para-a-transformacao-digital/","/logos/logo-white-hd.png","Mclair","","","","sem width/height (risco de CLS) | sem atributo loading"
"https://mclair.com.br/blog/os-impactos-da-engenharia-de-dados-para-a-transformacao-digital/","/cases-img/claudia-elisa-1.webp","","","","eager","alt vazio (ok se decorativa) | sem width/height (risco de CLS)"
"https://mclair.com.br/blog/os-impactos-da-engenharia-de-dados-para-a-transformacao-digital/","/logos/logo-icone-M.png","Mclair","120","120","","sem atributo loading"
"https://mclair.com.br/blog/os-impactos-da-engenharia-de-dados-para-a-transformacao-digital/","https://mclair.com.br/blog-images/capa-padrao-og.png","","","","","alt vazio (ok se decorativa) | sem width/height (risco de CLS) | sem atributo loading"
"https://mclair.com.br/blog/os-impactos-da-engenharia-de-dados-para-a-transformacao-digital/","https://mclair.com.br/blog-images/capa-padrao-og.png","A arte de transformar metas em realidade","","","lazy","sem width/height (risco de CLS)"
"https://mclair.com.br/blog/os-impactos-da-engenharia-de-dados-para-a-transformacao-digital/","https://mclair.com.br/blog-images/capa-padrao-og.png","Lambda3 abre 28 vagas para desenvolvedores","","","lazy","sem width/height (risco de CLS)"
"https://mclair.com.br/blog/os-impactos-da-engenharia-de-dados-para-a-transformacao-digital/","https://mclair.com.br/blog-images/capa-padrao-og.png","O lado B da produtividade em trabalho remoto","","","lazy","sem width/height (risco de CLS)"
"https://mclair.com.br/blog/os-impactos-da-engenharia-de-dados-para-a-transformacao-digital/","/logos/logo-negativo.png","Mclair","","32","","sem width/height (risco de CLS) | sem atributo loading"
"https://mclair.com.br/blog/os-melhores-talentos-estao-cansados-do-mundo-corporativo/","/logos/logo-color.png","Mclair","","","","sem width/height (risco de CLS) | sem atributo loading"
"https://mclair.com.br/blog/os-melhores-talentos-estao-cansados-do-mundo-corporativo/","/logos/logo-white-hd.png","Mclair","","","","sem width/height (risco de CLS) | sem atributo loading"
"https://mclair.com.br/blog/os-melhores-talentos-estao-cansados-do-mundo-corporativo/","/cases-img/claudia-elisa-1.webp","","","","eager","alt vazio (ok se decorativa) | sem width/height (risco de CLS)"
"https://mclair.com.br/blog/os-melhores-talentos-estao-cansados-do-mundo-corporativo/","/logos/logo-icone-M.png","Mclair","120","120","","sem atributo loading"
"https://mclair.com.br/blog/os-melhores-talentos-estao-cansados-do-mundo-corporativo/","https://mclair.com.br/blog-images/capa-padrao-og.png","","","","","alt vazio (ok se decorativa) | sem width/height (risco de CLS) | sem atributo loading"
"https://mclair.com.br/blog/os-melhores-talentos-estao-cansados-do-mundo-corporativo/","https://mclair.com.br/blog-images/capa-padrao-og.png","Os desafios e mitos sobre a transição energética","","","lazy","sem width/height (risco de CLS)"
"https://mclair.com.br/blog/os-melhores-talentos-estao-cansados-do-mundo-corporativo/","https://mclair.com.br/blog-images/capa-padrao-og.png","RH e o futuro do trabalho: quais as tendências para os próximos 10 anos?","","","lazy","sem width/height (risco de CLS)"
"https://mclair.com.br/blog/os-melhores-talentos-estao-cansados-do-mundo-corporativo/","https://mclair.com.br/blog-images/capa-padrao-og.png","O","","","lazy","sem width/height (risco de CLS)"
"https://mclair.com.br/blog/os-melhores-talentos-estao-cansados-do-mundo-corporativo/","/logos/logo-negativo.png","Mclair","","32","","sem width/height (risco de CLS) | sem atributo loading"
"https://mclair.com.br/blog/os-parametros-para-produtividade-foram-redefinidos/","/logos/logo-color.png","Mclair","","","","sem width/height (risco de CLS) | sem atributo loading"
"https://mclair.com.br/blog/os-parametros-para-produtividade-foram-redefinidos/","/logos/logo-white-hd.png","Mclair","","","","sem width/height (risco de CLS) | sem atributo loading"
"https://mclair.com.br/blog/os-parametros-para-produtividade-foram-redefinidos/","/cases-img/claudia-elisa-1.webp","","","","eager","alt vazio (ok se decorativa) | sem width/height (risco de CLS)"
"https://mclair.com.br/blog/os-parametros-para-produtividade-foram-redefinidos/","/logos/logo-icone-M.png","Mclair","120","120","","sem atributo loading"
"https://mclair.com.br/blog/os-parametros-para-produtividade-foram-redefinidos/","https://mclair.com.br/blog-images/capa-padrao-og.png","","","","","alt vazio (ok se decorativa) | sem width/height (risco de CLS) | sem atributo loading"
"https://mclair.com.br/blog/os-parametros-para-produtividade-foram-redefinidos/","https://mclair.com.br/blog-images/capa-padrao-og.png","Momentos de crise exigem lideranças inteligentes","","","lazy","sem width/height (risco de CLS)"
"https://mclair.com.br/blog/os-parametros-para-produtividade-foram-redefinidos/","https://mclair.com.br/blog-images/capa-padrao-og.png","Computadores não vencem humanos em debates... Por enquanto!","","","lazy","sem width/height (risco de CLS)"
"https://mclair.com.br/blog/os-parametros-para-produtividade-foram-redefinidos/","https://mclair.com.br/blog-images/capa-padrao-og.png","Empresas modernas serão, cada vez mais, empresas de software","","","lazy","sem width/height (risco de CLS)"
"https://mclair.com.br/blog/os-parametros-para-produtividade-foram-redefinidos/","/logos/logo-negativo.png","Mclair","","32","","sem width/height (risco de CLS) | sem atributo loading"
"https://mclair.com.br/blog/pandemia-evidencia-necessidades-de-reposicionamento-de-marcas/","/logos/logo-color.png","Mclair","","","","sem width/height (risco de CLS) | sem atributo loading"
"https://mclair.com.br/blog/pandemia-evidencia-necessidades-de-reposicionamento-de-marcas/","/logos/logo-white-hd.png","Mclair","","","","sem width/height (risco de CLS) | sem atributo loading"
"https://mclair.com.br/blog/pandemia-evidencia-necessidades-de-reposicionamento-de-marcas/","/cases-img/claudia-elisa-1.webp","","","","eager","alt vazio (ok se decorativa) | sem width/height (risco de CLS)"
"https://mclair.com.br/blog/pandemia-evidencia-necessidades-de-reposicionamento-de-marcas/","/logos/logo-icone-M.png","Mclair","120","120","","sem atributo loading"
"https://mclair.com.br/blog/pandemia-evidencia-necessidades-de-reposicionamento-de-marcas/","https://mclair.com.br/blog-images/capa-padrao-og.png","","","","","alt vazio (ok se decorativa) | sem width/height (risco de CLS) | sem atributo loading"
"https://mclair.com.br/blog/pandemia-evidencia-necessidades-de-reposicionamento-de-marcas/","https://mclair.com.br/blog-images/capa-padrao-og.png","Momentos de crise exigem lideranças inteligentes","","","lazy","sem width/height (risco de CLS)"
"https://mclair.com.br/blog/pandemia-evidencia-necessidades-de-reposicionamento-de-marcas/","https://mclair.com.br/blog-images/capa-padrao-og.png","Os parâmetros para produtividade foram redefinidos","","","lazy","sem width/height (risco de CLS)"
"https://mclair.com.br/blog/pandemia-evidencia-necessidades-de-reposicionamento-de-marcas/","https://mclair.com.br/blog-images/capa-padrao-og.png","Computadores não vencem humanos em debates... Por enquanto!","","","lazy","sem width/height (risco de CLS)"
"https://mclair.com.br/blog/pandemia-evidencia-necessidades-de-reposicionamento-de-marcas/","/logos/logo-negativo.png","Mclair","","32","","sem width/height (risco de CLS) | sem atributo loading"
"https://mclair.com.br/blog/perceber-nuances-o-superpoder-que-todo-lider-precisa-ter/","/logos/logo-color.png","Mclair","","","","sem width/height (risco de CLS) | sem atributo loading"
"https://mclair.com.br/blog/perceber-nuances-o-superpoder-que-todo-lider-precisa-ter/","/logos/logo-white-hd.png","Mclair","","","","sem width/height (risco de CLS) | sem atributo loading"
"https://mclair.com.br/blog/perceber-nuances-o-superpoder-que-todo-lider-precisa-ter/","/cases-img/claudia-elisa-1.webp","","","","eager","alt vazio (ok se decorativa) | sem width/height (risco de CLS)"
"https://mclair.com.br/blog/perceber-nuances-o-superpoder-que-todo-lider-precisa-ter/","/logos/logo-icone-M.png","Mclair","120","120","","sem atributo loading"
"https://mclair.com.br/blog/perceber-nuances-o-superpoder-que-todo-lider-precisa-ter/","https://mclair.com.br/blog-images/capa-padrao-og.png","","","","","alt vazio (ok se decorativa) | sem width/height (risco de CLS) | sem atributo loading"
"https://mclair.com.br/blog/perceber-nuances-o-superpoder-que-todo-lider-precisa-ter/","https://mclair.com.br/blog-images/capa-padrao-og.png","Os desafios e mitos sobre a transição energética","","","lazy","sem width/height (risco de CLS)"
"https://mclair.com.br/blog/perceber-nuances-o-superpoder-que-todo-lider-precisa-ter/","https://mclair.com.br/blog-images/capa-padrao-og.png","RH e o futuro do trabalho: quais as tendências para os próximos 10 anos?","","","lazy","sem width/height (risco de CLS)"
"https://mclair.com.br/blog/perceber-nuances-o-superpoder-que-todo-lider-precisa-ter/","https://mclair.com.br/blog-images/capa-padrao-og.png","O","","","lazy","sem width/height (risco de CLS)"
"https://mclair.com.br/blog/perceber-nuances-o-superpoder-que-todo-lider-precisa-ter/","/logos/logo-negativo.png","Mclair","","32","","sem width/height (risco de CLS) | sem atributo loading"
"https://mclair.com.br/blog/perspectivas-2020-para-o-varejo-farmaceutico/","/logos/logo-color.png","Mclair","","","","sem width/height (risco de CLS) | sem atributo loading"
"https://mclair.com.br/blog/perspectivas-2020-para-o-varejo-farmaceutico/","/logos/logo-white-hd.png","Mclair","","","","sem width/height (risco de CLS) | sem atributo loading"
"https://mclair.com.br/blog/perspectivas-2020-para-o-varejo-farmaceutico/","/cases-img/claudia-elisa-1.webp","","","","eager","alt vazio (ok se decorativa) | sem width/height (risco de CLS)"
"https://mclair.com.br/blog/perspectivas-2020-para-o-varejo-farmaceutico/","/logos/logo-icone-M.png","Mclair","120","120","","sem atributo loading"
"https://mclair.com.br/blog/perspectivas-2020-para-o-varejo-farmaceutico/","https://mclair.com.br/blog-images/capa-padrao-og.png","","","","","alt vazio (ok se decorativa) | sem width/height (risco de CLS) | sem atributo loading"
"https://mclair.com.br/blog/perspectivas-2020-para-o-varejo-farmaceutico/","https://mclair.com.br/blog-images/capa-padrao-og.png","A arte de transformar metas em realidade","","","lazy","sem width/height (risco de CLS)"
"https://mclair.com.br/blog/perspectivas-2020-para-o-varejo-farmaceutico/","https://mclair.com.br/blog-images/capa-padrao-og.png","Lambda3 abre 28 vagas para desenvolvedores","","","lazy","sem width/height (risco de CLS)"
"https://mclair.com.br/blog/perspectivas-2020-para-o-varejo-farmaceutico/","https://mclair.com.br/blog-images/capa-padrao-og.png","O lado B da produtividade em trabalho remoto","","","lazy","sem width/height (risco de CLS)"
"https://mclair.com.br/blog/perspectivas-2020-para-o-varejo-farmaceutico/","/logos/logo-negativo.png","Mclair","","32","","sem width/height (risco de CLS) | sem atributo loading"
"https://mclair.com.br/blog/pirataria-sai-do-controle-com-streaming-e-isolamento-social/","/logos/logo-color.png","Mclair","","","","sem width/height (risco de CLS) | sem atributo loading"
"https://mclair.com.br/blog/pirataria-sai-do-controle-com-streaming-e-isolamento-social/","/logos/logo-white-hd.png","Mclair","","","","sem width/height (risco de CLS) | sem atributo loading"
"https://mclair.com.br/blog/pirataria-sai-do-controle-com-streaming-e-isolamento-social/","/cases-img/claudia-elisa-1.webp","","","","eager","alt vazio (ok se decorativa) | sem width/height (risco de CLS)"
"https://mclair.com.br/blog/pirataria-sai-do-controle-com-streaming-e-isolamento-social/","/logos/logo-icone-M.png","Mclair","120","120","","sem atributo loading"
"https://mclair.com.br/blog/pirataria-sai-do-controle-com-streaming-e-isolamento-social/","https://mclair.com.br/blog-images/capa-padrao-og.png","","","","","alt vazio (ok se decorativa) | sem width/height (risco de CLS) | sem atributo loading"
"https://mclair.com.br/blog/pirataria-sai-do-controle-com-streaming-e-isolamento-social/","https://mclair.com.br/blog-images/capa-padrao-og.png","Abrolhos Filmes lança vídeo manifesto para reforçar posicionamento","","","lazy","sem width/height (risco de CLS)"
"https://mclair.com.br/blog/pirataria-sai-do-controle-com-streaming-e-isolamento-social/","https://mclair.com.br/blog-images/capa-padrao-og.png","Cotas para streaming na França realça atraso do Brasil na regulamentação de VoD","","","lazy","sem width/height (risco de CLS)"
"https://mclair.com.br/blog/pirataria-sai-do-controle-com-streaming-e-isolamento-social/","https://mclair.com.br/blog-images/capa-padrao-og.png","Série Lupin movimenta consumo e reitera potência do audiovisual","","","lazy","sem width/height (risco de CLS)"
"https://mclair.com.br/blog/pirataria-sai-do-controle-com-streaming-e-isolamento-social/","/logos/logo-negativo.png","Mclair","","32","","sem width/height (risco de CLS) | sem atributo loading"
"https://mclair.com.br/blog/por-que-a-seguranca-psicologica-de-colaboradores-e-fundamental-para-as/","/logos/logo-color.png","Mclair","","","","sem width/height (risco de CLS) | sem atributo loading"
"https://mclair.com.br/blog/por-que-a-seguranca-psicologica-de-colaboradores-e-fundamental-para-as/","/logos/logo-white-hd.png","Mclair","","","","sem width/height (risco de CLS) | sem atributo loading"
"https://mclair.com.br/blog/por-que-a-seguranca-psicologica-de-colaboradores-e-fundamental-para-as/","/cases-img/claudia-elisa-1.webp","","","","eager","alt vazio (ok se decorativa) | sem width/height (risco de CLS)"
"https://mclair.com.br/blog/por-que-a-seguranca-psicologica-de-colaboradores-e-fundamental-para-as/","/logos/logo-icone-M.png","Mclair","120","120","","sem atributo loading"
"https://mclair.com.br/blog/por-que-a-seguranca-psicologica-de-colaboradores-e-fundamental-para-as/","https://mclair.com.br/blog-images/capa-padrao-og.png","","","","","alt vazio (ok se decorativa) | sem width/height (risco de CLS) | sem atributo loading"
"https://mclair.com.br/blog/por-que-a-seguranca-psicologica-de-colaboradores-e-fundamental-para-as/","https://mclair.com.br/blog-images/capa-padrao-og.png","Como entender melhor e liderar a Geração Z?","","","lazy","sem width/height (risco de CLS)"
"https://mclair.com.br/blog/por-que-a-seguranca-psicologica-de-colaboradores-e-fundamental-para-as/","https://mclair.com.br/blog-images/capa-padrao-og.png","Pós-Licença: a realidade e rotina de uma mãe na volta ao trabalho","","","lazy","sem width/height (risco de CLS)"
"https://mclair.com.br/blog/por-que-a-seguranca-psicologica-de-colaboradores-e-fundamental-para-as/","/uploads/recovered-a-maternidade-e-os-desafios-para-a-carreira-da-mulher.jpg","A maternidade e os desafios para a carreira da mulher","","","lazy","sem width/height (risco de CLS)"
"https://mclair.com.br/blog/por-que-a-seguranca-psicologica-de-colaboradores-e-fundamental-para-as/","/logos/logo-negativo.png","Mclair","","32","","sem width/height (risco de CLS) | sem atributo loading"
"https://mclair.com.br/blog/por-que-as-geracoes-y-e-z-se-relacionam-melhor-com-o-esg/","/logos/logo-color.png","Mclair","","","","sem width/height (risco de CLS) | sem atributo loading"
"https://mclair.com.br/blog/por-que-as-geracoes-y-e-z-se-relacionam-melhor-com-o-esg/","/logos/logo-white-hd.png","Mclair","","","","sem width/height (risco de CLS) | sem atributo loading"
"https://mclair.com.br/blog/por-que-as-geracoes-y-e-z-se-relacionam-melhor-com-o-esg/","/cases-img/claudia-elisa-1.webp","","","","eager","alt vazio (ok se decorativa) | sem width/height (risco de CLS)"
"https://mclair.com.br/blog/por-que-as-geracoes-y-e-z-se-relacionam-melhor-com-o-esg/","/logos/logo-icone-M.png","Mclair","120","120","","sem atributo loading"
"https://mclair.com.br/blog/por-que-as-geracoes-y-e-z-se-relacionam-melhor-com-o-esg/","https://mclair.com.br/blog-images/capa-padrao-og.png","","","","","alt vazio (ok se decorativa) | sem width/height (risco de CLS) | sem atributo loading"
"https://mclair.com.br/blog/por-que-as-geracoes-y-e-z-se-relacionam-melhor-com-o-esg/","https://mclair.com.br/blog-images/capa-padrao-og.png","Os desafios e mitos sobre a transição energética","","","lazy","sem width/height (risco de CLS)"
"https://mclair.com.br/blog/por-que-as-geracoes-y-e-z-se-relacionam-melhor-com-o-esg/","https://mclair.com.br/blog-images/capa-padrao-og.png","RH e o futuro do trabalho: quais as tendências para os próximos 10 anos?","","","lazy","sem width/height (risco de CLS)"
"https://mclair.com.br/blog/por-que-as-geracoes-y-e-z-se-relacionam-melhor-com-o-esg/","https://mclair.com.br/blog-images/capa-padrao-og.png","O","","","lazy","sem width/height (risco de CLS)"
"https://mclair.com.br/blog/por-que-as-geracoes-y-e-z-se-relacionam-melhor-com-o-esg/","/logos/logo-negativo.png","Mclair","","32","","sem width/height (risco de CLS) | sem atributo loading"
"https://mclair.com.br/blog/por-que-o-respeito-e-decisivo-para-as-relacoes-e-resultados/","/logos/logo-color.png","Mclair","","","","sem width/height (risco de CLS) | sem atributo loading"
"https://mclair.com.br/blog/por-que-o-respeito-e-decisivo-para-as-relacoes-e-resultados/","/logos/logo-white-hd.png","Mclair","","","","sem width/height (risco de CLS) | sem atributo loading"
"https://mclair.com.br/blog/por-que-o-respeito-e-decisivo-para-as-relacoes-e-resultados/","/cases-img/claudia-elisa-1.webp","","","","eager","alt vazio (ok se decorativa) | sem width/height (risco de CLS)"
"https://mclair.com.br/blog/por-que-o-respeito-e-decisivo-para-as-relacoes-e-resultados/","/logos/logo-icone-M.png","Mclair","120","120","","sem atributo loading"
"https://mclair.com.br/blog/por-que-o-respeito-e-decisivo-para-as-relacoes-e-resultados/","/uploads/recovered-por-que-o-respeito-e-decisivo-para-as-relacoes-e-resultados.jpeg","","","","","alt vazio (ok se decorativa) | sem width/height (risco de CLS) | sem atributo loading"
"https://mclair.com.br/blog/por-que-o-respeito-e-decisivo-para-as-relacoes-e-resultados/","https://mclair.com.br/blog-images/capa-padrao-og.png","A arte de transformar metas em realidade","","","lazy","sem width/height (risco de CLS)"
"https://mclair.com.br/blog/por-que-o-respeito-e-decisivo-para-as-relacoes-e-resultados/","https://mclair.com.br/blog-images/capa-padrao-og.png","Lambda3 abre 28 vagas para desenvolvedores","","","lazy","sem width/height (risco de CLS)"
"https://mclair.com.br/blog/por-que-o-respeito-e-decisivo-para-as-relacoes-e-resultados/","https://mclair.com.br/blog-images/capa-padrao-og.png","O lado B da produtividade em trabalho remoto","","","lazy","sem width/height (risco de CLS)"
"https://mclair.com.br/blog/por-que-o-respeito-e-decisivo-para-as-relacoes-e-resultados/","/logos/logo-negativo.png","Mclair","","32","","sem width/height (risco de CLS) | sem atributo loading"
"https://mclair.com.br/blog/pos-licenca-a-realidade-e-rotina-de-uma-mae-na-volta-ao-trabalho/","/logos/logo-color.png","Mclair","","","","sem width/height (risco de CLS) | sem atributo loading"
"https://mclair.com.br/blog/pos-licenca-a-realidade-e-rotina-de-uma-mae-na-volta-ao-trabalho/","/logos/logo-white-hd.png","Mclair","","","","sem width/height (risco de CLS) | sem atributo loading"
"https://mclair.com.br/blog/pos-licenca-a-realidade-e-rotina-de-uma-mae-na-volta-ao-trabalho/","/cases-img/claudia-elisa-1.webp","","","","eager","alt vazio (ok se decorativa) | sem width/height (risco de CLS)"
"https://mclair.com.br/blog/pos-licenca-a-realidade-e-rotina-de-uma-mae-na-volta-ao-trabalho/","/logos/logo-icone-M.png","Mclair","120","120","","sem atributo loading"
"https://mclair.com.br/blog/pos-licenca-a-realidade-e-rotina-de-uma-mae-na-volta-ao-trabalho/","https://mclair.com.br/blog-images/capa-padrao-og.png","","","","","alt vazio (ok se decorativa) | sem width/height (risco de CLS) | sem atributo loading"
"https://mclair.com.br/blog/pos-licenca-a-realidade-e-rotina-de-uma-mae-na-volta-ao-trabalho/","https://mclair.com.br/blog-images/capa-padrao-og.png","Como entender melhor e liderar a Geração Z?","","","lazy","sem width/height (risco de CLS)"
"https://mclair.com.br/blog/pos-licenca-a-realidade-e-rotina-de-uma-mae-na-volta-ao-trabalho/","https://mclair.com.br/blog-images/capa-padrao-og.png","Por que a segurança psicológica de colaboradores é fundamental para as organizações","","","lazy","sem width/height (risco de CLS)"
"https://mclair.com.br/blog/pos-licenca-a-realidade-e-rotina-de-uma-mae-na-volta-ao-trabalho/","/uploads/recovered-a-maternidade-e-os-desafios-para-a-carreira-da-mulher.jpg","A maternidade e os desafios para a carreira da mulher","","","lazy","sem width/height (risco de CLS)"
"https://mclair.com.br/blog/pos-licenca-a-realidade-e-rotina-de-uma-mae-na-volta-ao-trabalho/","/logos/logo-negativo.png","Mclair","","32","","sem width/height (risco de CLS) | sem atributo loading"
"https://mclair.com.br/blog/praticas-de-gestao-de-pessoas-ajudam-na-transformacao-de-conceitos-cul/","/logos/logo-color.png","Mclair","","","","sem width/height (risco de CLS) | sem atributo loading"
"https://mclair.com.br/blog/praticas-de-gestao-de-pessoas-ajudam-na-transformacao-de-conceitos-cul/","/logos/logo-white-hd.png","Mclair","","","","sem width/height (risco de CLS) | sem atributo loading"
"https://mclair.com.br/blog/praticas-de-gestao-de-pessoas-ajudam-na-transformacao-de-conceitos-cul/","/cases-img/claudia-elisa-1.webp","","","","eager","alt vazio (ok se decorativa) | sem width/height (risco de CLS)"
"https://mclair.com.br/blog/praticas-de-gestao-de-pessoas-ajudam-na-transformacao-de-conceitos-cul/","/logos/logo-icone-M.png","Mclair","120","120","","sem atributo loading"
"https://mclair.com.br/blog/praticas-de-gestao-de-pessoas-ajudam-na-transformacao-de-conceitos-cul/","https://mclair.com.br/blog-images/capa-padrao-og.png","","","","","alt vazio (ok se decorativa) | sem width/height (risco de CLS) | sem atributo loading"
"https://mclair.com.br/blog/praticas-de-gestao-de-pessoas-ajudam-na-transformacao-de-conceitos-cul/","https://mclair.com.br/blog-images/capa-padrao-og.png","Há futuro para o mercado de tecnologia sem cultura organizacional diversa?","","","lazy","sem width/height (risco de CLS)"
"https://mclair.com.br/blog/praticas-de-gestao-de-pessoas-ajudam-na-transformacao-de-conceitos-cul/","https://mclair.com.br/blog-images/capa-padrao-og.png","Diversidade Etária: Por que a geração 40+ é essencial para o mercado de trabalho","","","lazy","sem width/height (risco de CLS)"
"https://mclair.com.br/blog/praticas-de-gestao-de-pessoas-ajudam-na-transformacao-de-conceitos-cul/","https://mclair.com.br/blog-images/capa-padrao-og.png","O futuro do trabalho remoto e o match entre tecnologia e pessoas","","","lazy","sem width/height (risco de CLS)"
"https://mclair.com.br/blog/praticas-de-gestao-de-pessoas-ajudam-na-transformacao-de-conceitos-cul/","/logos/logo-negativo.png","Mclair","","32","","sem width/height (risco de CLS) | sem atributo loading"
"https://mclair.com.br/blog/projeto-ze-conecta-amplia-a-inclusao-digital-para-alunos-da-fundacao-j/","/logos/logo-color.png","Mclair","","","","sem width/height (risco de CLS) | sem atributo loading"
"https://mclair.com.br/blog/projeto-ze-conecta-amplia-a-inclusao-digital-para-alunos-da-fundacao-j/","/logos/logo-white-hd.png","Mclair","","","","sem width/height (risco de CLS) | sem atributo loading"
"https://mclair.com.br/blog/projeto-ze-conecta-amplia-a-inclusao-digital-para-alunos-da-fundacao-j/","/cases-img/claudia-elisa-1.webp","","","","eager","alt vazio (ok se decorativa) | sem width/height (risco de CLS)"
"https://mclair.com.br/blog/projeto-ze-conecta-amplia-a-inclusao-digital-para-alunos-da-fundacao-j/","/logos/logo-icone-M.png","Mclair","120","120","","sem atributo loading"
"https://mclair.com.br/blog/projeto-ze-conecta-amplia-a-inclusao-digital-para-alunos-da-fundacao-j/","https://mclair.com.br/blog-images/capa-padrao-og.png","","","","","alt vazio (ok se decorativa) | sem width/height (risco de CLS) | sem atributo loading"
"https://mclair.com.br/blog/projeto-ze-conecta-amplia-a-inclusao-digital-para-alunos-da-fundacao-j/","https://mclair.com.br/blog-images/capa-padrao-og.png","Projeto Zé Conecta amplia inclusão digital a alunos em situação vulnerável","","","lazy","sem width/height (risco de CLS)"
"https://mclair.com.br/blog/projeto-ze-conecta-amplia-a-inclusao-digital-para-alunos-da-fundacao-j/","https://mclair.com.br/blog-images/capa-padrao-og.png","A arte de transformar metas em realidade","","","lazy","sem width/height (risco de CLS)"
"https://mclair.com.br/blog/projeto-ze-conecta-amplia-a-inclusao-digital-para-alunos-da-fundacao-j/","https://mclair.com.br/blog-images/capa-padrao-og.png","Lambda3 abre 28 vagas para desenvolvedores","","","lazy","sem width/height (risco de CLS)"
"https://mclair.com.br/blog/projeto-ze-conecta-amplia-a-inclusao-digital-para-alunos-da-fundacao-j/","/logos/logo-negativo.png","Mclair","","32","","sem width/height (risco de CLS) | sem atributo loading"
"https://mclair.com.br/blog/projeto-ze-conecta-amplia-inclusao-digital-a-alunos-em-situacao-vulner/","/logos/logo-color.png","Mclair","","","","sem width/height (risco de CLS) | sem atributo loading"
"https://mclair.com.br/blog/projeto-ze-conecta-amplia-inclusao-digital-a-alunos-em-situacao-vulner/","/logos/logo-white-hd.png","Mclair","","","","sem width/height (risco de CLS) | sem atributo loading"
"https://mclair.com.br/blog/projeto-ze-conecta-amplia-inclusao-digital-a-alunos-em-situacao-vulner/","/cases-img/claudia-elisa-1.webp","","","","eager","alt vazio (ok se decorativa) | sem width/height (risco de CLS)"
"https://mclair.com.br/blog/projeto-ze-conecta-amplia-inclusao-digital-a-alunos-em-situacao-vulner/","/logos/logo-icone-M.png","Mclair","120","120","","sem atributo loading"
"https://mclair.com.br/blog/projeto-ze-conecta-amplia-inclusao-digital-a-alunos-em-situacao-vulner/","https://mclair.com.br/blog-images/capa-padrao-og.png","","","","","alt vazio (ok se decorativa) | sem width/height (risco de CLS) | sem atributo loading"
"https://mclair.com.br/blog/projeto-ze-conecta-amplia-inclusao-digital-a-alunos-em-situacao-vulner/","https://mclair.com.br/blog-images/capa-padrao-og.png","Projeto Zé Conecta amplia a inclusão digital para alunos da Fundação José Carvalho","","","lazy","sem width/height (risco de CLS)"
"https://mclair.com.br/blog/projeto-ze-conecta-amplia-inclusao-digital-a-alunos-em-situacao-vulner/","https://mclair.com.br/blog-images/capa-padrao-og.png","A arte de transformar metas em realidade","","","lazy","sem width/height (risco de CLS)"
"https://mclair.com.br/blog/projeto-ze-conecta-amplia-inclusao-digital-a-alunos-em-situacao-vulner/","https://mclair.com.br/blog-images/capa-padrao-og.png","Lambda3 abre 28 vagas para desenvolvedores","","","lazy","sem width/height (risco de CLS)"
"https://mclair.com.br/blog/projeto-ze-conecta-amplia-inclusao-digital-a-alunos-em-situacao-vulner/","/logos/logo-negativo.png","Mclair","","32","","sem width/height (risco de CLS) | sem atributo loading"
"https://mclair.com.br/blog/quando-misturar-relacao-mercantil-e-social-nao-e-um-bom-negocio/","/logos/logo-color.png","Mclair","","","","sem width/height (risco de CLS) | sem atributo loading"
"https://mclair.com.br/blog/quando-misturar-relacao-mercantil-e-social-nao-e-um-bom-negocio/","/logos/logo-white-hd.png","Mclair","","","","sem width/height (risco de CLS) | sem atributo loading"
"https://mclair.com.br/blog/quando-misturar-relacao-mercantil-e-social-nao-e-um-bom-negocio/","/cases-img/claudia-elisa-1.webp","","","","eager","alt vazio (ok se decorativa) | sem width/height (risco de CLS)"
"https://mclair.com.br/blog/quando-misturar-relacao-mercantil-e-social-nao-e-um-bom-negocio/","/logos/logo-icone-M.png","Mclair","120","120","","sem atributo loading"
"https://mclair.com.br/blog/quando-misturar-relacao-mercantil-e-social-nao-e-um-bom-negocio/","https://mclair.com.br/blog-images/capa-padrao-og.png","","","","","alt vazio (ok se decorativa) | sem width/height (risco de CLS) | sem atributo loading"
"https://mclair.com.br/blog/quando-misturar-relacao-mercantil-e-social-nao-e-um-bom-negocio/","https://files.pressmanager.net/clientes/d4f4d624efad0b11b5c71668be0c65c3/imagens/2020/03/12/7c7a19dd70e8d4c5d3139bb25f28672e_medium.jpg","","","","","alt vazio (ok se decorativa) | sem width/height (risco de CLS) | sem atributo loading"
"https://mclair.com.br/blog/quando-misturar-relacao-mercantil-e-social-nao-e-um-bom-negocio/","https://mclair.com.br/blog-images/capa-padrao-og.png","Momentos de crise exigem lideranças inteligentes","","","lazy","sem width/height (risco de CLS)"
"https://mclair.com.br/blog/quando-misturar-relacao-mercantil-e-social-nao-e-um-bom-negocio/","https://mclair.com.br/blog-images/capa-padrao-og.png","Os parâmetros para produtividade foram redefinidos","","","lazy","sem width/height (risco de CLS)"
"https://mclair.com.br/blog/quando-misturar-relacao-mercantil-e-social-nao-e-um-bom-negocio/","https://mclair.com.br/blog-images/capa-padrao-og.png","Computadores não vencem humanos em debates... Por enquanto!","","","lazy","sem width/height (risco de CLS)"
"https://mclair.com.br/blog/quando-misturar-relacao-mercantil-e-social-nao-e-um-bom-negocio/","/logos/logo-negativo.png","Mclair","","32","","sem width/height (risco de CLS) | sem atributo loading"
"https://mclair.com.br/blog/quem-esta-por-tras-da-automacao/","/logos/logo-color.png","Mclair","","","","sem width/height (risco de CLS) | sem atributo loading"
"https://mclair.com.br/blog/quem-esta-por-tras-da-automacao/","/logos/logo-white-hd.png","Mclair","","","","sem width/height (risco de CLS) | sem atributo loading"
"https://mclair.com.br/blog/quem-esta-por-tras-da-automacao/","/cases-img/claudia-elisa-1.webp","","","","eager","alt vazio (ok se decorativa) | sem width/height (risco de CLS)"
"https://mclair.com.br/blog/quem-esta-por-tras-da-automacao/","/logos/logo-icone-M.png","Mclair","120","120","","sem atributo loading"
"https://mclair.com.br/blog/quem-esta-por-tras-da-automacao/","https://mclair.com.br/blog-images/capa-padrao-og.png","","","","","alt vazio (ok se decorativa) | sem width/height (risco de CLS) | sem atributo loading"
"https://mclair.com.br/blog/quem-esta-por-tras-da-automacao/","https://mclair.com.br/blog-images/capa-padrao-og.png","O papel de entidades públicas para as Cidades Inteligentes","","","lazy","sem width/height (risco de CLS)"
"https://mclair.com.br/blog/quem-esta-por-tras-da-automacao/","https://mclair.com.br/blog-images/capa-padrao-og.png","Inteligência Artificial: consenso é a chave para um mundo robotizado","","","lazy","sem width/height (risco de CLS)"
"https://mclair.com.br/blog/quem-esta-por-tras-da-automacao/","https://mclair.com.br/blog-images/capa-padrao-og.png","Os desafios e impactos do 5G para o mercado","","","lazy","sem width/height (risco de CLS)"
"https://mclair.com.br/blog/quem-esta-por-tras-da-automacao/","/logos/logo-negativo.png","Mclair","","32","","sem width/height (risco de CLS) | sem atributo loading"
"https://mclair.com.br/blog/racismo-algoritmico-especialistas-apontam-caminhos-para-um-futuro-incl/","/logos/logo-color.png","Mclair","","","","sem width/height (risco de CLS) | sem atributo loading"
"https://mclair.com.br/blog/racismo-algoritmico-especialistas-apontam-caminhos-para-um-futuro-incl/","/logos/logo-white-hd.png","Mclair","","","","sem width/height (risco de CLS) | sem atributo loading"
"https://mclair.com.br/blog/racismo-algoritmico-especialistas-apontam-caminhos-para-um-futuro-incl/","/cases-img/claudia-elisa-1.webp","","","","eager","alt vazio (ok se decorativa) | sem width/height (risco de CLS)"
"https://mclair.com.br/blog/racismo-algoritmico-especialistas-apontam-caminhos-para-um-futuro-incl/","/logos/logo-icone-M.png","Mclair","120","120","","sem atributo loading"
"https://mclair.com.br/blog/racismo-algoritmico-especialistas-apontam-caminhos-para-um-futuro-incl/","https://mclair.com.br/blog-images/capa-padrao-og.png","","","","","alt vazio (ok se decorativa) | sem width/height (risco de CLS) | sem atributo loading"
"https://mclair.com.br/blog/racismo-algoritmico-especialistas-apontam-caminhos-para-um-futuro-incl/","https://mclair.com.br/blog-images/capa-padrao-og.png","ZBRA anuncia Head de Novos Negócios","","","lazy","sem width/height (risco de CLS)"
"https://mclair.com.br/blog/racismo-algoritmico-especialistas-apontam-caminhos-para-um-futuro-incl/","https://mclair.com.br/blog-images/capa-padrao-og.png","Dia do Programador: 4 curiosidades sobre a profissão do futuro","","","lazy","sem width/height (risco de CLS)"
"https://mclair.com.br/blog/racismo-algoritmico-especialistas-apontam-caminhos-para-um-futuro-incl/","https://mclair.com.br/blog-images/capa-padrao-og.png","Do estágio à liderança: empresa cria novos caminhos para o crescimento de profissionais","","","lazy","sem width/height (risco de CLS)"
"https://mclair.com.br/blog/racismo-algoritmico-especialistas-apontam-caminhos-para-um-futuro-incl/","/logos/logo-negativo.png","Mclair","","32","","sem width/height (risco de CLS) | sem atributo loading"
"https://mclair.com.br/blog/recursos-digitais-potencializam-eficiencia-e-economia-ao-setor-de-saud/","/logos/logo-color.png","Mclair","","","","sem width/height (risco de CLS) | sem atributo loading"
"https://mclair.com.br/blog/recursos-digitais-potencializam-eficiencia-e-economia-ao-setor-de-saud/","/logos/logo-white-hd.png","Mclair","","","","sem width/height (risco de CLS) | sem atributo loading"
"https://mclair.com.br/blog/recursos-digitais-potencializam-eficiencia-e-economia-ao-setor-de-saud/","/cases-img/claudia-elisa-1.webp","","","","eager","alt vazio (ok se decorativa) | sem width/height (risco de CLS)"
"https://mclair.com.br/blog/recursos-digitais-potencializam-eficiencia-e-economia-ao-setor-de-saud/","/logos/logo-icone-M.png","Mclair","120","120","","sem atributo loading"
"https://mclair.com.br/blog/recursos-digitais-potencializam-eficiencia-e-economia-ao-setor-de-saud/","https://mclair.com.br/blog-images/capa-padrao-og.png","","","","","alt vazio (ok se decorativa) | sem width/height (risco de CLS) | sem atributo loading"
"https://mclair.com.br/blog/recursos-digitais-potencializam-eficiencia-e-economia-ao-setor-de-saud/","https://mclair.com.br/blog-images/capa-padrao-og.png","Momentos de crise exigem lideranças inteligentes","","","lazy","sem width/height (risco de CLS)"
"https://mclair.com.br/blog/recursos-digitais-potencializam-eficiencia-e-economia-ao-setor-de-saud/","https://mclair.com.br/blog-images/capa-padrao-og.png","Os parâmetros para produtividade foram redefinidos","","","lazy","sem width/height (risco de CLS)"
"https://mclair.com.br/blog/recursos-digitais-potencializam-eficiencia-e-economia-ao-setor-de-saud/","https://mclair.com.br/blog-images/capa-padrao-og.png","Computadores não vencem humanos em debates... Por enquanto!","","","lazy","sem width/height (risco de CLS)"
"https://mclair.com.br/blog/recursos-digitais-potencializam-eficiencia-e-economia-ao-setor-de-saud/","/logos/logo-negativo.png","Mclair","","32","","sem width/height (risco de CLS) | sem atributo loading"
"https://mclair.com.br/blog/referencia-mundial-em-tecnologia-para-o-campo-brasil-apresenta-maquina/","/logos/logo-color.png","Mclair","","","","sem width/height (risco de CLS) | sem atributo loading"
"https://mclair.com.br/blog/referencia-mundial-em-tecnologia-para-o-campo-brasil-apresenta-maquina/","/logos/logo-white-hd.png","Mclair","","","","sem width/height (risco de CLS) | sem atributo loading"
"https://mclair.com.br/blog/referencia-mundial-em-tecnologia-para-o-campo-brasil-apresenta-maquina/","/cases-img/claudia-elisa-1.webp","","","","eager","alt vazio (ok se decorativa) | sem width/height (risco de CLS)"
"https://mclair.com.br/blog/referencia-mundial-em-tecnologia-para-o-campo-brasil-apresenta-maquina/","/logos/logo-icone-M.png","Mclair","120","120","","sem atributo loading"
"https://mclair.com.br/blog/referencia-mundial-em-tecnologia-para-o-campo-brasil-apresenta-maquina/","https://mclair.com.br/blog-images/capa-padrao-og.png","","","","","alt vazio (ok se decorativa) | sem width/height (risco de CLS) | sem atributo loading"
"https://mclair.com.br/blog/referencia-mundial-em-tecnologia-para-o-campo-brasil-apresenta-maquina/","https://mclair.com.br/blog-images/capa-padrao-og.png","AGRO: Indústrias brasileiras de máquinas e equipamentos buscam expansão no mercado africano","","","lazy","sem width/height (risco de CLS)"
"https://mclair.com.br/blog/referencia-mundial-em-tecnologia-para-o-campo-brasil-apresenta-maquina/","https://mclair.com.br/blog-images/capa-padrao-og.png","Indústria de máquinas projeta USD 15 MI em negócios  internacionais durante Agrishow 2023","","","lazy","sem width/height (risco de CLS)"
"https://mclair.com.br/blog/referencia-mundial-em-tecnologia-para-o-campo-brasil-apresenta-maquina/","https://mclair.com.br/blog-images/capa-padrao-og.png","Mineração: indústria de máquinas e equipamentos estima US$11,6 milhões em exportações","","","lazy","sem width/height (risco de CLS)"
"https://mclair.com.br/blog/referencia-mundial-em-tecnologia-para-o-campo-brasil-apresenta-maquina/","/logos/logo-negativo.png","Mclair","","32","","sem width/height (risco de CLS) | sem atributo loading"
"https://mclair.com.br/blog/rh-e-o-futuro-do-trabalho-quais-as-tendencias-para-os-proximos-10-anos/","/logos/logo-color.png","Mclair","","","","sem width/height (risco de CLS) | sem atributo loading"
"https://mclair.com.br/blog/rh-e-o-futuro-do-trabalho-quais-as-tendencias-para-os-proximos-10-anos/","/logos/logo-white-hd.png","Mclair","","","","sem width/height (risco de CLS) | sem atributo loading"
"https://mclair.com.br/blog/rh-e-o-futuro-do-trabalho-quais-as-tendencias-para-os-proximos-10-anos/","/cases-img/claudia-elisa-1.webp","","","","eager","alt vazio (ok se decorativa) | sem width/height (risco de CLS)"
"https://mclair.com.br/blog/rh-e-o-futuro-do-trabalho-quais-as-tendencias-para-os-proximos-10-anos/","/logos/logo-icone-M.png","Mclair","120","120","","sem atributo loading"
"https://mclair.com.br/blog/rh-e-o-futuro-do-trabalho-quais-as-tendencias-para-os-proximos-10-anos/","https://mclair.com.br/blog-images/capa-padrao-og.png","","","","","alt vazio (ok se decorativa) | sem width/height (risco de CLS) | sem atributo loading"
"https://mclair.com.br/blog/rh-e-o-futuro-do-trabalho-quais-as-tendencias-para-os-proximos-10-anos/","https://mclair.com.br/blog-images/capa-padrao-og.png","Os desafios e mitos sobre a transição energética","","","lazy","sem width/height (risco de CLS)"
"https://mclair.com.br/blog/rh-e-o-futuro-do-trabalho-quais-as-tendencias-para-os-proximos-10-anos/","https://mclair.com.br/blog-images/capa-padrao-og.png","O","","","lazy","sem width/height (risco de CLS)"
"https://mclair.com.br/blog/rh-e-o-futuro-do-trabalho-quais-as-tendencias-para-os-proximos-10-anos/","https://mclair.com.br/blog-images/capa-padrao-og.png","As 5 vantagens em ter um Conselho diverso","","","lazy","sem width/height (risco de CLS)"
"https://mclair.com.br/blog/rh-e-o-futuro-do-trabalho-quais-as-tendencias-para-os-proximos-10-anos/","/logos/logo-negativo.png","Mclair","","32","","sem width/height (risco de CLS) | sem atributo loading"
"https://mclair.com.br/blog/round-6-seinfield-e-as-dinamicas-do-mercado-de-streaming/","/logos/logo-color.png","Mclair","","","","sem width/height (risco de CLS) | sem atributo loading"
"https://mclair.com.br/blog/round-6-seinfield-e-as-dinamicas-do-mercado-de-streaming/","/logos/logo-white-hd.png","Mclair","","","","sem width/height (risco de CLS) | sem atributo loading"
"https://mclair.com.br/blog/round-6-seinfield-e-as-dinamicas-do-mercado-de-streaming/","/cases-img/claudia-elisa-1.webp","","","","eager","alt vazio (ok se decorativa) | sem width/height (risco de CLS)"
"https://mclair.com.br/blog/round-6-seinfield-e-as-dinamicas-do-mercado-de-streaming/","/logos/logo-icone-M.png","Mclair","120","120","","sem atributo loading"
"https://mclair.com.br/blog/round-6-seinfield-e-as-dinamicas-do-mercado-de-streaming/","https://mclair.com.br/blog-images/capa-padrao-og.png","","","","","alt vazio (ok se decorativa) | sem width/height (risco de CLS) | sem atributo loading"
"https://mclair.com.br/blog/round-6-seinfield-e-as-dinamicas-do-mercado-de-streaming/","https://mclair.com.br/blog-images/capa-padrao-og.png","A arte de transformar metas em realidade","","","lazy","sem width/height (risco de CLS)"
"https://mclair.com.br/blog/round-6-seinfield-e-as-dinamicas-do-mercado-de-streaming/","https://mclair.com.br/blog-images/capa-padrao-og.png","Lambda3 abre 28 vagas para desenvolvedores","","","lazy","sem width/height (risco de CLS)"
"https://mclair.com.br/blog/round-6-seinfield-e-as-dinamicas-do-mercado-de-streaming/","https://mclair.com.br/blog-images/capa-padrao-og.png","O lado B da produtividade em trabalho remoto","","","lazy","sem width/height (risco de CLS)"
"https://mclair.com.br/blog/round-6-seinfield-e-as-dinamicas-do-mercado-de-streaming/","/logos/logo-negativo.png","Mclair","","32","","sem width/height (risco de CLS) | sem atributo loading"
"https://mclair.com.br/blog/seis-frases-de-abilio-diniz-que-impactaram-minha-vida/","/logos/logo-color.png","Mclair","","","","sem width/height (risco de CLS) | sem atributo loading"
"https://mclair.com.br/blog/seis-frases-de-abilio-diniz-que-impactaram-minha-vida/","/logos/logo-white-hd.png","Mclair","","","","sem width/height (risco de CLS) | sem atributo loading"
"https://mclair.com.br/blog/seis-frases-de-abilio-diniz-que-impactaram-minha-vida/","/cases-img/claudia-elisa-1.webp","","","","eager","alt vazio (ok se decorativa) | sem width/height (risco de CLS)"
"https://mclair.com.br/blog/seis-frases-de-abilio-diniz-que-impactaram-minha-vida/","/logos/logo-icone-M.png","Mclair","120","120","","sem atributo loading"
"https://mclair.com.br/blog/seis-frases-de-abilio-diniz-que-impactaram-minha-vida/","https://mclair.com.br/blog-images/capa-padrao-og.png","","","","","alt vazio (ok se decorativa) | sem width/height (risco de CLS) | sem atributo loading"
"https://mclair.com.br/blog/seis-frases-de-abilio-diniz-que-impactaram-minha-vida/","https://mclair.com.br/blog-images/capa-padrao-og.png","Os desafios e mitos sobre a transição energética","","","lazy","sem width/height (risco de CLS)"
"https://mclair.com.br/blog/seis-frases-de-abilio-diniz-que-impactaram-minha-vida/","https://mclair.com.br/blog-images/capa-padrao-og.png","RH e o futuro do trabalho: quais as tendências para os próximos 10 anos?","","","lazy","sem width/height (risco de CLS)"
"https://mclair.com.br/blog/seis-frases-de-abilio-diniz-que-impactaram-minha-vida/","https://mclair.com.br/blog-images/capa-padrao-og.png","O","","","lazy","sem width/height (risco de CLS)"
"https://mclair.com.br/blog/seis-frases-de-abilio-diniz-que-impactaram-minha-vida/","/logos/logo-negativo.png","Mclair","","32","","sem width/height (risco de CLS) | sem atributo loading"
"https://mclair.com.br/blog/seis-recomendacoes-imediatas-para-gestao-de-equipes-de-tecnologia/","/logos/logo-color.png","Mclair","","","","sem width/height (risco de CLS) | sem atributo loading"
"https://mclair.com.br/blog/seis-recomendacoes-imediatas-para-gestao-de-equipes-de-tecnologia/","/logos/logo-white-hd.png","Mclair","","","","sem width/height (risco de CLS) | sem atributo loading"
"https://mclair.com.br/blog/seis-recomendacoes-imediatas-para-gestao-de-equipes-de-tecnologia/","/cases-img/claudia-elisa-1.webp","","","","eager","alt vazio (ok se decorativa) | sem width/height (risco de CLS)"
"https://mclair.com.br/blog/seis-recomendacoes-imediatas-para-gestao-de-equipes-de-tecnologia/","/logos/logo-icone-M.png","Mclair","120","120","","sem atributo loading"
"https://mclair.com.br/blog/seis-recomendacoes-imediatas-para-gestao-de-equipes-de-tecnologia/","https://mclair.com.br/blog-images/capa-padrao-og.png","","","","","alt vazio (ok se decorativa) | sem width/height (risco de CLS) | sem atributo loading"
"https://mclair.com.br/blog/seis-recomendacoes-imediatas-para-gestao-de-equipes-de-tecnologia/","https://mclair.com.br/blog-images/capa-padrao-og.png","Momentos de crise exigem lideranças inteligentes","","","lazy","sem width/height (risco de CLS)"
"https://mclair.com.br/blog/seis-recomendacoes-imediatas-para-gestao-de-equipes-de-tecnologia/","https://mclair.com.br/blog-images/capa-padrao-og.png","Os parâmetros para produtividade foram redefinidos","","","lazy","sem width/height (risco de CLS)"
"https://mclair.com.br/blog/seis-recomendacoes-imediatas-para-gestao-de-equipes-de-tecnologia/","https://mclair.com.br/blog-images/capa-padrao-og.png","Computadores não vencem humanos em debates... Por enquanto!","","","lazy","sem width/height (risco de CLS)"
"https://mclair.com.br/blog/seis-recomendacoes-imediatas-para-gestao-de-equipes-de-tecnologia/","/logos/logo-negativo.png","Mclair","","32","","sem width/height (risco de CLS) | sem atributo loading"
"https://mclair.com.br/blog/sem-essa-de-copo-meio-vazio-pessoas-sao-copo-inteiro/","/logos/logo-color.png","Mclair","","","","sem width/height (risco de CLS) | sem atributo loading"
"https://mclair.com.br/blog/sem-essa-de-copo-meio-vazio-pessoas-sao-copo-inteiro/","/logos/logo-white-hd.png","Mclair","","","","sem width/height (risco de CLS) | sem atributo loading"
"https://mclair.com.br/blog/sem-essa-de-copo-meio-vazio-pessoas-sao-copo-inteiro/","/cases-img/claudia-elisa-1.webp","","","","eager","alt vazio (ok se decorativa) | sem width/height (risco de CLS)"
"https://mclair.com.br/blog/sem-essa-de-copo-meio-vazio-pessoas-sao-copo-inteiro/","/logos/logo-icone-M.png","Mclair","120","120","","sem atributo loading"
"https://mclair.com.br/blog/sem-essa-de-copo-meio-vazio-pessoas-sao-copo-inteiro/","https://mclair.com.br/blog-images/capa-padrao-og.png","","","","","alt vazio (ok se decorativa) | sem width/height (risco de CLS) | sem atributo loading"
"https://mclair.com.br/blog/sem-essa-de-copo-meio-vazio-pessoas-sao-copo-inteiro/","https://mclair.com.br/blog-images/capa-padrao-og.png","Os desafios e mitos sobre a transição energética","","","lazy","sem width/height (risco de CLS)"
"https://mclair.com.br/blog/sem-essa-de-copo-meio-vazio-pessoas-sao-copo-inteiro/","https://mclair.com.br/blog-images/capa-padrao-og.png","RH e o futuro do trabalho: quais as tendências para os próximos 10 anos?","","","lazy","sem width/height (risco de CLS)"
"https://mclair.com.br/blog/sem-essa-de-copo-meio-vazio-pessoas-sao-copo-inteiro/","https://mclair.com.br/blog-images/capa-padrao-og.png","O","","","lazy","sem width/height (risco de CLS)"
"https://mclair.com.br/blog/sem-essa-de-copo-meio-vazio-pessoas-sao-copo-inteiro/","/logos/logo-negativo.png","Mclair","","32","","sem width/height (risco de CLS) | sem atributo loading"
"https://mclair.com.br/blog/sem-g-nao-da/","/logos/logo-color.png","Mclair","","","","sem width/height (risco de CLS) | sem atributo loading"
"https://mclair.com.br/blog/sem-g-nao-da/","/logos/logo-white-hd.png","Mclair","","","","sem width/height (risco de CLS) | sem atributo loading"
"https://mclair.com.br/blog/sem-g-nao-da/","/cases-img/claudia-elisa-1.webp","","","","eager","alt vazio (ok se decorativa) | sem width/height (risco de CLS)"
"https://mclair.com.br/blog/sem-g-nao-da/","/logos/logo-icone-M.png","Mclair","120","120","","sem atributo loading"
"https://mclair.com.br/blog/sem-g-nao-da/","https://mclair.com.br/blog-images/capa-padrao-og.png","","","","","alt vazio (ok se decorativa) | sem width/height (risco de CLS) | sem atributo loading"
"https://mclair.com.br/blog/sem-g-nao-da/","https://mclair.com.br/blog-images/capa-padrao-og.png","Os desafios e mitos sobre a transição energética","","","lazy","sem width/height (risco de CLS)"
"https://mclair.com.br/blog/sem-g-nao-da/","https://mclair.com.br/blog-images/capa-padrao-og.png","RH e o futuro do trabalho: quais as tendências para os próximos 10 anos?","","","lazy","sem width/height (risco de CLS)"
"https://mclair.com.br/blog/sem-g-nao-da/","https://mclair.com.br/blog-images/capa-padrao-og.png","O","","","lazy","sem width/height (risco de CLS)"
"https://mclair.com.br/blog/sem-g-nao-da/","/logos/logo-negativo.png","Mclair","","32","","sem width/height (risco de CLS) | sem atributo loading"
"https://mclair.com.br/blog/serie-lupin-movimenta-consumo-e-reitera-potencia-do-audiovisual/","/logos/logo-color.png","Mclair","","","","sem width/height (risco de CLS) | sem atributo loading"
"https://mclair.com.br/blog/serie-lupin-movimenta-consumo-e-reitera-potencia-do-audiovisual/","/logos/logo-white-hd.png","Mclair","","","","sem width/height (risco de CLS) | sem atributo loading"
"https://mclair.com.br/blog/serie-lupin-movimenta-consumo-e-reitera-potencia-do-audiovisual/","/cases-img/claudia-elisa-1.webp","","","","eager","alt vazio (ok se decorativa) | sem width/height (risco de CLS)"
"https://mclair.com.br/blog/serie-lupin-movimenta-consumo-e-reitera-potencia-do-audiovisual/","/logos/logo-icone-M.png","Mclair","120","120","","sem atributo loading"
"https://mclair.com.br/blog/serie-lupin-movimenta-consumo-e-reitera-potencia-do-audiovisual/","https://mclair.com.br/blog-images/capa-padrao-og.png","","","","","alt vazio (ok se decorativa) | sem width/height (risco de CLS) | sem atributo loading"
"https://mclair.com.br/blog/serie-lupin-movimenta-consumo-e-reitera-potencia-do-audiovisual/","https://mclair.com.br/blog-images/capa-padrao-og.png","Abrolhos Filmes lança vídeo manifesto para reforçar posicionamento","","","lazy","sem width/height (risco de CLS)"
"https://mclair.com.br/blog/serie-lupin-movimenta-consumo-e-reitera-potencia-do-audiovisual/","https://mclair.com.br/blog-images/capa-padrao-og.png","Cotas para streaming na França realça atraso do Brasil na regulamentação de VoD","","","lazy","sem width/height (risco de CLS)"
"https://mclair.com.br/blog/serie-lupin-movimenta-consumo-e-reitera-potencia-do-audiovisual/","https://mclair.com.br/blog-images/capa-padrao-og.png","Pirataria sai do controle com streaming e isolamento social","","","lazy","sem width/height (risco de CLS)"
"https://mclair.com.br/blog/serie-lupin-movimenta-consumo-e-reitera-potencia-do-audiovisual/","/logos/logo-negativo.png","Mclair","","32","","sem width/height (risco de CLS) | sem atributo loading"
"https://mclair.com.br/blog/setores-devem-se-fortalecer-com-a-transformacao-digital/","/logos/logo-color.png","Mclair","","","","sem width/height (risco de CLS) | sem atributo loading"
"https://mclair.com.br/blog/setores-devem-se-fortalecer-com-a-transformacao-digital/","/logos/logo-white-hd.png","Mclair","","","","sem width/height (risco de CLS) | sem atributo loading"
"https://mclair.com.br/blog/setores-devem-se-fortalecer-com-a-transformacao-digital/","/cases-img/claudia-elisa-1.webp","","","","eager","alt vazio (ok se decorativa) | sem width/height (risco de CLS)"
"https://mclair.com.br/blog/setores-devem-se-fortalecer-com-a-transformacao-digital/","/logos/logo-icone-M.png","Mclair","120","120","","sem atributo loading"
"https://mclair.com.br/blog/setores-devem-se-fortalecer-com-a-transformacao-digital/","https://mclair.com.br/blog-images/capa-padrao-og.png","","","","","alt vazio (ok se decorativa) | sem width/height (risco de CLS) | sem atributo loading"
"https://mclair.com.br/blog/setores-devem-se-fortalecer-com-a-transformacao-digital/","https://mclair.com.br/blog-images/capa-padrao-og.png","Lambda3 abre 28 vagas para desenvolvedores","","","lazy","sem width/height (risco de CLS)"
"https://mclair.com.br/blog/setores-devem-se-fortalecer-com-a-transformacao-digital/","https://mclair.com.br/blog-images/capa-padrao-og.png","O lado B da produtividade em trabalho remoto","","","lazy","sem width/height (risco de CLS)"
"https://mclair.com.br/blog/setores-devem-se-fortalecer-com-a-transformacao-digital/","https://mclair.com.br/blog-images/capa-padrao-og.png","AQUARANTENADOS lança single ""Tudo vai dar certo""","","","lazy","sem width/height (risco de CLS)"
"https://mclair.com.br/blog/setores-devem-se-fortalecer-com-a-transformacao-digital/","/logos/logo-negativo.png","Mclair","","32","","sem width/height (risco de CLS) | sem atributo loading"
"https://mclair.com.br/blog/startup-carioca-cresce-400-na-pandemia-com-servico-de-valuation-via-wh/","/logos/logo-color.png","Mclair","","","","sem width/height (risco de CLS) | sem atributo loading"
"https://mclair.com.br/blog/startup-carioca-cresce-400-na-pandemia-com-servico-de-valuation-via-wh/","/logos/logo-white-hd.png","Mclair","","","","sem width/height (risco de CLS) | sem atributo loading"
"https://mclair.com.br/blog/startup-carioca-cresce-400-na-pandemia-com-servico-de-valuation-via-wh/","/cases-img/claudia-elisa-1.webp","","","","eager","alt vazio (ok se decorativa) | sem width/height (risco de CLS)"
"https://mclair.com.br/blog/startup-carioca-cresce-400-na-pandemia-com-servico-de-valuation-via-wh/","/logos/logo-icone-M.png","Mclair","120","120","","sem atributo loading"
"https://mclair.com.br/blog/startup-carioca-cresce-400-na-pandemia-com-servico-de-valuation-via-wh/","https://mclair.com.br/blog-images/capa-padrao-og.png","","","","","alt vazio (ok se decorativa) | sem width/height (risco de CLS) | sem atributo loading"
"https://mclair.com.br/blog/startup-carioca-cresce-400-na-pandemia-com-servico-de-valuation-via-wh/","https://mclair.com.br/blog-images/capa-padrao-og.png","Cannabis: Valuation de qualidade e transparência são diferenciais para atrair investidores","","","lazy","sem width/height (risco de CLS)"
"https://mclair.com.br/blog/startup-carioca-cresce-400-na-pandemia-com-servico-de-valuation-via-wh/","https://mclair.com.br/blog-images/capa-padrao-og.png","Valuation: Quanto vale um canal no Youtube?","","","lazy","sem width/height (risco de CLS)"
"https://mclair.com.br/blog/startup-carioca-cresce-400-na-pandemia-com-servico-de-valuation-via-wh/","https://mclair.com.br/blog-images/capa-padrao-og.png","6 dicas para PMEs e startups atraírem investimento","","","lazy","sem width/height (risco de CLS)"
"https://mclair.com.br/blog/startup-carioca-cresce-400-na-pandemia-com-servico-de-valuation-via-wh/","/logos/logo-negativo.png","Mclair","","32","","sem width/height (risco de CLS) | sem atributo loading"
"https://mclair.com.br/blog/startup-cresce-400-com-servicos-de-valuation-para-o-mercado-de-cannabi/","/logos/logo-color.png","Mclair","","","","sem width/height (risco de CLS) | sem atributo loading"
"https://mclair.com.br/blog/startup-cresce-400-com-servicos-de-valuation-para-o-mercado-de-cannabi/","/logos/logo-white-hd.png","Mclair","","","","sem width/height (risco de CLS) | sem atributo loading"
"https://mclair.com.br/blog/startup-cresce-400-com-servicos-de-valuation-para-o-mercado-de-cannabi/","/cases-img/claudia-elisa-1.webp","","","","eager","alt vazio (ok se decorativa) | sem width/height (risco de CLS)"
"https://mclair.com.br/blog/startup-cresce-400-com-servicos-de-valuation-para-o-mercado-de-cannabi/","/logos/logo-icone-M.png","Mclair","120","120","","sem atributo loading"
"https://mclair.com.br/blog/startup-cresce-400-com-servicos-de-valuation-para-o-mercado-de-cannabi/","https://mclair.com.br/blog-images/capa-padrao-og.png","","","","","alt vazio (ok se decorativa) | sem width/height (risco de CLS) | sem atributo loading"
"https://mclair.com.br/blog/startup-cresce-400-com-servicos-de-valuation-para-o-mercado-de-cannabi/","https://mclair.com.br/blog-images/capa-padrao-og.png","Cannabis: Valuation de qualidade e transparência são diferenciais para atrair investidores","","","lazy","sem width/height (risco de CLS)"
"https://mclair.com.br/blog/startup-cresce-400-com-servicos-de-valuation-para-o-mercado-de-cannabi/","https://mclair.com.br/blog-images/capa-padrao-og.png","Valuation: Quanto vale um canal no Youtube?","","","lazy","sem width/height (risco de CLS)"
"https://mclair.com.br/blog/startup-cresce-400-com-servicos-de-valuation-para-o-mercado-de-cannabi/","https://mclair.com.br/blog-images/capa-padrao-og.png","6 dicas para PMEs e startups atraírem investimento","","","lazy","sem width/height (risco de CLS)"
"https://mclair.com.br/blog/startup-cresce-400-com-servicos-de-valuation-para-o-mercado-de-cannabi/","/logos/logo-negativo.png","Mclair","","32","","sem width/height (risco de CLS) | sem atributo loading"
"https://mclair.com.br/blog/startup-lanca-plataforma-inedita-para-o-mercado-de-automacao-de-videos/","/logos/logo-color.png","Mclair","","","","sem width/height (risco de CLS) | sem atributo loading"
"https://mclair.com.br/blog/startup-lanca-plataforma-inedita-para-o-mercado-de-automacao-de-videos/","/logos/logo-white-hd.png","Mclair","","","","sem width/height (risco de CLS) | sem atributo loading"
"https://mclair.com.br/blog/startup-lanca-plataforma-inedita-para-o-mercado-de-automacao-de-videos/","/cases-img/claudia-elisa-1.webp","","","","eager","alt vazio (ok se decorativa) | sem width/height (risco de CLS)"
"https://mclair.com.br/blog/startup-lanca-plataforma-inedita-para-o-mercado-de-automacao-de-videos/","/logos/logo-icone-M.png","Mclair","120","120","","sem atributo loading"
"https://mclair.com.br/blog/startup-lanca-plataforma-inedita-para-o-mercado-de-automacao-de-videos/","https://mclair.com.br/blog-images/capa-padrao-og.png","","","","","alt vazio (ok se decorativa) | sem width/height (risco de CLS) | sem atributo loading"
"https://mclair.com.br/blog/startup-lanca-plataforma-inedita-para-o-mercado-de-automacao-de-videos/","https://mclair.com.br/blog-images/capa-padrao-og.png","Lambda3 abre 28 vagas para desenvolvedores","","","lazy","sem width/height (risco de CLS)"
"https://mclair.com.br/blog/startup-lanca-plataforma-inedita-para-o-mercado-de-automacao-de-videos/","https://mclair.com.br/blog-images/capa-padrao-og.png","O lado B da produtividade em trabalho remoto","","","lazy","sem width/height (risco de CLS)"
"https://mclair.com.br/blog/startup-lanca-plataforma-inedita-para-o-mercado-de-automacao-de-videos/","https://mclair.com.br/blog-images/capa-padrao-og.png","AQUARANTENADOS lança single ""Tudo vai dar certo""","","","lazy","sem width/height (risco de CLS)"
"https://mclair.com.br/blog/startup-lanca-plataforma-inedita-para-o-mercado-de-automacao-de-videos/","/logos/logo-negativo.png","Mclair","","32","","sem width/height (risco de CLS) | sem atributo loading"
"https://mclair.com.br/blog/sua-marca-quer-ser-noticia/","/logos/logo-color.png","Mclair","","","","sem width/height (risco de CLS) | sem atributo loading"
"https://mclair.com.br/blog/sua-marca-quer-ser-noticia/","/logos/logo-white-hd.png","Mclair","","","","sem width/height (risco de CLS) | sem atributo loading"
"https://mclair.com.br/blog/sua-marca-quer-ser-noticia/","/cases-img/claudia-elisa-1.webp","","","","eager","alt vazio (ok se decorativa) | sem width/height (risco de CLS)"
"https://mclair.com.br/blog/sua-marca-quer-ser-noticia/","/logos/logo-icone-M.png","Mclair","120","120","","sem atributo loading"
"https://mclair.com.br/blog/sua-marca-quer-ser-noticia/","https://mclair.com.br/blog-images/capa-padrao-og.png","","","","","alt vazio (ok se decorativa) | sem width/height (risco de CLS) | sem atributo loading"
"https://mclair.com.br/blog/sua-marca-quer-ser-noticia/","https://mclair.com.br/blog-images/capa-padrao-og.png","Comunicação com propósito é a base para uma reputação de autoridade","","","lazy","sem width/height (risco de CLS)"
"https://mclair.com.br/blog/sua-marca-quer-ser-noticia/","https://mclair.com.br/blog-images/capa-padrao-og.png","Entre Perfis e Curtidas, por que alguém seria fiel à sua marca?","","","lazy","sem width/height (risco de CLS)"
"https://mclair.com.br/blog/sua-marca-quer-ser-noticia/","https://mclair.com.br/blog-images/capa-padrao-og.png","Comunicação não tem receita infalível","","","lazy","sem width/height (risco de CLS)"
"https://mclair.com.br/blog/sua-marca-quer-ser-noticia/","/logos/logo-negativo.png","Mclair","","32","","sem width/height (risco de CLS) | sem atributo loading"
"https://mclair.com.br/blog/sustentabilidade-lidera-agenda-corporativa-em-2023/","/logos/logo-color.png","Mclair","","","","sem width/height (risco de CLS) | sem atributo loading"
"https://mclair.com.br/blog/sustentabilidade-lidera-agenda-corporativa-em-2023/","/logos/logo-white-hd.png","Mclair","","","","sem width/height (risco de CLS) | sem atributo loading"
"https://mclair.com.br/blog/sustentabilidade-lidera-agenda-corporativa-em-2023/","/cases-img/claudia-elisa-1.webp","","","","eager","alt vazio (ok se decorativa) | sem width/height (risco de CLS)"
"https://mclair.com.br/blog/sustentabilidade-lidera-agenda-corporativa-em-2023/","/logos/logo-icone-M.png","Mclair","120","120","","sem atributo loading"
"https://mclair.com.br/blog/sustentabilidade-lidera-agenda-corporativa-em-2023/","https://mclair.com.br/blog-images/capa-padrao-og.png","","","","","alt vazio (ok se decorativa) | sem width/height (risco de CLS) | sem atributo loading"
"https://mclair.com.br/blog/sustentabilidade-lidera-agenda-corporativa-em-2023/","https://mclair.com.br/blog-images/capa-padrao-og.png","Os desafios e mitos sobre a transição energética","","","lazy","sem width/height (risco de CLS)"
"https://mclair.com.br/blog/sustentabilidade-lidera-agenda-corporativa-em-2023/","https://mclair.com.br/blog-images/capa-padrao-og.png","RH e o futuro do trabalho: quais as tendências para os próximos 10 anos?","","","lazy","sem width/height (risco de CLS)"
"https://mclair.com.br/blog/sustentabilidade-lidera-agenda-corporativa-em-2023/","https://mclair.com.br/blog-images/capa-padrao-og.png","O","","","lazy","sem width/height (risco de CLS)"
"https://mclair.com.br/blog/sustentabilidade-lidera-agenda-corporativa-em-2023/","/logos/logo-negativo.png","Mclair","","32","","sem width/height (risco de CLS) | sem atributo loading"
"https://mclair.com.br/blog/tecnologia-brasileira-para-o-setor-de-mineracao-e-energia-e-destaque-n/","/logos/logo-color.png","Mclair","","","","sem width/height (risco de CLS) | sem atributo loading"
"https://mclair.com.br/blog/tecnologia-brasileira-para-o-setor-de-mineracao-e-energia-e-destaque-n/","/logos/logo-white-hd.png","Mclair","","","","sem width/height (risco de CLS) | sem atributo loading"
"https://mclair.com.br/blog/tecnologia-brasileira-para-o-setor-de-mineracao-e-energia-e-destaque-n/","/cases-img/claudia-elisa-1.webp","","","","eager","alt vazio (ok se decorativa) | sem width/height (risco de CLS)"
"https://mclair.com.br/blog/tecnologia-brasileira-para-o-setor-de-mineracao-e-energia-e-destaque-n/","/logos/logo-icone-M.png","Mclair","120","120","","sem atributo loading"
"https://mclair.com.br/blog/tecnologia-brasileira-para-o-setor-de-mineracao-e-energia-e-destaque-n/","https://mclair.com.br/blog-images/capa-padrao-og.png","","","","","alt vazio (ok se decorativa) | sem width/height (risco de CLS) | sem atributo loading"
"https://mclair.com.br/blog/tecnologia-brasileira-para-o-setor-de-mineracao-e-energia-e-destaque-n/","https://mclair.com.br/blog-images/capa-padrao-og.png","AGRO: Indústrias brasileiras de máquinas e equipamentos buscam expansão no mercado africano","","","lazy","sem width/height (risco de CLS)"
"https://mclair.com.br/blog/tecnologia-brasileira-para-o-setor-de-mineracao-e-energia-e-destaque-n/","https://mclair.com.br/blog-images/capa-padrao-og.png","Indústria de máquinas projeta USD 15 MI em negócios  internacionais durante Agrishow 2023","","","lazy","sem width/height (risco de CLS)"
"https://mclair.com.br/blog/tecnologia-brasileira-para-o-setor-de-mineracao-e-energia-e-destaque-n/","https://mclair.com.br/blog-images/capa-padrao-og.png","Mineração: indústria de máquinas e equipamentos estima US$11,6 milhões em exportações","","","lazy","sem width/height (risco de CLS)"
"https://mclair.com.br/blog/tecnologia-brasileira-para-o-setor-de-mineracao-e-energia-e-destaque-n/","/logos/logo-negativo.png","Mclair","","32","","sem width/height (risco de CLS) | sem atributo loading"
"https://mclair.com.br/blog/ted-lasso-por-que-a-serie-e-um-case-de-branded-content/","/logos/logo-color.png","Mclair","","","","sem width/height (risco de CLS) | sem atributo loading"
"https://mclair.com.br/blog/ted-lasso-por-que-a-serie-e-um-case-de-branded-content/","/logos/logo-white-hd.png","Mclair","","","","sem width/height (risco de CLS) | sem atributo loading"
"https://mclair.com.br/blog/ted-lasso-por-que-a-serie-e-um-case-de-branded-content/","/cases-img/claudia-elisa-1.webp","","","","eager","alt vazio (ok se decorativa) | sem width/height (risco de CLS)"
"https://mclair.com.br/blog/ted-lasso-por-que-a-serie-e-um-case-de-branded-content/","/logos/logo-icone-M.png","Mclair","120","120","","sem atributo loading"
"https://mclair.com.br/blog/ted-lasso-por-que-a-serie-e-um-case-de-branded-content/","https://mclair.com.br/blog-images/capa-padrao-og.png","","","","","alt vazio (ok se decorativa) | sem width/height (risco de CLS) | sem atributo loading"
"https://mclair.com.br/blog/ted-lasso-por-que-a-serie-e-um-case-de-branded-content/","https://mclair.com.br/blog-images/capa-padrao-og.png","Não caia na armadilha da massificação da Inteligência Artificial","","","lazy","sem width/height (risco de CLS)"
"https://mclair.com.br/blog/ted-lasso-por-que-a-serie-e-um-case-de-branded-content/","https://mclair.com.br/blog-images/capa-padrao-og.png","A arte de transformar metas em realidade","","","lazy","sem width/height (risco de CLS)"
"https://mclair.com.br/blog/ted-lasso-por-que-a-serie-e-um-case-de-branded-content/","https://mclair.com.br/blog-images/capa-padrao-og.png","Lambda3 abre 28 vagas para desenvolvedores","","","lazy","sem width/height (risco de CLS)"
"https://mclair.com.br/blog/ted-lasso-por-que-a-serie-e-um-case-de-branded-content/","/logos/logo-negativo.png","Mclair","","32","","sem width/height (risco de CLS) | sem atributo loading"
"https://mclair.com.br/blog/transformacao-digital-e-o-novo-normal-para-o-setor-de-eventos/","/logos/logo-color.png","Mclair","","","","sem width/height (risco de CLS) | sem atributo loading"
"https://mclair.com.br/blog/transformacao-digital-e-o-novo-normal-para-o-setor-de-eventos/","/logos/logo-white-hd.png","Mclair","","","","sem width/height (risco de CLS) | sem atributo loading"
"https://mclair.com.br/blog/transformacao-digital-e-o-novo-normal-para-o-setor-de-eventos/","/cases-img/claudia-elisa-1.webp","","","","eager","alt vazio (ok se decorativa) | sem width/height (risco de CLS)"
"https://mclair.com.br/blog/transformacao-digital-e-o-novo-normal-para-o-setor-de-eventos/","/logos/logo-icone-M.png","Mclair","120","120","","sem atributo loading"
"https://mclair.com.br/blog/transformacao-digital-e-o-novo-normal-para-o-setor-de-eventos/","https://mclair.com.br/blog-images/capa-padrao-og.png","","","","","alt vazio (ok se decorativa) | sem width/height (risco de CLS) | sem atributo loading"
"https://mclair.com.br/blog/transformacao-digital-e-o-novo-normal-para-o-setor-de-eventos/","https://mclair.com.br/blog-images/capa-padrao-og.png","Momentos de crise exigem lideranças inteligentes","","","lazy","sem width/height (risco de CLS)"
"https://mclair.com.br/blog/transformacao-digital-e-o-novo-normal-para-o-setor-de-eventos/","https://mclair.com.br/blog-images/capa-padrao-og.png","Os parâmetros para produtividade foram redefinidos","","","lazy","sem width/height (risco de CLS)"
"https://mclair.com.br/blog/transformacao-digital-e-o-novo-normal-para-o-setor-de-eventos/","https://mclair.com.br/blog-images/capa-padrao-og.png","Computadores não vencem humanos em debates... Por enquanto!","","","lazy","sem width/height (risco de CLS)"
"https://mclair.com.br/blog/transformacao-digital-e-o-novo-normal-para-o-setor-de-eventos/","/logos/logo-negativo.png","Mclair","","32","","sem width/height (risco de CLS) | sem atributo loading"
"https://mclair.com.br/blog/transformacao-digital-evidencia-a-importancia-de-profissionais-agilist/","/logos/logo-color.png","Mclair","","","","sem width/height (risco de CLS) | sem atributo loading"
"https://mclair.com.br/blog/transformacao-digital-evidencia-a-importancia-de-profissionais-agilist/","/logos/logo-white-hd.png","Mclair","","","","sem width/height (risco de CLS) | sem atributo loading"
"https://mclair.com.br/blog/transformacao-digital-evidencia-a-importancia-de-profissionais-agilist/","/cases-img/claudia-elisa-1.webp","","","","eager","alt vazio (ok se decorativa) | sem width/height (risco de CLS)"
"https://mclair.com.br/blog/transformacao-digital-evidencia-a-importancia-de-profissionais-agilist/","/logos/logo-icone-M.png","Mclair","120","120","","sem atributo loading"
"https://mclair.com.br/blog/transformacao-digital-evidencia-a-importancia-de-profissionais-agilist/","https://mclair.com.br/blog-images/capa-padrao-og.png","","","","","alt vazio (ok se decorativa) | sem width/height (risco de CLS) | sem atributo loading"
"https://mclair.com.br/blog/transformacao-digital-evidencia-a-importancia-de-profissionais-agilist/","https://mclair.com.br/blog-images/capa-padrao-og.png","Apps de reconhecimento facial alertam para riscos de controle governamental","","","lazy","sem width/height (risco de CLS)"
"https://mclair.com.br/blog/transformacao-digital-evidencia-a-importancia-de-profissionais-agilist/","https://mclair.com.br/blog-images/capa-padrao-og.png","As ameaças e os benefícios do reconhecimento facial","","","lazy","sem width/height (risco de CLS)"
"https://mclair.com.br/blog/transformacao-digital-evidencia-a-importancia-de-profissionais-agilist/","https://mclair.com.br/blog-images/capa-padrao-og.png","A arte de transformar metas em realidade","","","lazy","sem width/height (risco de CLS)"
"https://mclair.com.br/blog/transformacao-digital-evidencia-a-importancia-de-profissionais-agilist/","/logos/logo-negativo.png","Mclair","","32","","sem width/height (risco de CLS) | sem atributo loading"
"https://mclair.com.br/blog/transformacao-digital-impulsiona-busca-por-metodologias-ageis/","/logos/logo-color.png","Mclair","","","","sem width/height (risco de CLS) | sem atributo loading"
"https://mclair.com.br/blog/transformacao-digital-impulsiona-busca-por-metodologias-ageis/","/logos/logo-white-hd.png","Mclair","","","","sem width/height (risco de CLS) | sem atributo loading"
"https://mclair.com.br/blog/transformacao-digital-impulsiona-busca-por-metodologias-ageis/","/cases-img/claudia-elisa-1.webp","","","","eager","alt vazio (ok se decorativa) | sem width/height (risco de CLS)"
"https://mclair.com.br/blog/transformacao-digital-impulsiona-busca-por-metodologias-ageis/","/logos/logo-icone-M.png","Mclair","120","120","","sem atributo loading"
"https://mclair.com.br/blog/transformacao-digital-impulsiona-busca-por-metodologias-ageis/","https://mclair.com.br/blog-images/capa-padrao-og.png","","","","","alt vazio (ok se decorativa) | sem width/height (risco de CLS) | sem atributo loading"
"https://mclair.com.br/blog/transformacao-digital-impulsiona-busca-por-metodologias-ageis/","https://mclair.com.br/blog-images/capa-padrao-og.png","14/09 - Lambda3 completa 12 anos e lança podcast com olhar sobre negócios no contexto nacional","","","lazy","sem width/height (risco de CLS)"
"https://mclair.com.br/blog/transformacao-digital-impulsiona-busca-por-metodologias-ageis/","https://mclair.com.br/blog-images/capa-padrao-og.png","Oportunidade de capacitação em TI: Lambda3 apresenta palestras no TDC Business","","","lazy","sem width/height (risco de CLS)"
"https://mclair.com.br/blog/transformacao-digital-impulsiona-busca-por-metodologias-ageis/","https://mclair.com.br/blog-images/capa-padrao-og.png","4 erros comuns ao implementar produtos digitais","","","lazy","sem width/height (risco de CLS)"
"https://mclair.com.br/blog/transformacao-digital-impulsiona-busca-por-metodologias-ageis/","/logos/logo-negativo.png","Mclair","","32","","sem width/height (risco de CLS) | sem atributo loading"
"https://mclair.com.br/blog/transforme-subjetividade-em-metodo-sua-missao-ficara-mais-facil/","/logos/logo-color.png","Mclair","","","","sem width/height (risco de CLS) | sem atributo loading"
"https://mclair.com.br/blog/transforme-subjetividade-em-metodo-sua-missao-ficara-mais-facil/","/logos/logo-white-hd.png","Mclair","","","","sem width/height (risco de CLS) | sem atributo loading"
"https://mclair.com.br/blog/transforme-subjetividade-em-metodo-sua-missao-ficara-mais-facil/","/cases-img/claudia-elisa-1.webp","","","","eager","alt vazio (ok se decorativa) | sem width/height (risco de CLS)"
"https://mclair.com.br/blog/transforme-subjetividade-em-metodo-sua-missao-ficara-mais-facil/","/logos/logo-icone-M.png","Mclair","120","120","","sem atributo loading"
"https://mclair.com.br/blog/transforme-subjetividade-em-metodo-sua-missao-ficara-mais-facil/","https://mclair.com.br/blog-images/capa-padrao-og.png","","","","","alt vazio (ok se decorativa) | sem width/height (risco de CLS) | sem atributo loading"
"https://mclair.com.br/blog/transforme-subjetividade-em-metodo-sua-missao-ficara-mais-facil/","https://mclair.com.br/blog-images/capa-padrao-og.png","Os desafios e mitos sobre a transição energética","","","lazy","sem width/height (risco de CLS)"
"https://mclair.com.br/blog/transforme-subjetividade-em-metodo-sua-missao-ficara-mais-facil/","https://mclair.com.br/blog-images/capa-padrao-og.png","RH e o futuro do trabalho: quais as tendências para os próximos 10 anos?","","","lazy","sem width/height (risco de CLS)"
"https://mclair.com.br/blog/transforme-subjetividade-em-metodo-sua-missao-ficara-mais-facil/","https://mclair.com.br/blog-images/capa-padrao-og.png","O","","","lazy","sem width/height (risco de CLS)"
"https://mclair.com.br/blog/transforme-subjetividade-em-metodo-sua-missao-ficara-mais-facil/","/logos/logo-negativo.png","Mclair","","32","","sem width/height (risco de CLS) | sem atributo loading"
"https://mclair.com.br/blog/tres-dicas-para-quem-quer-ser-um-conselheiro/","/logos/logo-color.png","Mclair","","","","sem width/height (risco de CLS) | sem atributo loading"
"https://mclair.com.br/blog/tres-dicas-para-quem-quer-ser-um-conselheiro/","/logos/logo-white-hd.png","Mclair","","","","sem width/height (risco de CLS) | sem atributo loading"
"https://mclair.com.br/blog/tres-dicas-para-quem-quer-ser-um-conselheiro/","/cases-img/claudia-elisa-1.webp","","","","eager","alt vazio (ok se decorativa) | sem width/height (risco de CLS)"
"https://mclair.com.br/blog/tres-dicas-para-quem-quer-ser-um-conselheiro/","/logos/logo-icone-M.png","Mclair","120","120","","sem atributo loading"
"https://mclair.com.br/blog/tres-dicas-para-quem-quer-ser-um-conselheiro/","https://mclair.com.br/blog-images/capa-padrao-og.png","","","","","alt vazio (ok se decorativa) | sem width/height (risco de CLS) | sem atributo loading"
"https://mclair.com.br/blog/tres-dicas-para-quem-quer-ser-um-conselheiro/","https://mclair.com.br/blog-images/capa-padrao-og.png","Os desafios e mitos sobre a transição energética","","","lazy","sem width/height (risco de CLS)"
"https://mclair.com.br/blog/tres-dicas-para-quem-quer-ser-um-conselheiro/","https://mclair.com.br/blog-images/capa-padrao-og.png","RH e o futuro do trabalho: quais as tendências para os próximos 10 anos?","","","lazy","sem width/height (risco de CLS)"
"https://mclair.com.br/blog/tres-dicas-para-quem-quer-ser-um-conselheiro/","https://mclair.com.br/blog-images/capa-padrao-og.png","O","","","lazy","sem width/height (risco de CLS)"
"https://mclair.com.br/blog/tres-dicas-para-quem-quer-ser-um-conselheiro/","/logos/logo-negativo.png","Mclair","","32","","sem width/height (risco de CLS) | sem atributo loading"
"https://mclair.com.br/blog/tres-fundamentos-para-uma-boa-governanca-da-inovacao/","/logos/logo-color.png","Mclair","","","","sem width/height (risco de CLS) | sem atributo loading"
"https://mclair.com.br/blog/tres-fundamentos-para-uma-boa-governanca-da-inovacao/","/logos/logo-white-hd.png","Mclair","","","","sem width/height (risco de CLS) | sem atributo loading"
"https://mclair.com.br/blog/tres-fundamentos-para-uma-boa-governanca-da-inovacao/","/cases-img/claudia-elisa-1.webp","","","","eager","alt vazio (ok se decorativa) | sem width/height (risco de CLS)"
"https://mclair.com.br/blog/tres-fundamentos-para-uma-boa-governanca-da-inovacao/","/logos/logo-icone-M.png","Mclair","120","120","","sem atributo loading"
"https://mclair.com.br/blog/tres-fundamentos-para-uma-boa-governanca-da-inovacao/","https://mclair.com.br/blog-images/capa-padrao-og.png","","","","","alt vazio (ok se decorativa) | sem width/height (risco de CLS) | sem atributo loading"
"https://mclair.com.br/blog/tres-fundamentos-para-uma-boa-governanca-da-inovacao/","https://mclair.com.br/blog-images/capa-padrao-og.png","Os desafios e mitos sobre a transição energética","","","lazy","sem width/height (risco de CLS)"
"https://mclair.com.br/blog/tres-fundamentos-para-uma-boa-governanca-da-inovacao/","https://mclair.com.br/blog-images/capa-padrao-og.png","RH e o futuro do trabalho: quais as tendências para os próximos 10 anos?","","","lazy","sem width/height (risco de CLS)"
"https://mclair.com.br/blog/tres-fundamentos-para-uma-boa-governanca-da-inovacao/","https://mclair.com.br/blog-images/capa-padrao-og.png","O","","","lazy","sem width/height (risco de CLS)"
"https://mclair.com.br/blog/tres-fundamentos-para-uma-boa-governanca-da-inovacao/","/logos/logo-negativo.png","Mclair","","32","","sem width/height (risco de CLS) | sem atributo loading"
"https://mclair.com.br/blog/tres-licoes-que-aprendi-com-claudio-galeazzi/","/logos/logo-color.png","Mclair","","","","sem width/height (risco de CLS) | sem atributo loading"
"https://mclair.com.br/blog/tres-licoes-que-aprendi-com-claudio-galeazzi/","/logos/logo-white-hd.png","Mclair","","","","sem width/height (risco de CLS) | sem atributo loading"
"https://mclair.com.br/blog/tres-licoes-que-aprendi-com-claudio-galeazzi/","/cases-img/claudia-elisa-1.webp","","","","eager","alt vazio (ok se decorativa) | sem width/height (risco de CLS)"
"https://mclair.com.br/blog/tres-licoes-que-aprendi-com-claudio-galeazzi/","/logos/logo-icone-M.png","Mclair","120","120","","sem atributo loading"
"https://mclair.com.br/blog/tres-licoes-que-aprendi-com-claudio-galeazzi/","https://mclair.com.br/blog-images/capa-padrao-og.png","","","","","alt vazio (ok se decorativa) | sem width/height (risco de CLS) | sem atributo loading"
"https://mclair.com.br/blog/tres-licoes-que-aprendi-com-claudio-galeazzi/","https://mclair.com.br/blog-images/capa-padrao-og.png","Os desafios e mitos sobre a transição energética","","","lazy","sem width/height (risco de CLS)"
"https://mclair.com.br/blog/tres-licoes-que-aprendi-com-claudio-galeazzi/","https://mclair.com.br/blog-images/capa-padrao-og.png","RH e o futuro do trabalho: quais as tendências para os próximos 10 anos?","","","lazy","sem width/height (risco de CLS)"
"https://mclair.com.br/blog/tres-licoes-que-aprendi-com-claudio-galeazzi/","https://mclair.com.br/blog-images/capa-padrao-og.png","O","","","lazy","sem width/height (risco de CLS)"
"https://mclair.com.br/blog/tres-licoes-que-aprendi-com-claudio-galeazzi/","/logos/logo-negativo.png","Mclair","","32","","sem width/height (risco de CLS) | sem atributo loading"
"https://mclair.com.br/blog/tres-lugares-e-um-ponto/","/logos/logo-color.png","Mclair","","","","sem width/height (risco de CLS) | sem atributo loading"
"https://mclair.com.br/blog/tres-lugares-e-um-ponto/","/logos/logo-white-hd.png","Mclair","","","","sem width/height (risco de CLS) | sem atributo loading"
"https://mclair.com.br/blog/tres-lugares-e-um-ponto/","/cases-img/claudia-elisa-1.webp","","","","eager","alt vazio (ok se decorativa) | sem width/height (risco de CLS)"
"https://mclair.com.br/blog/tres-lugares-e-um-ponto/","/logos/logo-icone-M.png","Mclair","120","120","","sem atributo loading"
"https://mclair.com.br/blog/tres-lugares-e-um-ponto/","https://mclair.com.br/blog-images/capa-padrao-og.png","","","","","alt vazio (ok se decorativa) | sem width/height (risco de CLS) | sem atributo loading"
"https://mclair.com.br/blog/tres-lugares-e-um-ponto/","https://mclair.com.br/blog-images/capa-padrao-og.png","A arte de transformar metas em realidade","","","lazy","sem width/height (risco de CLS)"
"https://mclair.com.br/blog/tres-lugares-e-um-ponto/","https://mclair.com.br/blog-images/capa-padrao-og.png","Lambda3 abre 28 vagas para desenvolvedores","","","lazy","sem width/height (risco de CLS)"
"https://mclair.com.br/blog/tres-lugares-e-um-ponto/","https://mclair.com.br/blog-images/capa-padrao-og.png","O lado B da produtividade em trabalho remoto","","","lazy","sem width/height (risco de CLS)"
"https://mclair.com.br/blog/tres-lugares-e-um-ponto/","/logos/logo-negativo.png","Mclair","","32","","sem width/height (risco de CLS) | sem atributo loading"
"https://mclair.com.br/blog/urgencia-do-trabalho-remoto-evidencia-oportunidades-de-qualificacao/","/logos/logo-color.png","Mclair","","","","sem width/height (risco de CLS) | sem atributo loading"
"https://mclair.com.br/blog/urgencia-do-trabalho-remoto-evidencia-oportunidades-de-qualificacao/","/logos/logo-white-hd.png","Mclair","","","","sem width/height (risco de CLS) | sem atributo loading"
"https://mclair.com.br/blog/urgencia-do-trabalho-remoto-evidencia-oportunidades-de-qualificacao/","/cases-img/claudia-elisa-1.webp","","","","eager","alt vazio (ok se decorativa) | sem width/height (risco de CLS)"
"https://mclair.com.br/blog/urgencia-do-trabalho-remoto-evidencia-oportunidades-de-qualificacao/","/logos/logo-icone-M.png","Mclair","120","120","","sem atributo loading"
"https://mclair.com.br/blog/urgencia-do-trabalho-remoto-evidencia-oportunidades-de-qualificacao/","https://mclair.com.br/blog-images/capa-padrao-og.png","","","","","alt vazio (ok se decorativa) | sem width/height (risco de CLS) | sem atributo loading"
"https://mclair.com.br/blog/urgencia-do-trabalho-remoto-evidencia-oportunidades-de-qualificacao/","https://files.pressmanager.net/clientes/d4f4d624efad0b11b5c71668be0c65c3/imagens/2020/03/25/e27a99a48adce79521351aa6bfc49125_medium.jpg","","","","","alt vazio (ok se decorativa) | sem width/height (risco de CLS) | sem atributo loading"
"https://mclair.com.br/blog/urgencia-do-trabalho-remoto-evidencia-oportunidades-de-qualificacao/","https://mclair.com.br/blog-images/capa-padrao-og.png","Momentos de crise exigem lideranças inteligentes","","","lazy","sem width/height (risco de CLS)"
"https://mclair.com.br/blog/urgencia-do-trabalho-remoto-evidencia-oportunidades-de-qualificacao/","https://mclair.com.br/blog-images/capa-padrao-og.png","Os parâmetros para produtividade foram redefinidos","","","lazy","sem width/height (risco de CLS)"
"https://mclair.com.br/blog/urgencia-do-trabalho-remoto-evidencia-oportunidades-de-qualificacao/","https://mclair.com.br/blog-images/capa-padrao-og.png","Computadores não vencem humanos em debates... Por enquanto!","","","lazy","sem width/height (risco de CLS)"
"https://mclair.com.br/blog/urgencia-do-trabalho-remoto-evidencia-oportunidades-de-qualificacao/","/logos/logo-negativo.png","Mclair","","32","","sem width/height (risco de CLS) | sem atributo loading"
"https://mclair.com.br/blog/valuation-quanto-vale-um-canal-no-youtube/","/logos/logo-color.png","Mclair","","","","sem width/height (risco de CLS) | sem atributo loading"
"https://mclair.com.br/blog/valuation-quanto-vale-um-canal-no-youtube/","/logos/logo-white-hd.png","Mclair","","","","sem width/height (risco de CLS) | sem atributo loading"
"https://mclair.com.br/blog/valuation-quanto-vale-um-canal-no-youtube/","/cases-img/claudia-elisa-1.webp","","","","eager","alt vazio (ok se decorativa) | sem width/height (risco de CLS)"
"https://mclair.com.br/blog/valuation-quanto-vale-um-canal-no-youtube/","/logos/logo-icone-M.png","Mclair","120","120","","sem atributo loading"
"https://mclair.com.br/blog/valuation-quanto-vale-um-canal-no-youtube/","https://mclair.com.br/blog-images/capa-padrao-og.png","","","","","alt vazio (ok se decorativa) | sem width/height (risco de CLS) | sem atributo loading"
"https://mclair.com.br/blog/valuation-quanto-vale-um-canal-no-youtube/","https://mclair.com.br/blog-images/capa-padrao-og.png","Cannabis: Valuation de qualidade e transparência são diferenciais para atrair investidores","","","lazy","sem width/height (risco de CLS)"
"https://mclair.com.br/blog/valuation-quanto-vale-um-canal-no-youtube/","https://mclair.com.br/blog-images/capa-padrao-og.png","6 dicas para PMEs e startups atraírem investimento","","","lazy","sem width/height (risco de CLS)"
"https://mclair.com.br/blog/valuation-quanto-vale-um-canal-no-youtube/","https://mclair.com.br/blog-images/capa-padrao-og.png","Startup cresce 400% com serviços de valuation para o mercado de cannabis","","","lazy","sem width/height (risco de CLS)"
"https://mclair.com.br/blog/valuation-quanto-vale-um-canal-no-youtube/","/logos/logo-negativo.png","Mclair","","32","","sem width/height (risco de CLS) | sem atributo loading"
"https://mclair.com.br/blog/vissla-lanca-plataforma-para-potencializar-campanhas-de-marketing/","/logos/logo-color.png","Mclair","","","","sem width/height (risco de CLS) | sem atributo loading"
"https://mclair.com.br/blog/vissla-lanca-plataforma-para-potencializar-campanhas-de-marketing/","/logos/logo-white-hd.png","Mclair","","","","sem width/height (risco de CLS) | sem atributo loading"
"https://mclair.com.br/blog/vissla-lanca-plataforma-para-potencializar-campanhas-de-marketing/","/cases-img/claudia-elisa-1.webp","","","","eager","alt vazio (ok se decorativa) | sem width/height (risco de CLS)"
"https://mclair.com.br/blog/vissla-lanca-plataforma-para-potencializar-campanhas-de-marketing/","/logos/logo-icone-M.png","Mclair","120","120","","sem atributo loading"
"https://mclair.com.br/blog/vissla-lanca-plataforma-para-potencializar-campanhas-de-marketing/","https://mclair.com.br/blog-images/capa-padrao-og.png","","","","","alt vazio (ok se decorativa) | sem width/height (risco de CLS) | sem atributo loading"
"https://mclair.com.br/blog/vissla-lanca-plataforma-para-potencializar-campanhas-de-marketing/","https://mclair.com.br/blog-images/capa-padrao-og.png","Lambda3 abre 28 vagas para desenvolvedores","","","lazy","sem width/height (risco de CLS)"
"https://mclair.com.br/blog/vissla-lanca-plataforma-para-potencializar-campanhas-de-marketing/","https://mclair.com.br/blog-images/capa-padrao-og.png","O lado B da produtividade em trabalho remoto","","","lazy","sem width/height (risco de CLS)"
"https://mclair.com.br/blog/vissla-lanca-plataforma-para-potencializar-campanhas-de-marketing/","https://mclair.com.br/blog-images/capa-padrao-og.png","AQUARANTENADOS lança single ""Tudo vai dar certo""","","","lazy","sem width/height (risco de CLS)"
"https://mclair.com.br/blog/vissla-lanca-plataforma-para-potencializar-campanhas-de-marketing/","/logos/logo-negativo.png","Mclair","","32","","sem width/height (risco de CLS) | sem atributo loading"
"https://mclair.com.br/blog/voce-sabia-que-area-de-ti-sera-uma-das-mais-impactadas-pela-lgpd/","/logos/logo-color.png","Mclair","","","","sem width/height (risco de CLS) | sem atributo loading"
"https://mclair.com.br/blog/voce-sabia-que-area-de-ti-sera-uma-das-mais-impactadas-pela-lgpd/","/logos/logo-white-hd.png","Mclair","","","","sem width/height (risco de CLS) | sem atributo loading"
"https://mclair.com.br/blog/voce-sabia-que-area-de-ti-sera-uma-das-mais-impactadas-pela-lgpd/","/cases-img/claudia-elisa-1.webp","","","","eager","alt vazio (ok se decorativa) | sem width/height (risco de CLS)"
"https://mclair.com.br/blog/voce-sabia-que-area-de-ti-sera-uma-das-mais-impactadas-pela-lgpd/","/logos/logo-icone-M.png","Mclair","120","120","","sem atributo loading"
"https://mclair.com.br/blog/voce-sabia-que-area-de-ti-sera-uma-das-mais-impactadas-pela-lgpd/","https://mclair.com.br/blog-images/capa-padrao-og.png","","","","","alt vazio (ok se decorativa) | sem width/height (risco de CLS) | sem atributo loading"
"https://mclair.com.br/blog/voce-sabia-que-area-de-ti-sera-uma-das-mais-impactadas-pela-lgpd/","https://mclair.com.br/blog-images/capa-padrao-og.png","Lambda3 abre 28 vagas para desenvolvedores","","","lazy","sem width/height (risco de CLS)"
"https://mclair.com.br/blog/voce-sabia-que-area-de-ti-sera-uma-das-mais-impactadas-pela-lgpd/","https://mclair.com.br/blog-images/capa-padrao-og.png","O lado B da produtividade em trabalho remoto","","","lazy","sem width/height (risco de CLS)"
"https://mclair.com.br/blog/voce-sabia-que-area-de-ti-sera-uma-das-mais-impactadas-pela-lgpd/","https://mclair.com.br/blog-images/capa-padrao-og.png","AQUARANTENADOS lança single ""Tudo vai dar certo""","","","lazy","sem width/height (risco de CLS)"
"https://mclair.com.br/blog/voce-sabia-que-area-de-ti-sera-uma-das-mais-impactadas-pela-lgpd/","/logos/logo-negativo.png","Mclair","","32","","sem width/height (risco de CLS) | sem atributo loading"
"https://mclair.com.br/blog/zbra-anuncia-head-de-novos-negocios/","/logos/logo-color.png","Mclair","","","","sem width/height (risco de CLS) | sem atributo loading"
"https://mclair.com.br/blog/zbra-anuncia-head-de-novos-negocios/","/logos/logo-white-hd.png","Mclair","","","","sem width/height (risco de CLS) | sem atributo loading"
"https://mclair.com.br/blog/zbra-anuncia-head-de-novos-negocios/","/cases-img/claudia-elisa-1.webp","","","","eager","alt vazio (ok se decorativa) | sem width/height (risco de CLS)"
"https://mclair.com.br/blog/zbra-anuncia-head-de-novos-negocios/","/logos/logo-icone-M.png","Mclair","120","120","","sem atributo loading"
"https://mclair.com.br/blog/zbra-anuncia-head-de-novos-negocios/","https://mclair.com.br/blog-images/capa-padrao-og.png","","","","","alt vazio (ok se decorativa) | sem width/height (risco de CLS) | sem atributo loading"
"https://mclair.com.br/blog/zbra-anuncia-head-de-novos-negocios/","https://mclair.com.br/blog-images/capa-padrao-og.png","Racismo algorítmico: especialistas apontam caminhos para um futuro inclusivo","","","lazy","sem width/height (risco de CLS)"
"https://mclair.com.br/blog/zbra-anuncia-head-de-novos-negocios/","https://mclair.com.br/blog-images/capa-padrao-og.png","Dia do Programador: 4 curiosidades sobre a profissão do futuro","","","lazy","sem width/height (risco de CLS)"
"https://mclair.com.br/blog/zbra-anuncia-head-de-novos-negocios/","https://mclair.com.br/blog-images/capa-padrao-og.png","Do estágio à liderança: empresa cria novos caminhos para o crescimento de profissionais","","","lazy","sem width/height (risco de CLS)"
"https://mclair.com.br/blog/zbra-anuncia-head-de-novos-negocios/","/logos/logo-negativo.png","Mclair","","32","","sem width/height (risco de CLS) | sem atributo loading"
"https://mclair.com.br/blog/zbra-anuncia-mudancas-na-diretoria-e-plano-de-expansao/","/logos/logo-color.png","Mclair","","","","sem width/height (risco de CLS) | sem atributo loading"
"https://mclair.com.br/blog/zbra-anuncia-mudancas-na-diretoria-e-plano-de-expansao/","/logos/logo-white-hd.png","Mclair","","","","sem width/height (risco de CLS) | sem atributo loading"
"https://mclair.com.br/blog/zbra-anuncia-mudancas-na-diretoria-e-plano-de-expansao/","/cases-img/claudia-elisa-1.webp","","","","eager","alt vazio (ok se decorativa) | sem width/height (risco de CLS)"
"https://mclair.com.br/blog/zbra-anuncia-mudancas-na-diretoria-e-plano-de-expansao/","/logos/logo-icone-M.png","Mclair","120","120","","sem atributo loading"
"https://mclair.com.br/blog/zbra-anuncia-mudancas-na-diretoria-e-plano-de-expansao/","https://mclair.com.br/blog-images/capa-padrao-og.png","","","","","alt vazio (ok se decorativa) | sem width/height (risco de CLS) | sem atributo loading"
"https://mclair.com.br/blog/zbra-anuncia-mudancas-na-diretoria-e-plano-de-expansao/","https://mclair.com.br/blog-images/capa-padrao-og.png","ZBRA anuncia Head de Novos Negócios","","","lazy","sem width/height (risco de CLS)"
"https://mclair.com.br/blog/zbra-anuncia-mudancas-na-diretoria-e-plano-de-expansao/","https://mclair.com.br/blog-images/capa-padrao-og.png","Racismo algorítmico: especialistas apontam caminhos para um futuro inclusivo","","","lazy","sem width/height (risco de CLS)"
"https://mclair.com.br/blog/zbra-anuncia-mudancas-na-diretoria-e-plano-de-expansao/","https://mclair.com.br/blog-images/capa-padrao-og.png","Dia do Programador: 4 curiosidades sobre a profissão do futuro","","","lazy","sem width/height (risco de CLS)"
"https://mclair.com.br/blog/zbra-anuncia-mudancas-na-diretoria-e-plano-de-expansao/","/logos/logo-negativo.png","Mclair","","32","","sem width/height (risco de CLS) | sem atributo loading"
"https://mclair.com.br/blog/zbra-anuncia-rebranding-com-reforco-do-posicionamento-para-o-mercado-t/","/logos/logo-color.png","Mclair","","","","sem width/height (risco de CLS) | sem atributo loading"
"https://mclair.com.br/blog/zbra-anuncia-rebranding-com-reforco-do-posicionamento-para-o-mercado-t/","/logos/logo-white-hd.png","Mclair","","","","sem width/height (risco de CLS) | sem atributo loading"
"https://mclair.com.br/blog/zbra-anuncia-rebranding-com-reforco-do-posicionamento-para-o-mercado-t/","/cases-img/claudia-elisa-1.webp","","","","eager","alt vazio (ok se decorativa) | sem width/height (risco de CLS)"
"https://mclair.com.br/blog/zbra-anuncia-rebranding-com-reforco-do-posicionamento-para-o-mercado-t/","/logos/logo-icone-M.png","Mclair","120","120","","sem atributo loading"
"https://mclair.com.br/blog/zbra-anuncia-rebranding-com-reforco-do-posicionamento-para-o-mercado-t/","https://mclair.com.br/blog-images/capa-padrao-og.png","","","","","alt vazio (ok se decorativa) | sem width/height (risco de CLS) | sem atributo loading"
"https://mclair.com.br/blog/zbra-anuncia-rebranding-com-reforco-do-posicionamento-para-o-mercado-t/","https://mclair.com.br/blog-images/capa-padrao-og.png","ZBRA anuncia Head de Novos Negócios","","","lazy","sem width/height (risco de CLS)"
"https://mclair.com.br/blog/zbra-anuncia-rebranding-com-reforco-do-posicionamento-para-o-mercado-t/","https://mclair.com.br/blog-images/capa-padrao-og.png","Racismo algorítmico: especialistas apontam caminhos para um futuro inclusivo","","","lazy","sem width/height (risco de CLS)"
"https://mclair.com.br/blog/zbra-anuncia-rebranding-com-reforco-do-posicionamento-para-o-mercado-t/","https://mclair.com.br/blog-images/capa-padrao-og.png","Dia do Programador: 4 curiosidades sobre a profissão do futuro","","","lazy","sem width/height (risco de CLS)"
"https://mclair.com.br/blog/zbra-anuncia-rebranding-com-reforco-do-posicionamento-para-o-mercado-t/","/logos/logo-negativo.png","Mclair","","32","","sem width/height (risco de CLS) | sem atributo loading"
"https://mclair.com.br/cases/","/logos/logo-color.png","Mclair","","","","sem width/height (risco de CLS) | sem atributo loading"
"https://mclair.com.br/cases/","/logos/logo-white-hd.png","Mclair","","","","sem width/height (risco de CLS) | sem atributo loading"
"https://mclair.com.br/cases/","/cases-img/claudia-elisa-1.webp","","","","eager","alt vazio (ok se decorativa) | sem width/height (risco de CLS)"
"https://mclair.com.br/cases/","/logos/logo-icone-M.png","Mclair","120","120","","sem atributo loading"
"https://mclair.com.br/cases/","/paginas/cases-portfolio-comunicacao-mclair.jpg","Cases Mclair: Portfólio de Resultados em Comunicação Estratégica e Marketing de Autoridade","","","","sem width/height (risco de CLS) | sem atributo loading"
"https://mclair.com.br/cases/","/clientes/claudia-elisa-logo.webp","Logo Claudia Elisa: Case Mclair","","","lazy","sem width/height (risco de CLS)"
"https://mclair.com.br/cases/","/cases-img/claudia-elisa-1.webp","Resultado Mclair: Claudia Elisa","","","lazy","sem width/height (risco de CLS)"
"https://mclair.com.br/cases/","/cases-img/fidalgo.jpg","Resultado Mclair: Fidalgo Leilões","","","lazy","sem width/height (risco de CLS)"
"https://mclair.com.br/cases/","/cases-img/bms-abimaq-1.webp","Resultado Mclair: BMS / ABIMAQ + ApexBrasil","","","lazy","sem width/height (risco de CLS)"
"https://mclair.com.br/cases/","/cases-img/alexandre-magno-1.webp","Resultado Mclair: Alexandre Magno","","","lazy","sem width/height (risco de CLS)"
"https://mclair.com.br/cases/","/clientes/eximiaco-logo.png","Logo Elemar Jr.: Case Mclair","","","lazy","sem width/height (risco de CLS)"
"https://mclair.com.br/cases/","/cases-img/elemar-jr-4.webp","Resultado Mclair: Elemar Jr.","","","lazy","sem width/height (risco de CLS)"
"https://mclair.com.br/cases/","/cases-img/insight-rh-1.webp","Resultado Mclair: Insight RH","","","lazy","sem width/height (risco de CLS)"
"https://mclair.com.br/cases/","/logos/logo-negativo.png","Mclair","","32","","sem width/height (risco de CLS) | sem atributo loading"
"https://mclair.com.br/cases/alexandre-magno/","/logos/logo-color.png","Mclair","","","","sem width/height (risco de CLS) | sem atributo loading"
"https://mclair.com.br/cases/alexandre-magno/","/logos/logo-white-hd.png","Mclair","","","","sem width/height (risco de CLS) | sem atributo loading"
"https://mclair.com.br/cases/alexandre-magno/","/cases-img/claudia-elisa-1.webp","","","","eager","alt vazio (ok se decorativa) | sem width/height (risco de CLS)"
"https://mclair.com.br/cases/alexandre-magno/","/logos/logo-icone-M.png","Mclair","120","120","","sem atributo loading"
"https://mclair.com.br/cases/alexandre-magno/","/cases-img/alexandre-magno-1.webp","Alexandre Magno: Gestão de Crise, PR & Marca Pessoal | Mclair","","","","sem width/height (risco de CLS) | sem atributo loading"
"https://mclair.com.br/cases/alexandre-magno/","/cases-img/alexandre-magno-1.webp","Assessoria de imprensa de Alexandre Magno: cobertura da chegada da The Cynefin Co ao Brasil na HSM Management e no Observatório do Terceiro Setor","","","lazy","sem width/height (risco de CLS)"
"https://mclair.com.br/cases/alexandre-magno/","/cases-img/alexandre-magno-2.webp","Alexandre Magno em entrevista ao MIT Sloan Review Brasil e no podcast InFINItas Ideias, com depoimento sobre a parceria com a Mclair","","","lazy","sem width/height (risco de CLS)"
"https://mclair.com.br/cases/alexandre-magno/","","","","","","sem src | alt vazio (ok se decorativa) | sem width/height (risco de CLS) | sem atributo loading"
"https://mclair.com.br/cases/alexandre-magno/","/logos/logo-negativo.png","Mclair","","32","","sem width/height (risco de CLS) | sem atributo loading"
"https://mclair.com.br/cases/bms-abimaq/","/logos/logo-color.png","Mclair","","","","sem width/height (risco de CLS) | sem atributo loading"
"https://mclair.com.br/cases/bms-abimaq/","/logos/logo-white-hd.png","Mclair","","","","sem width/height (risco de CLS) | sem atributo loading"
"https://mclair.com.br/cases/bms-abimaq/","/cases-img/claudia-elisa-1.webp","","","","eager","alt vazio (ok se decorativa) | sem width/height (risco de CLS)"
"https://mclair.com.br/cases/bms-abimaq/","/logos/logo-icone-M.png","Mclair","120","120","","sem atributo loading"
"https://mclair.com.br/cases/bms-abimaq/","/cases-img/bms-abimaq-1.webp","BMS / ABIMAQ + ApexBrasil: Assessoria de Imprensa Internacional | Mclair","","","","sem width/height (risco de CLS) | sem atributo loading"
"https://mclair.com.br/cases/bms-abimaq/","/cases-img/bms-abimaq-1.webp","Big Numbers do programa Brazil Machinery Solutions: mais de 2 mil inserções de mídia e R$ 9,14 milhões em retorno","","","lazy","sem width/height (risco de CLS)"
"https://mclair.com.br/cases/bms-abimaq/","/cases-img/bms-abimaq-2.webp","Cobertura da BMS na Agrishow e no EFEcomunica, com participação em feiras internacionais de máquinas","","","lazy","sem width/height (risco de CLS)"
"https://mclair.com.br/cases/bms-abimaq/","","","","","","sem src | alt vazio (ok se decorativa) | sem width/height (risco de CLS) | sem atributo loading"
"https://mclair.com.br/cases/bms-abimaq/","/logos/logo-negativo.png","Mclair","","32","","sem width/height (risco de CLS) | sem atributo loading"
"https://mclair.com.br/cases/claudia-elisa/","/logos/logo-color.png","Mclair","","","","sem width/height (risco de CLS) | sem atributo loading"
"https://mclair.com.br/cases/claudia-elisa/","/logos/logo-white-hd.png","Mclair","","","","sem width/height (risco de CLS) | sem atributo loading"
"https://mclair.com.br/cases/claudia-elisa/","/cases-img/claudia-elisa-1.webp","","","","eager","alt vazio (ok se decorativa) | sem width/height (risco de CLS)"
"https://mclair.com.br/cases/claudia-elisa/","/logos/logo-icone-M.png","Mclair","120","120","","sem atributo loading"
"https://mclair.com.br/cases/claudia-elisa/","/cases-img/claudia-elisa-1.webp","Claudia Elisa: Marca Pessoal & Marketing de Autoridade | Mclair","","","","sem width/height (risco de CLS) | sem atributo loading"
"https://mclair.com.br/cases/claudia-elisa/","/cases-img/claudia-elisa-1.webp","Claudia Elisa Soares: conselheira, mentora e palestrante, apresentação de sua trajetória e atuação","","","lazy","sem width/height (risco de CLS)"
"https://mclair.com.br/cases/claudia-elisa/","/cases-img/claudia-elisa-2.webp","Mosaico de conteúdos e campanhas de redes sociais de Claudia Elisa, incluindo a série Mulheres ESG","","","lazy","sem width/height (risco de CLS)"
"https://mclair.com.br/cases/claudia-elisa/","/cases-img/claudia-elisa-3.webp","Claudia Elisa em entrevista de TV sobre empresas familiares no Brasil","","","lazy","sem width/height (risco de CLS)"
"https://mclair.com.br/cases/claudia-elisa/","/cases-img/claudia-elisa-4.webp","Artigo de Claudia Elisa na Exame sobre as gerações Y e Z e o ESG","","","lazy","sem width/height (risco de CLS)"
"https://mclair.com.br/cases/claudia-elisa/","/cases-img/claudia-elisa-5.webp","Marcas Claudia Elisa: podcast Liderança em Pauta e Mentoria Sharp","","","lazy","sem width/height (risco de CLS)"
"https://mclair.com.br/cases/claudia-elisa/","/cases-img/claudia-elisa-6.webp","Identidade visual completa de Claudia Elisa: papelaria, site, embalagens e brindes da Mentoria Sharp","","","lazy","sem width/height (risco de CLS)"
"https://mclair.com.br/cases/claudia-elisa/","","","","","","sem src | alt vazio (ok se decorativa) | sem width/height (risco de CLS) | sem atributo loading"
"https://mclair.com.br/cases/claudia-elisa/","/logos/logo-negativo.png","Mclair","","32","","sem width/height (risco de CLS) | sem atributo loading"
"https://mclair.com.br/cases/diego-nogare/","/logos/logo-color.png","Mclair","","","","sem width/height (risco de CLS) | sem atributo loading"
"https://mclair.com.br/cases/diego-nogare/","/logos/logo-white-hd.png","Mclair","","","","sem width/height (risco de CLS) | sem atributo loading"
"https://mclair.com.br/cases/diego-nogare/","/cases-img/claudia-elisa-1.webp","","","","eager","alt vazio (ok se decorativa) | sem width/height (risco de CLS)"
"https://mclair.com.br/cases/diego-nogare/","/logos/logo-icone-M.png","Mclair","120","120","","sem atributo loading"
"https://mclair.com.br/cases/diego-nogare/","/cases-img/diego-nogare-1.webp","Diego Nogare: Assessoria de Imprensa: Dados & IA | Mclair","","","","sem width/height (risco de CLS) | sem atributo loading"
"https://mclair.com.br/cases/diego-nogare/","/cases-img/diego-nogare-1.webp","Diego Nogare com duas matérias consecutivas na home da CNN Brasil sobre inteligência artificial","","","lazy","sem width/height (risco de CLS)"
"https://mclair.com.br/cases/diego-nogare/","/cases-img/diego-nogare-2.webp","Coluna de Diego Nogare na HSM Management sobre desenvolvimento de carreira","","","lazy","sem width/height (risco de CLS)"
"https://mclair.com.br/cases/diego-nogare/","/cases-img/diego-nogare-3.webp","Diego Nogare no IT Forum com artigo sobre os benchmarks de inteligência artificial","","","lazy","sem width/height (risco de CLS)"
"https://mclair.com.br/cases/diego-nogare/","/cases-img/diego-nogare-4.webp","Diego Nogare no portal Baguete falando sobre a nova fase da inteligência artificial","","","lazy","sem width/height (risco de CLS)"
"https://mclair.com.br/cases/diego-nogare/","/cases-img/diego-nogare-5.webp","Artigo de Diego Nogare na Exame sobre Vibe Coding e os riscos da IA para as empresas","","","lazy","sem width/height (risco de CLS)"
"https://mclair.com.br/cases/diego-nogare/","","","","","","sem src | alt vazio (ok se decorativa) | sem width/height (risco de CLS) | sem atributo loading"
"https://mclair.com.br/cases/diego-nogare/","/logos/logo-negativo.png","Mclair","","32","","sem width/height (risco de CLS) | sem atributo loading"
"https://mclair.com.br/cases/elemar-jr/","/logos/logo-color.png","Mclair","","","","sem width/height (risco de CLS) | sem atributo loading"
"https://mclair.com.br/cases/elemar-jr/","/logos/logo-white-hd.png","Mclair","","","","sem width/height (risco de CLS) | sem atributo loading"
"https://mclair.com.br/cases/elemar-jr/","/cases-img/claudia-elisa-1.webp","","","","eager","alt vazio (ok se decorativa) | sem width/height (risco de CLS)"
"https://mclair.com.br/cases/elemar-jr/","/logos/logo-icone-M.png","Mclair","120","120","","sem atributo loading"
"https://mclair.com.br/cases/elemar-jr/","/cases-img/elemar-jr-4.webp","Elemar Jr.: Branding Estratégico & Presença Digital | Mclair","","","","sem width/height (risco de CLS) | sem atributo loading"
"https://mclair.com.br/cases/elemar-jr/","/cases-img/elemar-jr-1.webp","Identidade visual da EximiaCo e podcast Drops da EximiaCo","","","lazy","sem width/height (risco de CLS)"
"https://mclair.com.br/cases/elemar-jr/","/cases-img/elemar-jr-2.webp","Submarcas EximiaCo: consultoria, EximiaCo.tech e EximiaCo.ms","","","lazy","sem width/height (risco de CLS)"
"https://mclair.com.br/cases/elemar-jr/","/cases-img/elemar-jr-3.webp","Elemar Jr. em coluna sobre vazamento de dados no CanalTech","","","lazy","sem width/height (risco de CLS)"
"https://mclair.com.br/cases/elemar-jr/","/cases-img/elemar-jr-4.webp","Elemar Jr. entrevistado pelo portal Baguete sobre Amazon Prime e Alibaba","","","lazy","sem width/height (risco de CLS)"
"https://mclair.com.br/cases/elemar-jr/","/cases-img/elemar-jr-5.webp","Artigo de Elemar Jr. no UOL Tecnologia sobre vazamento de dados","","","lazy","sem width/height (risco de CLS)"
"https://mclair.com.br/cases/elemar-jr/","/cases-img/elemar-jr-6.webp","Coluna de Elemar Jr. no IT Forum 365 sobre segurança em infraestrutura digital","","","lazy","sem width/height (risco de CLS)"
"https://mclair.com.br/cases/elemar-jr/","/cases-img/elemar-jr-7.webp","Artigo de Elemar Jr. na ABC da Comunicação sobre os 6Ds da inovação exponencial","","","lazy","sem width/height (risco de CLS)"
"https://mclair.com.br/cases/elemar-jr/","/cases-img/elemar-jr-8.webp","Elemar Jr. na coluna Olhar Digital Pro sobre tecnologias obsoletas","","","lazy","sem width/height (risco de CLS)"
"https://mclair.com.br/cases/elemar-jr/","/cases-img/elemar-jr-9.webp","Elemar Jr. no portal Startupi sobre inteligência artificial em debates","","","lazy","sem width/height (risco de CLS)"
"https://mclair.com.br/cases/elemar-jr/","","","","","","sem src | alt vazio (ok se decorativa) | sem width/height (risco de CLS) | sem atributo loading"
"https://mclair.com.br/cases/elemar-jr/","/logos/logo-negativo.png","Mclair","","32","","sem width/height (risco de CLS) | sem atributo loading"
"https://mclair.com.br/cases/fidalgo/","/logos/logo-color.png","Mclair","","","","sem width/height (risco de CLS) | sem atributo loading"
"https://mclair.com.br/cases/fidalgo/","/logos/logo-white-hd.png","Mclair","","","","sem width/height (risco de CLS) | sem atributo loading"
"https://mclair.com.br/cases/fidalgo/","/cases-img/claudia-elisa-1.webp","","","","eager","alt vazio (ok se decorativa) | sem width/height (risco de CLS)"
"https://mclair.com.br/cases/fidalgo/","/logos/logo-icone-M.png","Mclair","120","120","","sem atributo loading"
"https://mclair.com.br/cases/fidalgo/","/cases-img/fidalgo.jpg","Fidalgo Leilões: Assessoria de Imprensa: Resultados Expressivos | Mclair","","","","sem width/height (risco de CLS) | sem atributo loading"
"https://mclair.com.br/cases/fidalgo/","/cases-img/fidalgo-press-1.webp","Folha de S.Paulo: cobertura dos leilões de imóveis da Caixa Econômica Federal","","","lazy","sem width/height (risco de CLS)"
"https://mclair.com.br/cases/fidalgo/","/cases-img/fidalgo-press-2.webp","Mesma pauta replicada em Exame IN, O Povo, Bússola e outros grandes veículos","","","lazy","sem width/height (risco de CLS)"
"https://mclair.com.br/cases/fidalgo/","/cases-img/fidalgo-press-3.webp","Matéria mais lida da Valor Investe e destaque no Globo.com no mesmo dia","","","lazy","sem width/height (risco de CLS)"
"https://mclair.com.br/cases/fidalgo/","","","","","","sem src | alt vazio (ok se decorativa) | sem width/height (risco de CLS) | sem atributo loading"
"https://mclair.com.br/cases/fidalgo/","/logos/logo-negativo.png","Mclair","","32","","sem width/height (risco de CLS) | sem atributo loading"
"https://mclair.com.br/cases/globo-leiloes/","/logos/logo-color.png","Mclair","","","","sem width/height (risco de CLS) | sem atributo loading"
"https://mclair.com.br/cases/globo-leiloes/","/logos/logo-white-hd.png","Mclair","","","","sem width/height (risco de CLS) | sem atributo loading"
"https://mclair.com.br/cases/globo-leiloes/","/cases-img/claudia-elisa-1.webp","","","","eager","alt vazio (ok se decorativa) | sem width/height (risco de CLS)"
"https://mclair.com.br/cases/globo-leiloes/","/logos/logo-icone-M.png","Mclair","120","120","","sem atributo loading"
"https://mclair.com.br/cases/globo-leiloes/","/cases-img/globo-leiloes-3.webp","Globo Leilões: Assessoria de Imprensa & Growth Digital | Mclair","","","","sem width/height (risco de CLS) | sem atributo loading"
"https://mclair.com.br/cases/globo-leiloes/","/cases-img/globo-leiloes-1.webp","Cobertura simultânea em Extra, IstoÉ Dinheiro, Folha Vitória e Exame","","","lazy","sem width/height (risco de CLS)"
"https://mclair.com.br/cases/globo-leiloes/","/cases-img/globo-leiloes-2.webp","Conteúdo semanal em Reels e Stories para aquecer a base antes de cada leilão","","","lazy","sem width/height (risco de CLS)"
"https://mclair.com.br/cases/globo-leiloes/","/cases-img/globo-leiloes-3.webp","Resultado consolidado: de inserções na mídia a cliques gerados para o site","","","lazy","sem width/height (risco de CLS)"
"https://mclair.com.br/cases/globo-leiloes/","/cases-img/globo-leiloes-4.webp","Reposicionamento de marca: do logo antigo ao novo posicionamento Globo Leilões","","","lazy","sem width/height (risco de CLS)"
"https://mclair.com.br/cases/globo-leiloes/","","","","","","sem src | alt vazio (ok se decorativa) | sem width/height (risco de CLS) | sem atributo loading"
"https://mclair.com.br/cases/globo-leiloes/","/logos/logo-negativo.png","Mclair","","32","","sem width/height (risco de CLS) | sem atributo loading"
"https://mclair.com.br/cases/insight-rh/","/logos/logo-color.png","Mclair","","","","sem width/height (risco de CLS) | sem atributo loading"
"https://mclair.com.br/cases/insight-rh/","/logos/logo-white-hd.png","Mclair","","","","sem width/height (risco de CLS) | sem atributo loading"
"https://mclair.com.br/cases/insight-rh/","/cases-img/claudia-elisa-1.webp","","","","eager","alt vazio (ok se decorativa) | sem width/height (risco de CLS)"
"https://mclair.com.br/cases/insight-rh/","/logos/logo-icone-M.png","Mclair","120","120","","sem atributo loading"
"https://mclair.com.br/cases/insight-rh/","/cases-img/insight-rh-1.webp","Insight RH: Rebranding, Digital & Naming | Mclair","","","","sem width/height (risco de CLS) | sem atributo loading"
"https://mclair.com.br/cases/insight-rh/","/cases-img/insight-rh-1.webp","Novo site institucional: ""Desperte o líder que existe em você""","","","lazy","sem width/height (risco de CLS)"
"https://mclair.com.br/cases/insight-rh/","/cases-img/insight-rh-2.webp","Nova identidade visual e conteúdo estratégico no Instagram","","","lazy","sem width/height (risco de CLS)"
"https://mclair.com.br/cases/insight-rh/","/cases-img/insight-rh-3.webp","Insight LAB, o laboratório onde carreiras evoluem na prática","","","lazy","sem width/height (risco de CLS)"
"https://mclair.com.br/cases/insight-rh/","/cases-img/insight-rh-4.webp","Insight LAB: ""Desenvolva. Experimente. Lidere.""","","","lazy","sem width/height (risco de CLS)"
"https://mclair.com.br/cases/insight-rh/","","","","","","sem src | alt vazio (ok se decorativa) | sem width/height (risco de CLS) | sem atributo loading"
"https://mclair.com.br/cases/insight-rh/","/logos/logo-negativo.png","Mclair","","32","","sem width/height (risco de CLS) | sem atributo loading"
"https://mclair.com.br/cases/lambda3/","/logos/logo-color.png","Mclair","","","","sem width/height (risco de CLS) | sem atributo loading"
"https://mclair.com.br/cases/lambda3/","/logos/logo-white-hd.png","Mclair","","","","sem width/height (risco de CLS) | sem atributo loading"
"https://mclair.com.br/cases/lambda3/","/cases-img/claudia-elisa-1.webp","","","","eager","alt vazio (ok se decorativa) | sem width/height (risco de CLS)"
"https://mclair.com.br/cases/lambda3/","/logos/logo-icone-M.png","Mclair","120","120","","sem atributo loading"
"https://mclair.com.br/cases/lambda3/","/cases-img/lambda3-1.webp","Lambda3: Assessoria de Imprensa & Comunicação Digital | Mclair","","","","sem width/height (risco de CLS) | sem atributo loading"
"https://mclair.com.br/cases/lambda3/","/cases-img/lambda3-1.webp","Lambda3 na mídia: entrevistas para SBT, Record TV, Band e Gazeta","","","lazy","sem width/height (risco de CLS)"
"https://mclair.com.br/cases/lambda3/","/cases-img/lambda3-2.webp","Mosaico de campanhas de redes sociais da Lambda3, com eventos e conteúdo de employer branding","","","lazy","sem width/height (risco de CLS)"
"https://mclair.com.br/cases/lambda3/","","","","","","sem src | alt vazio (ok se decorativa) | sem width/height (risco de CLS) | sem atributo loading"
"https://mclair.com.br/cases/lambda3/","/logos/logo-negativo.png","Mclair","","32","","sem width/height (risco de CLS) | sem atributo loading"
"https://mclair.com.br/cases/nexinvoice/","/logos/logo-color.png","Mclair","","","","sem width/height (risco de CLS) | sem atributo loading"
"https://mclair.com.br/cases/nexinvoice/","/logos/logo-white-hd.png","Mclair","","","","sem width/height (risco de CLS) | sem atributo loading"
"https://mclair.com.br/cases/nexinvoice/","/cases-img/claudia-elisa-1.webp","","","","eager","alt vazio (ok se decorativa) | sem width/height (risco de CLS)"
"https://mclair.com.br/cases/nexinvoice/","/logos/logo-icone-M.png","Mclair","120","120","","sem atributo loading"
"https://mclair.com.br/cases/nexinvoice/","/cases-img/nexinvoice-2.webp","Guiando / nexinvoice: Naming, Branding & Mascote | Mclair","","","","sem width/height (risco de CLS) | sem atributo loading"
"https://mclair.com.br/cases/nexinvoice/","/cases-img/nexinvoice-1.webp","Identidade visual completa do nexinvoice aplicada em papelaria, embalagens e brindes","","","lazy","sem width/height (risco de CLS)"
"https://mclair.com.br/cases/nexinvoice/","/cases-img/nexinvoice-2.webp","Annie, a mascote do nexinvoice, e o fundador do Guiando apresentando o produto","","","lazy","sem width/height (risco de CLS)"
"https://mclair.com.br/cases/nexinvoice/","/cases-img/nexinvoice-3.webp","Plataforma nexinvoice automatizando o processo de faturas com a mascote Annie","","","lazy","sem width/height (risco de CLS)"
"https://mclair.com.br/cases/nexinvoice/","","","","","","sem src | alt vazio (ok se decorativa) | sem width/height (risco de CLS) | sem atributo loading"
"https://mclair.com.br/cases/nexinvoice/","/logos/logo-negativo.png","Mclair","","32","","sem width/height (risco de CLS) | sem atributo loading"
"https://mclair.com.br/cases/silene-chiconini/","/logos/logo-color.png","Mclair","","","","sem width/height (risco de CLS) | sem atributo loading"
"https://mclair.com.br/cases/silene-chiconini/","/logos/logo-white-hd.png","Mclair","","","","sem width/height (risco de CLS) | sem atributo loading"
"https://mclair.com.br/cases/silene-chiconini/","/cases-img/claudia-elisa-1.webp","","","","eager","alt vazio (ok se decorativa) | sem width/height (risco de CLS)"
"https://mclair.com.br/cases/silene-chiconini/","/logos/logo-icone-M.png","Mclair","120","120","","sem atributo loading"
"https://mclair.com.br/cases/silene-chiconini/","/cases-img/silene-chiconini-1.webp","Silene Chiconini: Marca Pessoal: Comunicação e Sustentabilidade | Mclair","","","","sem width/height (risco de CLS) | sem atributo loading"
"https://mclair.com.br/cases/silene-chiconini/","/cases-img/silene-chiconini-1.webp","Identidade visual e paleta de cores da marca Silene Chiconini, Sustentabilidade & Comunicação","","","lazy","sem width/height (risco de CLS)"
"https://mclair.com.br/cases/silene-chiconini/","/cases-img/silene-chiconini-2.webp","Aplicação da marca Silene Chiconini em cartões de visita","","","lazy","sem width/height (risco de CLS)"
"https://mclair.com.br/cases/silene-chiconini/","","","","","","sem src | alt vazio (ok se decorativa) | sem width/height (risco de CLS) | sem atributo loading"
"https://mclair.com.br/cases/silene-chiconini/","/logos/logo-negativo.png","Mclair","","32","","sem width/height (risco de CLS) | sem atributo loading"
"https://mclair.com.br/cases/vip-leiloes/","/logos/logo-color.png","Mclair","","","","sem width/height (risco de CLS) | sem atributo loading"
"https://mclair.com.br/cases/vip-leiloes/","/logos/logo-white-hd.png","Mclair","","","","sem width/height (risco de CLS) | sem atributo loading"
"https://mclair.com.br/cases/vip-leiloes/","/cases-img/claudia-elisa-1.webp","","","","eager","alt vazio (ok se decorativa) | sem width/height (risco de CLS)"
"https://mclair.com.br/cases/vip-leiloes/","/logos/logo-icone-M.png","Mclair","120","120","","sem atributo loading"
"https://mclair.com.br/cases/vip-leiloes/","/cases-img/vip-leiloes-5.webp","VIP Leilões: Assessoria de Imprensa: Parcerias Bancárias | Mclair","","","","sem width/height (risco de CLS) | sem atributo loading"
"https://mclair.com.br/cases/vip-leiloes/","/cases-img/vip-leiloes-1.webp","Folha de S.Paulo: leilões noturnos com imóveis a partir de R$ 41 mil em todo o país","","","lazy","sem width/height (risco de CLS)"
"https://mclair.com.br/cases/vip-leiloes/","/cases-img/vip-leiloes-2.webp","Extra: Caixa e Bradesco levam 571 imóveis a leilão com até 76% de desconto","","","lazy","sem width/height (risco de CLS)"
"https://mclair.com.br/cases/vip-leiloes/","/cases-img/vip-leiloes-3.webp","Valor Investe: mais de 560 imóveis em leilão com descontos de até 76%","","","lazy","sem width/height (risco de CLS)"
"https://mclair.com.br/cases/vip-leiloes/","/cases-img/vip-leiloes-4.webp","IstoÉ Dinheiro: Santander, Bradesco e Caixa colocam 1.135 imóveis em leilão","","","lazy","sem width/height (risco de CLS)"
"https://mclair.com.br/cases/vip-leiloes/","/cases-img/vip-leiloes-5.webp","InfoMoney: Caixa e Itaú anunciam leilões de imóveis com participação facilitada","","","lazy","sem width/height (risco de CLS)"
"https://mclair.com.br/cases/vip-leiloes/","/cases-img/vip-leiloes-6.webp","Valor Investe: Correios leiloam imóveis como parte do plano de reestruturação","","","lazy","sem width/height (risco de CLS)"
"https://mclair.com.br/cases/vip-leiloes/","","","","","","sem src | alt vazio (ok se decorativa) | sem width/height (risco de CLS) | sem atributo loading"
"https://mclair.com.br/cases/vip-leiloes/","/logos/logo-negativo.png","Mclair","","32","","sem width/height (risco de CLS) | sem atributo loading"
"https://mclair.com.br/cases/zbra/","/logos/logo-color.png","Mclair","","","","sem width/height (risco de CLS) | sem atributo loading"
"https://mclair.com.br/cases/zbra/","/logos/logo-white-hd.png","Mclair","","","","sem width/height (risco de CLS) | sem atributo loading"
"https://mclair.com.br/cases/zbra/","/cases-img/claudia-elisa-1.webp","","","","eager","alt vazio (ok se decorativa) | sem width/height (risco de CLS)"
"https://mclair.com.br/cases/zbra/","/logos/logo-icone-M.png","Mclair","120","120","","sem atributo loading"
"https://mclair.com.br/cases/zbra/","/cases-img/zbra-2.webp","Zbra: Rebranding + Assessoria + Social Media | Mclair","","","","sem width/height (risco de CLS) | sem atributo loading"
"https://mclair.com.br/cases/zbra/","/cases-img/zbra-1.webp","Mosaico de campanhas de redes sociais da Zbra, com a série ZTalks e cultura de equipe","","","lazy","sem width/height (risco de CLS)"
"https://mclair.com.br/cases/zbra/","/cases-img/zbra-2.webp","Cobertura de imprensa do rebranding da Zbra Solutions no Grandes Nomes da Propaganda e na Exame","","","lazy","sem width/height (risco de CLS)"
"https://mclair.com.br/cases/zbra/","","","","","","sem src | alt vazio (ok se decorativa) | sem width/height (risco de CLS) | sem atributo loading"
"https://mclair.com.br/cases/zbra/","/logos/logo-negativo.png","Mclair","","32","","sem width/height (risco de CLS) | sem atributo loading"
"https://mclair.com.br/clientes/","/logos/logo-color.png","Mclair","","","","sem width/height (risco de CLS) | sem atributo loading"
"https://mclair.com.br/clientes/","/logos/logo-white-hd.png","Mclair","","","","sem width/height (risco de CLS) | sem atributo loading"
"https://mclair.com.br/clientes/","/cases-img/claudia-elisa-1.webp","","","","eager","alt vazio (ok se decorativa) | sem width/height (risco de CLS)"
"https://mclair.com.br/clientes/","/logos/logo-icone-M.png","Mclair","120","120","","sem atributo loading"
"https://mclair.com.br/clientes/","/paginas/clientes-resultados-mclair.jpg","Clientes Mclair: Empresas que confiam em nossa Comunicação Estratégica","","","","sem width/height (risco de CLS) | sem atributo loading"
"https://mclair.com.br/clientes/","/clientes/fidalgo-leiloes-logo.webp","Fidalgo Leilões, Cliente Mclair","","","lazy","sem width/height (risco de CLS)"
"https://mclair.com.br/clientes/","/clientes/globo-leiloes-logo.webp","Globo Leilões, Cliente Mclair","","","lazy","sem width/height (risco de CLS)"
"https://mclair.com.br/clientes/","/clientes/vip-leiloes-logo.webp","VIP Leilões, Cliente Mclair","","","lazy","sem width/height (risco de CLS)"
"https://mclair.com.br/clientes/","/clientes/ribeiro-leiloes-logo.webp","Ribeiro Leilões, Cliente Mclair","","","lazy","sem width/height (risco de CLS)"
"https://mclair.com.br/clientes/","/clientes/balbino-leiloes-logo.webp","Balbino Leilões, Cliente Mclair","","","lazy","sem width/height (risco de CLS)"
"https://mclair.com.br/clientes/","/clientes/insight-rh-logo.webp","Insight RH, Cliente Mclair","","","lazy","sem width/height (risco de CLS)"
"https://mclair.com.br/clientes/","/clientes/claudia-elisa-logo.webp","Claudia Elisa, Cliente Mclair","","","lazy","sem width/height (risco de CLS)"
"https://mclair.com.br/clientes/","/clientes/bms-abimaq-logo.jpg","BMS / ABIMAQ, Cliente Mclair","","","lazy","sem width/height (risco de CLS)"
"https://mclair.com.br/clientes/","/clientes/eximiaco-logo.webp","EximiaCo, Cliente Mclair","","","lazy","sem width/height (risco de CLS)"
"https://mclair.com.br/clientes/","/clientes/guiando-logo.webp","Guiando, Cliente Mclair","","","lazy","sem width/height (risco de CLS)"
"https://mclair.com.br/clientes/","/clientes/lambda3-logo.webp","Lambda3, Cliente Mclair","","","lazy","sem width/height (risco de CLS)"
"https://mclair.com.br/clientes/","/clientes/silene-chiconini-logo.webp","Silene Chiconini, Cliente Mclair","","","lazy","sem width/height (risco de CLS)"
"https://mclair.com.br/clientes/","/clientes/zbra-logo.webp","Zbra, Cliente Mclair","","","lazy","sem width/height (risco de CLS)"
"https://mclair.com.br/clientes/","/clientes/abimapi-logo.webp","ABIMAPI, Cliente Mclair","","","lazy","sem width/height (risco de CLS)"
"https://mclair.com.br/clientes/","/clientes/abinee-logo.webp","ABINEE, Cliente Mclair","","","lazy","sem width/height (risco de CLS)"
"https://mclair.com.br/clientes/","/clientes/abitrigo-logo.webp","Abitrigo, Cliente Mclair","","","lazy","sem width/height (risco de CLS)"
"https://mclair.com.br/clientes/","/clientes/abrolhos-filmes-logo.webp","Abrolhos Filmes, Cliente Mclair","","","lazy","sem width/height (risco de CLS)"
"https://mclair.com.br/clientes/","/clientes/appgas-logo.webp","Appgas, Cliente Mclair","","","lazy","sem width/height (risco de CLS)"
"https://mclair.com.br/clientes/","/clientes/aspin-logo.webp","Aspin Corretora de Seguros, Cliente Mclair","","","lazy","sem width/height (risco de CLS)"
"https://mclair.com.br/clientes/","/clientes/darnel-logo.webp","Darnel Group, Cliente Mclair","","","lazy","sem width/height (risco de CLS)"
"https://mclair.com.br/clientes/","/clientes/alexandre-carlos-logo.webp","Alexandre Carlos, Cliente Mclair","","","lazy","sem width/height (risco de CLS)"
"https://mclair.com.br/clientes/","/clientes/alexandre-magno-logo.webp","Alexandre Magno, Cliente Mclair","","","lazy","sem width/height (risco de CLS)"
"https://mclair.com.br/clientes/","/clientes/archai-logo.webp","ArcHAI, Cliente Mclair","","","lazy","sem width/height (risco de CLS)"
"https://mclair.com.br/clientes/","/clientes/arena22-logo.webp","Arena22, Cliente Mclair","","","lazy","sem width/height (risco de CLS)"
"https://mclair.com.br/clientes/","/clientes/automatiza-sistemas-logo.webp","Automatiza Sistemas, Cliente Mclair","","","lazy","sem width/height (risco de CLS)"
"https://mclair.com.br/clientes/","/clientes/brazil-machinery-solutions-logo.webp","Brazil Machinery Solutions, Cliente Mclair","","","lazy","sem width/height (risco de CLS)"
"https://mclair.com.br/clientes/","/clientes/blue-skies-logo.webp","Blue Skies, Cliente Mclair","","","lazy","sem width/height (risco de CLS)"
"https://mclair.com.br/clientes/","/clientes/bussola-logo.webp","Bússola, Cliente Mclair","","","lazy","sem width/height (risco de CLS)"
"https://mclair.com.br/clientes/","/clientes/cada-qual-logo.webp","Cada Qual, Cliente Mclair","","","lazy","sem width/height (risco de CLS)"
"https://mclair.com.br/clientes/","/clientes/ciclo-dourado-logo.webp","Ciclo Dourado, Cliente Mclair","","","lazy","sem width/height (risco de CLS)"
"https://mclair.com.br/clientes/","/clientes/charlie-o-logo.webp","Charlie O, Cliente Mclair","","","lazy","sem width/height (risco de CLS)"
"https://mclair.com.br/clientes/","/clientes/climby-logo.webp","Climby, Cliente Mclair","","","lazy","sem width/height (risco de CLS)"
"https://mclair.com.br/clientes/","/clientes/consigaz-logo.webp","Consigaz, Cliente Mclair","","","lazy","sem width/height (risco de CLS)"
"https://mclair.com.br/clientes/","/clientes/cubo-logo.webp","Comunicação Cubo, Cliente Mclair","","","lazy","sem width/height (risco de CLS)"
"https://mclair.com.br/clientes/","/clientes/diego-nogare-logo.webp","Diego Nogare, Cliente Mclair","","","lazy","sem width/height (risco de CLS)"
"https://mclair.com.br/clientes/","/clientes/edb-comunicacao-logo.webp","EDB Comunicação, Cliente Mclair","","","lazy","sem width/height (risco de CLS)"
"https://mclair.com.br/clientes/","/clientes/emergee-logo.webp","Emergee, Cliente Mclair","","","lazy","sem width/height (risco de CLS)"
"https://mclair.com.br/clientes/","/clientes/instituto-fernanda-wolff-logo.webp","Instituto Fernanda Wolff, Cliente Mclair","","","lazy","sem width/height (risco de CLS)"
"https://mclair.com.br/clientes/","/clientes/francine-reis-logo.webp","Francine Reis Advocacia, Cliente Mclair","","","lazy","sem width/height (risco de CLS)"
"https://mclair.com.br/clientes/","/clientes/giovanna-gabriele-logo.webp","Giovanna Gabriele Mastologia, Cliente Mclair","","","lazy","sem width/height (risco de CLS)"
"https://mclair.com.br/clientes/","/clientes/secretaria-educacao-sp-logo.webp","Secretaria de Educação, Cliente Mclair","","","lazy","sem width/height (risco de CLS)"
"https://mclair.com.br/clientes/","/clientes/helen-pessoni-logo.webp","Helen Pessoni, Cliente Mclair","","","lazy","sem width/height (risco de CLS)"
"https://mclair.com.br/clientes/","/clientes/ik-solution-logo.webp","IK Solution, Cliente Mclair","","","lazy","sem width/height (risco de CLS)"
"https://mclair.com.br/clientes/","/clientes/infinix-mobility-logo.webp","Infinix Mobility, Cliente Mclair","","","lazy","sem width/height (risco de CLS)"
"https://mclair.com.br/clientes/","/clientes/jf-contra-fome-logo.webp","JF Contra Fome, Cliente Mclair","","","lazy","sem width/height (risco de CLS)"
"https://mclair.com.br/clientes/","/clientes/konia-logo.webp","Konia, Cliente Mclair","","","lazy","sem width/height (risco de CLS)"
"https://mclair.com.br/clientes/","/clientes/lume-35-logo.webp","Lume 35, Cliente Mclair","","","lazy","sem width/height (risco de CLS)"
"https://mclair.com.br/clientes/","/clientes/mais-comunicacao-logo.webp","Mais+ Comunicação, Cliente Mclair","","","lazy","sem width/height (risco de CLS)"
"https://mclair.com.br/clientes/","/clientes/mammy-up-logo.webp","Mammy Up, Cliente Mclair","","","lazy","sem width/height (risco de CLS)"
"https://mclair.com.br/clientes/","/clientes/maxipark-logo.webp","Maxipark, Cliente Mclair","","","lazy","sem width/height (risco de CLS)"
"https://mclair.com.br/clientes/","/clientes/dr-newton-roldao-logo.webp","Dr. Newton Roldão, Cliente Mclair","","","lazy","sem width/height (risco de CLS)"
"https://mclair.com.br/clientes/","/clientes/ra-veterinaria-domiciliar-logo.webp","RA Veterinária Domiciliar, Cliente Mclair","","","lazy","sem width/height (risco de CLS)"
"https://mclair.com.br/clientes/","/clientes/simabe-sp-logo.webp","Simabe SP, Cliente Mclair","","","lazy","sem width/height (risco de CLS)"
"https://mclair.com.br/clientes/","/clientes/simone-neri-logo.webp","Simone Neri, Cliente Mclair","","","lazy","sem width/height (risco de CLS)"
"https://mclair.com.br/clientes/","/clientes/soul-logo.webp","Soul, Cliente Mclair","","","lazy","sem width/height (risco de CLS)"
"https://mclair.com.br/clientes/","/clientes/spdm-logo.webp","SPDM, Cliente Mclair","","","lazy","sem width/height (risco de CLS)"
"https://mclair.com.br/clientes/","/clientes/startuphero-logo.webp","StartupHero, Cliente Mclair","","","lazy","sem width/height (risco de CLS)"
"https://mclair.com.br/clientes/","/clientes/vanda-lohn-instituto-logo.webp","Vanda Lohn Instituto, Cliente Mclair","","","lazy","sem width/height (risco de CLS)"
"https://mclair.com.br/clientes/","/clientes/vissla-aut-logo.webp","Vissla Aut, Cliente Mclair","","","lazy","sem width/height (risco de CLS)"
"https://mclair.com.br/clientes/","/clientes/cynefin-co-logo.webp","The Cynefin Co., Cliente Mclair","","","lazy","sem width/height (risco de CLS)"
"https://mclair.com.br/clientes/","/clientes/yasmin-czize-logo.webp","Yasmin Czize Odontologia, Cliente Mclair","","","lazy","sem width/height (risco de CLS)"
"https://mclair.com.br/clientes/","/clientes/nusitado-logo.webp","Nusitado, Cliente Mclair","","","lazy","sem width/height (risco de CLS)"
"https://mclair.com.br/clientes/","/clientes/zoom-mind-logo.webp","Zoom Mind, Cliente Mclair","","","lazy","sem width/height (risco de CLS)"
"https://mclair.com.br/clientes/","/clientes/ssp-sp-logo.jpg","SSP-SP, Cliente Mclair","","","lazy","sem width/height (risco de CLS)"
"https://mclair.com.br/clientes/","/clientes/nexinvoice-logo.png","NexInvoice, Cliente Mclair","","","lazy","sem width/height (risco de CLS)"
"https://mclair.com.br/clientes/","/clientes/dra-arenata-ascencio-logo.jpg","Dra. Arenata Ascencio, Cliente Mclair","","","lazy","sem width/height (risco de CLS)"
"https://mclair.com.br/clientes/","/clientes/trinta-tres-tattoo-logo.jpg","Trinta e Três Tattoo, Cliente Mclair","","","lazy","sem width/height (risco de CLS)"
"https://mclair.com.br/clientes/","/clientes/ynus-ita-digital-logo.png","Ynusitado, Cliente Mclair","","","lazy","sem width/height (risco de CLS)"
"https://mclair.com.br/clientes/","/logos/logo-negativo.png","Mclair","","32","","sem width/height (risco de CLS) | sem atributo loading"
"https://mclair.com.br/contato/","/logos/logo-color.png","Mclair","","","","sem width/height (risco de CLS) | sem atributo loading"
"https://mclair.com.br/contato/","/logos/logo-white-hd.png","Mclair","","","","sem width/height (risco de CLS) | sem atributo loading"
"https://mclair.com.br/contato/","/cases-img/claudia-elisa-1.webp","","","","eager","alt vazio (ok se decorativa) | sem width/height (risco de CLS)"
"https://mclair.com.br/contato/","/logos/logo-icone-M.png","Mclair","120","120","","sem atributo loading"
"https://mclair.com.br/contato/","/logos/logo-negativo.png","Mclair","","32","","sem width/height (risco de CLS) | sem atributo loading"
"https://mclair.com.br/marketing-para-leiloeiros/","/logos/logo-color.png","Mclair","","","","sem width/height (risco de CLS) | sem atributo loading"
"https://mclair.com.br/marketing-para-leiloeiros/","/logos/logo-white-hd.png","Mclair","","","","sem width/height (risco de CLS) | sem atributo loading"
"https://mclair.com.br/marketing-para-leiloeiros/","/cases-img/claudia-elisa-1.webp","","","","eager","alt vazio (ok se decorativa) | sem width/height (risco de CLS)"
"https://mclair.com.br/marketing-para-leiloeiros/","/logos/logo-icone-M.png","Mclair","120","120","","sem atributo loading"
"https://mclair.com.br/marketing-para-leiloeiros/","/paginas/marketing-para-leiloeiros-mclair.webp","","","","","alt vazio (ok se decorativa) | sem width/height (risco de CLS) | sem atributo loading"
"https://mclair.com.br/marketing-para-leiloeiros/","/clientes/fidalgo-leiloes-logo.webp","Fidalgo Leilões","","","lazy","sem width/height (risco de CLS)"
"https://mclair.com.br/marketing-para-leiloeiros/","/clientes/globo-leiloes-logo.webp","Globo Leilões","","","lazy","sem width/height (risco de CLS)"
"https://mclair.com.br/marketing-para-leiloeiros/","/clientes/vip-leiloes-logo.webp","VIP Leilões","","","lazy","sem width/height (risco de CLS)"
"https://mclair.com.br/marketing-para-leiloeiros/","/clientes/ribeiro-leiloes-logo.webp","Ribeiro Leilões","","","lazy","sem width/height (risco de CLS)"
"https://mclair.com.br/marketing-para-leiloeiros/","/clientes/balbino-leiloes-logo.webp","Balbino Leilões","","","lazy","sem width/height (risco de CLS)"
"https://mclair.com.br/marketing-para-leiloeiros/","/clientes/fidalgo-leiloes-logo.webp","Fidalgo Leilões","","","lazy","sem width/height (risco de CLS)"
"https://mclair.com.br/marketing-para-leiloeiros/","/clientes/globo-leiloes-logo.webp","Globo Leilões","","","lazy","sem width/height (risco de CLS)"
"https://mclair.com.br/marketing-para-leiloeiros/","/clientes/vip-leiloes-logo.webp","VIP Leilões","","","lazy","sem width/height (risco de CLS)"
"https://mclair.com.br/marketing-para-leiloeiros/","/clientes/ribeiro-leiloes-logo.webp","Ribeiro Leilões","","","lazy","sem width/height (risco de CLS)"
"https://mclair.com.br/marketing-para-leiloeiros/","/clientes/balbino-leiloes-logo.webp","Balbino Leilões","","","lazy","sem width/height (risco de CLS)"
"https://mclair.com.br/marketing-para-leiloeiros/","https://i.ytimg.com/vi/OgcjD1P_JfQ/hqdefault.jpg","","","","lazy","alt vazio (ok se decorativa) | sem width/height (risco de CLS)"
"https://mclair.com.br/marketing-para-leiloeiros/","/cases-img/fidalgo-press-1.webp","Fidalgo Leilões","","","lazy","sem width/height (risco de CLS)"
"https://mclair.com.br/marketing-para-leiloeiros/","/cases-img/globo-leiloes-1.webp","Globo Leilões","","","lazy","sem width/height (risco de CLS)"
"https://mclair.com.br/marketing-para-leiloeiros/","/cases-img/vip-leiloes-5.webp","VIP Leilões","","","lazy","sem width/height (risco de CLS)"
"https://mclair.com.br/marketing-para-leiloeiros/","/logos/logo-negativo.png","Mclair","","32","","sem width/height (risco de CLS) | sem atributo loading"
"https://mclair.com.br/mentorias/","/logos/logo-color.png","Mclair","","","","sem width/height (risco de CLS) | sem atributo loading"
"https://mclair.com.br/mentorias/","/logos/logo-white-hd.png","Mclair","","","","sem width/height (risco de CLS) | sem atributo loading"
"https://mclair.com.br/mentorias/","/cases-img/claudia-elisa-1.webp","","","","eager","alt vazio (ok se decorativa) | sem width/height (risco de CLS)"
"https://mclair.com.br/mentorias/","/logos/logo-icone-M.png","Mclair","120","120","","sem atributo loading"
"https://mclair.com.br/mentorias/","/mentoria/mentoria_06.jpg","","","","","alt vazio (ok se decorativa) | sem width/height (risco de CLS) | sem atributo loading"
"https://mclair.com.br/mentorias/","/mentoria/kelly-pinheiro-new.jpg","Kelly Pinheiro","","","","sem width/height (risco de CLS) | sem atributo loading"
"https://mclair.com.br/mentorias/","/mentoria/mentoria_08.jpg","Mentoria Bolder","","","lazy","sem width/height (risco de CLS)"
"https://mclair.com.br/mentorias/","/mentoria/mentoria_04.jpg","Mentoria Bolder","","","lazy","sem width/height (risco de CLS)"
"https://mclair.com.br/mentorias/","/mentoria/mentoria_07.jpg","Mentoria Bolder","","","lazy","sem width/height (risco de CLS)"
"https://mclair.com.br/mentorias/","/mentoria/mentoria_05.jpg","Mentoria Bolder","","","lazy","sem width/height (risco de CLS)"
"https://mclair.com.br/mentorias/","/mentoria/mentoria_11.jpg","Mentoria Bolder","","","lazy","sem width/height (risco de CLS)"
"https://mclair.com.br/mentorias/","/mentoria/mentoria_06.jpg","Mentoria Bolder","","","lazy","sem width/height (risco de CLS)"
"https://mclair.com.br/mentorias/","/mentoria/mentoria_13.jpg","Mentoria Bolder","","","lazy","sem width/height (risco de CLS)"
"https://mclair.com.br/mentorias/","/mentoria/mentoria_03.jpg","Mentoria Bolder","","","lazy","sem width/height (risco de CLS)"
"https://mclair.com.br/mentorias/","/mentoria/mentoria_14.jpg","Mentoria Bolder","","","lazy","sem width/height (risco de CLS)"
"https://mclair.com.br/mentorias/","/mentoria/mentoria_15.jpg","Mentoria Bolder","","","lazy","sem width/height (risco de CLS)"
"https://mclair.com.br/mentorias/","/mentoria/mentoria_16.jpg","Mentoria Bolder","","","lazy","sem width/height (risco de CLS)"
"https://mclair.com.br/mentorias/","/mentoria/mentoria_17.jpg","Mentoria Bolder","","","lazy","sem width/height (risco de CLS)"
"https://mclair.com.br/mentorias/","/mentoria/mentoria_18.jpg","Mentoria Bolder","","","lazy","sem width/height (risco de CLS)"
"https://mclair.com.br/mentorias/","","","","","","sem src | alt vazio (ok se decorativa) | sem width/height (risco de CLS) | sem atributo loading"
"https://mclair.com.br/mentorias/","/logos/logo-negativo.png","Mclair","","32","","sem width/height (risco de CLS) | sem atributo loading"
"https://mclair.com.br/servicos/","/logos/logo-color.png","Mclair","","","","sem width/height (risco de CLS) | sem atributo loading"
"https://mclair.com.br/servicos/","/logos/logo-white-hd.png","Mclair","","","","sem width/height (risco de CLS) | sem atributo loading"
"https://mclair.com.br/servicos/","/cases-img/claudia-elisa-1.webp","","","","eager","alt vazio (ok se decorativa) | sem width/height (risco de CLS)"
"https://mclair.com.br/servicos/","/logos/logo-icone-M.png","Mclair","120","120","","sem atributo loading"
"https://mclair.com.br/servicos/","/paginas/servicos-marketing-autoridade-mclair.jpg","Serviços Mclair: Comunicação Estratégica, Assessoria de Imprensa e Marketing de Autoridade","","","","sem width/height (risco de CLS) | sem atributo loading"
"https://mclair.com.br/servicos/","/logos/logo-negativo.png","Mclair","","32","","sem width/height (risco de CLS) | sem atributo loading"
"https://mclair.com.br/servicos/assessoria-de-imprensa/","/logos/logo-color.png","Mclair","","","","sem width/height (risco de CLS) | sem atributo loading"
"https://mclair.com.br/servicos/assessoria-de-imprensa/","/logos/logo-white-hd.png","Mclair","","","","sem width/height (risco de CLS) | sem atributo loading"
"https://mclair.com.br/servicos/assessoria-de-imprensa/","/cases-img/claudia-elisa-1.webp","","","","eager","alt vazio (ok se decorativa) | sem width/height (risco de CLS)"
"https://mclair.com.br/servicos/assessoria-de-imprensa/","/logos/logo-icone-M.png","Mclair","120","120","","sem atributo loading"
"https://mclair.com.br/servicos/assessoria-de-imprensa/","/brand/mockup-completo.jpg","Assessoria de Imprensa","","","","sem width/height (risco de CLS) | sem atributo loading"
"https://mclair.com.br/servicos/assessoria-de-imprensa/","/logos/logo-negativo.png","Mclair","","32","","sem width/height (risco de CLS) | sem atributo loading"
"https://mclair.com.br/servicos/branding-estrategico/","/logos/logo-color.png","Mclair","","","","sem width/height (risco de CLS) | sem atributo loading"
"https://mclair.com.br/servicos/branding-estrategico/","/logos/logo-white-hd.png","Mclair","","","","sem width/height (risco de CLS) | sem atributo loading"
"https://mclair.com.br/servicos/branding-estrategico/","/cases-img/claudia-elisa-1.webp","","","","eager","alt vazio (ok se decorativa) | sem width/height (risco de CLS)"
"https://mclair.com.br/servicos/branding-estrategico/","/logos/logo-icone-M.png","Mclair","120","120","","sem atributo loading"
"https://mclair.com.br/servicos/branding-estrategico/","/brand/mockup-completo.jpg","Branding Estratégico","","","","sem width/height (risco de CLS) | sem atributo loading"
"https://mclair.com.br/servicos/branding-estrategico/","/logos/logo-negativo.png","Mclair","","32","","sem width/height (risco de CLS) | sem atributo loading"
"https://mclair.com.br/servicos/consultoria-em-comunicacao/","/logos/logo-color.png","Mclair","","","","sem width/height (risco de CLS) | sem atributo loading"
"https://mclair.com.br/servicos/consultoria-em-comunicacao/","/logos/logo-white-hd.png","Mclair","","","","sem width/height (risco de CLS) | sem atributo loading"
"https://mclair.com.br/servicos/consultoria-em-comunicacao/","/cases-img/claudia-elisa-1.webp","","","","eager","alt vazio (ok se decorativa) | sem width/height (risco de CLS)"
"https://mclair.com.br/servicos/consultoria-em-comunicacao/","/logos/logo-icone-M.png","Mclair","120","120","","sem atributo loading"
"https://mclair.com.br/servicos/consultoria-em-comunicacao/","/brand/mockup-completo.jpg","Consultoria em Comunicação","","","","sem width/height (risco de CLS) | sem atributo loading"
"https://mclair.com.br/servicos/consultoria-em-comunicacao/","/logos/logo-negativo.png","Mclair","","32","","sem width/height (risco de CLS) | sem atributo loading"
"https://mclair.com.br/servicos/marketing-de-autoridade/","/logos/logo-color.png","Mclair","","","","sem width/height (risco de CLS) | sem atributo loading"
"https://mclair.com.br/servicos/marketing-de-autoridade/","/logos/logo-white-hd.png","Mclair","","","","sem width/height (risco de CLS) | sem atributo loading"
"https://mclair.com.br/servicos/marketing-de-autoridade/","/cases-img/claudia-elisa-1.webp","","","","eager","alt vazio (ok se decorativa) | sem width/height (risco de CLS)"
"https://mclair.com.br/servicos/marketing-de-autoridade/","/logos/logo-icone-M.png","Mclair","120","120","","sem atributo loading"
"https://mclair.com.br/servicos/marketing-de-autoridade/","/brand/mockup-completo.jpg","Marketing de Autoridade","","","","sem width/height (risco de CLS) | sem atributo loading"
"https://mclair.com.br/servicos/marketing-de-autoridade/","/logos/logo-negativo.png","Mclair","","32","","sem width/height (risco de CLS) | sem atributo loading"
"https://mclair.com.br/servicos/marketing-digital/","/logos/logo-color.png","Mclair","","","","sem width/height (risco de CLS) | sem atributo loading"
"https://mclair.com.br/servicos/marketing-digital/","/logos/logo-white-hd.png","Mclair","","","","sem width/height (risco de CLS) | sem atributo loading"
"https://mclair.com.br/servicos/marketing-digital/","/cases-img/claudia-elisa-1.webp","","","","eager","alt vazio (ok se decorativa) | sem width/height (risco de CLS)"
"https://mclair.com.br/servicos/marketing-digital/","/logos/logo-icone-M.png","Mclair","120","120","","sem atributo loading"
"https://mclair.com.br/servicos/marketing-digital/","/brand/mockup-completo.jpg","Marketing Digital","","","","sem width/height (risco de CLS) | sem atributo loading"
"https://mclair.com.br/servicos/marketing-digital/","/logos/logo-negativo.png","Mclair","","32","","sem width/height (risco de CLS) | sem atributo loading"
"https://mclair.com.br/servicos/mentorias-exclusivas/","/logos/logo-color.png","Mclair","","","","sem width/height (risco de CLS) | sem atributo loading"
"https://mclair.com.br/servicos/mentorias-exclusivas/","/logos/logo-white-hd.png","Mclair","","","","sem width/height (risco de CLS) | sem atributo loading"
"https://mclair.com.br/servicos/mentorias-exclusivas/","/cases-img/claudia-elisa-1.webp","","","","eager","alt vazio (ok se decorativa) | sem width/height (risco de CLS)"
"https://mclair.com.br/servicos/mentorias-exclusivas/","/logos/logo-icone-M.png","Mclair","120","120","","sem atributo loading"
"https://mclair.com.br/servicos/mentorias-exclusivas/","/brand/mockup-completo.jpg","Mentorias Exclusivas","","","","sem width/height (risco de CLS) | sem atributo loading"
"https://mclair.com.br/servicos/mentorias-exclusivas/","/logos/logo-negativo.png","Mclair","","32","","sem width/height (risco de CLS) | sem atributo loading"
"https://mclair.com.br/sobre/","/logos/logo-color.png","Mclair","","","","sem width/height (risco de CLS) | sem atributo loading"
"https://mclair.com.br/sobre/","/logos/logo-white-hd.png","Mclair","","","","sem width/height (risco de CLS) | sem atributo loading"
"https://mclair.com.br/sobre/","/cases-img/claudia-elisa-1.webp","","","","eager","alt vazio (ok se decorativa) | sem width/height (risco de CLS)"
"https://mclair.com.br/sobre/","/logos/logo-icone-M.png","Mclair","120","120","","sem atributo loading"
"https://mclair.com.br/sobre/","/paginas/sobre-estrategia-comunicacao-mclair.jpg","Sobre a Mclair: Agência de Comunicação Estratégica e Marketing de Autoridade em São Paulo","","","","sem width/height (risco de CLS) | sem atributo loading"
"https://mclair.com.br/sobre/","/logos/logo-negativo.png","Mclair","","32","","sem width/height (risco de CLS) | sem atributo loading"
