URL,Type,Status,RedirectChainLength,RedirectChain,Canonical,Title,TitleLength,MetaDescription,MetaLength,H1,H1Count,Robots,SchemaTypes,InternalLinks,ExternalLinks,Images,ImagesMissingAlt,WordCount,Issues
"https://mclair.com.br/","home","200","0","","https://mclair.com.br/","Mclair | Comunicação Estratégica e Marketing de Autoridade","58","Agência especialista em Comunicação Estratégica e Marketing de Autoridade. 200+ marcas, 11.600+ inserções na mídia. São Paulo, desde 2017.","138","AgênciadeComunicaçãoEstratégicaeMarketingdeAutoridade.","1","index, follow, max-image-preview:large, max-snippet:-1, max-video-preview:-1","AdvertisingAgency|ProfessionalService|WebSite|WebPage","87","7","23","0","984",""
"https://mclair.com.br/blog/","blog-listing","200","0","","https://mclair.com.br/blog/","Blog | Mclair","13","Artigos, insights e conteúdos sobre marketing, comunicação e branding da equipe Mclair.","87","Blog Mclair","1","index, follow, max-image-preview:large, max-snippet:-1, max-video-preview:-1","AdvertisingAgency|ProfessionalService|WebSite|Blog","118","6","41","0","1536","title curto (13)"
"https://mclair.com.br/blog/2/","blog-listing","200","0","","https://mclair.com.br/blog/2/","Blog | Página 2 | Mclair","24","Artigos, insights e conteúdos sobre marketing, comunicação e branding da equipe Mclair.","87","Blog Mclair","1","index, follow, max-image-preview:large, max-snippet:-1, max-video-preview:-1","AdvertisingAgency|ProfessionalService|WebSite|Blog","119","6","41","0","1559",""
"https://mclair.com.br/blog/3-dicas-para-equilibrar-o-controle-e-velocidade-nas-tomadas-de-decisao/","blog-post","200","0","","https://mclair.com.br/blog/3-dicas-para-equilibrar-o-controle-e-velocidade-nas-tomadas-de-decisao/","3 dicas para equilibrar o controle e velocidade nas… | Mclair","61","Quem não gosta de ter controle sobre as coisas? De maneira geral sempre desejamos algum tipo de certeza sobre o que está por vir. É por isso que consultamos a p","160","3 dicas para equilibrar o controle e velocidade nas tomadas de decisão","1","index, follow, max-image-preview:large, max-snippet:-1, max-video-preview:-1","AdvertisingAgency|ProfessionalService|WebSite|BlogPosting|BreadcrumbList","70","7","9","0","743","og:image relativo"
"https://mclair.com.br/blog/3-setores-beneficiados-pelo-audiovisual-em-2021/","blog-post","200","0","","https://mclair.com.br/blog/3-setores-beneficiados-pelo-audiovisual-em-2021/","3 setores beneficiados pelo audiovisual em 2021 | Blog Mclair","61","Enquanto vivemos a expectativa da retomada do trabalho presencial, crucial para alguns mercados, as mudanças estratégicas seguem como solução.","142","3 setores beneficiados pelo audiovisual em 2021","1","index, follow, max-image-preview:large, max-snippet:-1, max-video-preview:-1","AdvertisingAgency|ProfessionalService|WebSite|BlogPosting|BreadcrumbList","70","7","9","0","650","og:image relativo"
"https://mclair.com.br/blog/3-solucoes-para-a-transformacao-digital-da-construcao-civil/","blog-post","200","0","","https://mclair.com.br/blog/3-solucoes-para-a-transformacao-digital-da-construcao-civil/","3 soluções para a transformação digital da construçã… | Mclair","62","Do projeto até entrega do empreendimento, a tecnologia já é uma realidade nas construtoras","90","3 soluções para a transformação digital da construção civil","1","index, follow, max-image-preview:large, max-snippet:-1, max-video-preview:-1","AdvertisingAgency|ProfessionalService|WebSite|BlogPosting|BreadcrumbList","70","7","9","0","553","og:image relativo"
"https://mclair.com.br/blog/3/","blog-listing","200","0","","https://mclair.com.br/blog/3/","Blog | Página 3 | Mclair","24","Artigos, insights e conteúdos sobre marketing, comunicação e branding da equipe Mclair.","87","Blog Mclair","1","index, follow, max-image-preview:large, max-snippet:-1, max-video-preview:-1","AdvertisingAgency|ProfessionalService|WebSite|Blog","119","6","41","0","1592",""
"https://mclair.com.br/blog/4-caracteristicas-comuns-em-produtos-na-era-da/","blog-post","200","0","","https://mclair.com.br/blog/4-caracteristicas-comuns-em-produtos-na-era-da/","4 características comuns em produtos na era da | Blog Mclair","60","A transformação digital tem modificado a forma como as empresas operam e, principalmente, os produtos oferecidos ao mercado. Apoiadas no crescimento exponencial","160","4 características comuns em produtos na era da","1","index, follow, max-image-preview:large, max-snippet:-1, max-video-preview:-1","AdvertisingAgency|ProfessionalService|WebSite|BlogPosting|BreadcrumbList","70","7","9","0","592","og:image relativo"
"https://mclair.com.br/blog/4-erros-comuns-ao-implementar-produtos-digitais/","blog-post","200","0","","https://mclair.com.br/blog/4-erros-comuns-ao-implementar-produtos-digitais/","4 erros comuns ao implementar produtos digitais | Blog Mclair","61","Acompanhar a velocidade das transformações digitais e de outras mudanças são os principais desafios atuais para 89% das companhias brasileiras; especialistas de","160","4 erros comuns ao implementar produtos digitais","1","index, follow, max-image-preview:large, max-snippet:-1, max-video-preview:-1","AdvertisingAgency|ProfessionalService|WebSite|BlogPosting|BreadcrumbList","70","8","9","0","945","og:image relativo"
"https://mclair.com.br/blog/4-filmes-e-series-sobre-tecnologia-para-maratonar-nas-ferias/","blog-post","200","0","","https://mclair.com.br/blog/4-filmes-e-series-sobre-tecnologia-para-maratonar-nas-ferias/","4 filmes e séries sobre tecnologia para maratonar na… | Mclair","62","Maratonar filmes e séries tornou-se um hábito dos brasileiros.","62","4 filmes e séries sobre tecnologia para maratonar nas férias","1","index, follow, max-image-preview:large, max-snippet:-1, max-video-preview:-1","AdvertisingAgency|ProfessionalService|WebSite|BlogPosting|BreadcrumbList","70","7","9","0","701","og:image relativo"
"https://mclair.com.br/blog/4-formas-de-evitar-o-vazamento-de-dados/","blog-post","200","0","","https://mclair.com.br/blog/4-formas-de-evitar-o-vazamento-de-dados/","4 formas de evitar o vazamento de dados | Blog Mclair","53","O vazamento de dados é uma das atuais fraudes virtuais mais temidas no mundo, mas nem todas as pessoas têm conhecimentos suficientes para lidar com os riscos.","158","4 formas de evitar o vazamento de dados","1","index, follow, max-image-preview:large, max-snippet:-1, max-video-preview:-1","AdvertisingAgency|ProfessionalService|WebSite|BlogPosting|BreadcrumbList","70","7","9","0","705","og:image relativo"
"https://mclair.com.br/blog/4/","blog-listing","200","0","","https://mclair.com.br/blog/4/","Blog | Página 4 | Mclair","24","Artigos, insights e conteúdos sobre marketing, comunicação e branding da equipe Mclair.","87","Blog Mclair","1","index, follow, max-image-preview:large, max-snippet:-1, max-video-preview:-1","AdvertisingAgency|ProfessionalService|WebSite|Blog","119","6","41","0","1580",""
"https://mclair.com.br/blog/5-areas-do-varejo-que-podem-se-beneficiar-da-automacao/","blog-post","200","0","","https://mclair.com.br/blog/5-areas-do-varejo-que-podem-se-beneficiar-da-automacao/","5 áreas do varejo que podem se beneficiar da automaç… | Mclair","62","Com pandemia, lojas virtuais crescem 75%; especialista indica quais áreas do setor precisam passar por processo de digitalização","128","5 áreas do varejo que podem se beneficiar da automação","1","index, follow, max-image-preview:large, max-snippet:-1, max-video-preview:-1","AdvertisingAgency|ProfessionalService|WebSite|BlogPosting|BreadcrumbList","70","7","9","0","705","og:image relativo"
"https://mclair.com.br/blog/5-desafios-para-area-de-dados-e-ia/","blog-post","200","0","","https://mclair.com.br/blog/5-desafios-para-area-de-dados-e-ia/","5 desafios para área de Dados e IA | Blog Mclair","48","A área de dados segue o movimento de plena ascensão. Com o período de isolamento social, fintechs, grandes bancos, startups dos ramos alimentícios e de delivery","160","5 desafios para área de Dados e IA","1","index, follow, max-image-preview:large, max-snippet:-1, max-video-preview:-1","AdvertisingAgency|ProfessionalService|WebSite|BlogPosting|BreadcrumbList","70","7","9","0","823","og:image relativo"
"https://mclair.com.br/blog/5-dicas-para-criar-um-conselho-para-sua-startup/","blog-post","200","0","","https://mclair.com.br/blog/5-dicas-para-criar-um-conselho-para-sua-startup/","5 dicas para criar um conselho para sua startup | Blog Mclair","61","O impacto econômico das startups no Brasil é expressivo.","56","5 dicas para criar um conselho para sua startup","1","index, follow, max-image-preview:large, max-snippet:-1, max-video-preview:-1","AdvertisingAgency|ProfessionalService|WebSite|BlogPosting|BreadcrumbList","70","7","9","0","963","og:image relativo"
"https://mclair.com.br/blog/5-filmes-e-series-para-inspirar-os-amantes-da-comunicacao/","blog-post","200","0","","https://mclair.com.br/blog/5-filmes-e-series-para-inspirar-os-amantes-da-comunicacao/","5 filmes e séries para inspirar os amantes da comuni… | Mclair","62","A comunicação corporativa é essencial para o mercado.","53","5 filmes e séries para inspirar os amantes da comunicação","1","index, follow, max-image-preview:large, max-snippet:-1, max-video-preview:-1","AdvertisingAgency|ProfessionalService|WebSite|BlogPosting|BreadcrumbList","70","7","9","0","852","og:image relativo"
"https://mclair.com.br/blog/5-passos-para-ter-sucesso-na-venda-de-uma-pme/","blog-post","200","0","","https://mclair.com.br/blog/5-passos-para-ter-sucesso-na-venda-de-uma-pme/","5 passos para ter sucesso na venda de uma PME | Blog Mclair","59","Valuation é fator primordial na negociação de empresas, que também exige transparência na documentação e estratégia na busca de compradores","139","5 passos para ter sucesso na venda de uma PME","1","index, follow, max-image-preview:large, max-snippet:-1, max-video-preview:-1","AdvertisingAgency|ProfessionalService|WebSite|BlogPosting|BreadcrumbList","70","8","9","0","695","og:image relativo"
"https://mclair.com.br/blog/5-passos-para-tornar-as-praticas-de-esg-uma-realidade-em-sua-empresa/","blog-post","200","0","","https://mclair.com.br/blog/5-passos-para-tornar-as-praticas-de-esg-uma-realidade-em-sua-empresa/","5 passos para tornar as práticas de ESG uma realidad… | Mclair","62","Nos portais de notícias, redes sociais, webinários e nas pautas de grandes empresas preocupadas com seus valores e reputação, a sigla ESG, que significa Environ","160","5 passos para tornar as práticas de ESG uma realidade em sua empresa","1","index, follow, max-image-preview:large, max-snippet:-1, max-video-preview:-1","AdvertisingAgency|ProfessionalService|WebSite|BlogPosting|BreadcrumbList","70","7","9","0","862","og:image relativo"
"https://mclair.com.br/blog/5-perguntas-cruciais-antes-de-formar-um-conselho-administrativo-ou-con/","blog-post","200","0","","https://mclair.com.br/blog/5-perguntas-cruciais-antes-de-formar-um-conselho-administrativo-ou-con/","5 perguntas cruciais antes de formar um Conselho Adm… | Mclair","62","Obrigatório para as empresas de capital aberto, o Conselho Administrativo ou Consultivos parece ter ganhado mais foco nesse período de incertezas trazido pela p","160","5 perguntas cruciais antes de formar um Conselho Administrativo ou Consultivo","1","index, follow, max-image-preview:large, max-snippet:-1, max-video-preview:-1","AdvertisingAgency|ProfessionalService|WebSite|BlogPosting|BreadcrumbList","70","7","9","0","1115","og:image relativo"
"https://mclair.com.br/blog/5-recomendacoes-praticas-para-facilitar-o-trabalho-remoto-de-times-de-/","blog-post","200","0","","https://mclair.com.br/blog/5-recomendacoes-praticas-para-facilitar-o-trabalho-remoto-de-times-de-/","5 recomendações práticas para facilitar o trabalho r… | Mclair","62","A quarentena decretada em razão do COVID-19 (coronavírus) tornou o trabalho remoto ? antes considerado utopia ? uma realidade para diversas empresas nas últimas","160","5 recomendações práticas para facilitar o trabalho remoto de times de T.I.","1","index, follow, max-image-preview:large, max-snippet:-1, max-video-preview:-1","AdvertisingAgency|ProfessionalService|WebSite|BlogPosting|BreadcrumbList","70","7","9","0","1158","og:image relativo"
"https://mclair.com.br/blog/5-series-e-filmes-impactantes-sobre-esg-para-maratonar-no-feriado/","blog-post","200","0","","https://mclair.com.br/blog/5-series-e-filmes-impactantes-sobre-esg-para-maratonar-no-feriado/","5 séries e filmes impactantes sobre ESG para maraton… | Mclair","62","ESG é uma sigla em inglês que significa environmental, social and governance, e corresponde às práticas ambientais, sociais e de governança de uma organização.","159","5 séries e filmes impactantes sobre ESG para maratonar no feriado","1","index, follow, max-image-preview:large, max-snippet:-1, max-video-preview:-1","AdvertisingAgency|ProfessionalService|WebSite|BlogPosting|BreadcrumbList","70","13","9","0","617","og:image relativo"
"https://mclair.com.br/blog/5-tecnologias-que-se-consolidaram-na-pandemia/","blog-post","200","0","","https://mclair.com.br/blog/5-tecnologias-que-se-consolidaram-na-pandemia/","5 tecnologias  que se consolidaram na pandemia | Blog Mclair","60","Entre as ferramentas tecnológicas listadas por especialista em Transformação Digital estão o chatbot e surpresas com o PIX, que se popularizaram entre consumido","160","5 tecnologias  que se consolidaram na pandemia","1","index, follow, max-image-preview:large, max-snippet:-1, max-video-preview:-1","AdvertisingAgency|ProfessionalService|WebSite|BlogPosting|BreadcrumbList","70","7","9","0","695","og:image relativo"
"https://mclair.com.br/blog/5/","blog-listing","200","0","","https://mclair.com.br/blog/5/","Blog | Página 5 | Mclair","24","Artigos, insights e conteúdos sobre marketing, comunicação e branding da equipe Mclair.","87","Blog Mclair","1","index, follow, max-image-preview:large, max-snippet:-1, max-video-preview:-1","AdvertisingAgency|ProfessionalService|WebSite|Blog","119","6","41","0","1489",""
"https://mclair.com.br/blog/6-atitudes-essenciais-para-os-profissionais-ageis/","blog-post","200","0","","https://mclair.com.br/blog/6-atitudes-essenciais-para-os-profissionais-ageis/","6 atitudes essenciais para os profissionais ágeis | Blog Mclair","63","Enquanto diversos setores discutem a retomada da economia e as formas de voltarem a prosperar em seus negócios, é importante avaliar alguns pontos que nos troux","160","6 atitudes essenciais para os profissionais ágeis","1","index, follow, max-image-preview:large, max-snippet:-1, max-video-preview:-1","AdvertisingAgency|ProfessionalService|WebSite|BlogPosting|BreadcrumbList","70","7","9","0","782","og:image relativo"
"https://mclair.com.br/blog/6-dicas-para-lidar-com-invasoes-hackers/","blog-post","200","0","","https://mclair.com.br/blog/6-dicas-para-lidar-com-invasoes-hackers/","6 dicas para lidar com invasões hackers | Blog Mclair","53","Enquanto a tecnologia avança com ferramentas e recursos modernos, os crimes cibernéticos crescem em uma proporção sem precedentes.","130","6 dicas para lidar com invasões hackers","1","index, follow, max-image-preview:large, max-snippet:-1, max-video-preview:-1","AdvertisingAgency|ProfessionalService|WebSite|BlogPosting|BreadcrumbList","70","11","9","0","779","og:image relativo"
"https://mclair.com.br/blog/6-dicas-para-pmes-e-startups-atrairem-investimento/","blog-post","200","0","","https://mclair.com.br/blog/6-dicas-para-pmes-e-startups-atrairem-investimento/","6 dicas para PMEs e startups atraírem investimento | Blog Mclair","64","Planejamento e pitch deck estão entre os destaques de Leonardo Brasil, sócio fundador da StartupHero","100","6 dicas para PMEs e startups atraírem investimento","1","index, follow, max-image-preview:large, max-snippet:-1, max-video-preview:-1","AdvertisingAgency|ProfessionalService|WebSite|BlogPosting|BreadcrumbList","70","7","9","0","753","og:image relativo"
"https://mclair.com.br/blog/6/","blog-listing","200","0","","https://mclair.com.br/blog/6/","Blog | Página 6 | Mclair","24","Artigos, insights e conteúdos sobre marketing, comunicação e branding da equipe Mclair.","87","Blog Mclair","1","index, follow, max-image-preview:large, max-snippet:-1, max-video-preview:-1","AdvertisingAgency|ProfessionalService|WebSite|Blog","119","6","41","0","1646",""
"https://mclair.com.br/blog/7-razoes-para-implementar-a-automacao-de-processos-na-sua-empresa/","blog-post","200","0","","https://mclair.com.br/blog/7-razoes-para-implementar-a-automacao-de-processos-na-sua-empresa/","7 razões para implementar a automação de processos n… | Mclair","62","Melhora na eficiência, agilidade de processos, integração e redução de custos estão entre os benefícios conquistados por companhias que adotam um sistema de aut","160","7 razões para implementar a automação de processos na sua empresa","1","index, follow, max-image-preview:large, max-snippet:-1, max-video-preview:-1","AdvertisingAgency|ProfessionalService|WebSite|BlogPosting|BreadcrumbList","70","7","9","0","751","og:image relativo"
"https://mclair.com.br/blog/7-tendencias-de-video-content-para-2021/","blog-post","200","0","","https://mclair.com.br/blog/7-tendencias-de-video-content-para-2021/","7 tendências de video content para 2021 | Blog Mclair","53","Em 2020, os vídeos tornaram-se uma escapatória do isolamento social, seja para fins de entretenimento, educação ou trabalho. Essa mudança brusca de comportament","160","7 tendências de video content para 2021","1","index, follow, max-image-preview:large, max-snippet:-1, max-video-preview:-1","AdvertisingAgency|ProfessionalService|WebSite|BlogPosting|BreadcrumbList","70","11","9","0","817","og:image relativo"
"https://mclair.com.br/blog/7/","blog-listing","200","0","","https://mclair.com.br/blog/7/","Blog | Página 7 | Mclair","24","Artigos, insights e conteúdos sobre marketing, comunicação e branding da equipe Mclair.","87","Blog Mclair","1","index, follow, max-image-preview:large, max-snippet:-1, max-video-preview:-1","AdvertisingAgency|ProfessionalService|WebSite|Blog","119","6","41","0","1586",""
"https://mclair.com.br/blog/8-em-cada-10-brasileiros-ja-utilizaram-inteligencia-artificial-ao-meno/","blog-post","200","0","","https://mclair.com.br/blog/8-em-cada-10-brasileiros-ja-utilizaram-inteligencia-artificial-ao-meno/","8 em cada 10 brasileiros já utilizaram Inteligência… | Mclair","61","Pelo terceiro ano consecutivo, a Lambda3  empresa referência em tecnologia e negócios digitais  realizou um estudo sobre a percepção do brasileiro em relação","159","8 em cada 10 brasileiros já utilizaram Inteligência Artificial ao menos uma vez","1","index, follow, max-image-preview:large, max-snippet:-1, max-video-preview:-1","AdvertisingAgency|ProfessionalService|WebSite|BlogPosting|BreadcrumbList","70","7","9","0","623","og:image relativo"
"https://mclair.com.br/blog/8/","blog-listing","200","0","","https://mclair.com.br/blog/8/","Blog | Página 8 | Mclair","24","Artigos, insights e conteúdos sobre marketing, comunicação e branding da equipe Mclair.","87","Blog Mclair","1","index, follow, max-image-preview:large, max-snippet:-1, max-video-preview:-1","AdvertisingAgency|ProfessionalService|WebSite|Blog","119","6","41","0","1605",""
"https://mclair.com.br/blog/9/","blog-listing","200","0","","https://mclair.com.br/blog/9/","Blog | Página 9 | Mclair","24","Artigos, insights e conteúdos sobre marketing, comunicação e branding da equipe Mclair.","87","Blog Mclair","1","index, follow, max-image-preview:large, max-snippet:-1, max-video-preview:-1","AdvertisingAgency|ProfessionalService|WebSite|Blog","119","6","41","0","1598",""
"https://mclair.com.br/blog/10/","blog-listing","200","0","","https://mclair.com.br/blog/10/","Blog | Página 10 | Mclair","25","Artigos, insights e conteúdos sobre marketing, comunicação e branding da equipe Mclair.","87","Blog Mclair","1","index, follow, max-image-preview:large, max-snippet:-1, max-video-preview:-1","AdvertisingAgency|ProfessionalService|WebSite|Blog","119","6","41","0","1463",""
"https://mclair.com.br/blog/11/","blog-listing","200","0","","https://mclair.com.br/blog/11/","Blog | Página 11 | Mclair","25","Artigos, insights e conteúdos sobre marketing, comunicação e branding da equipe Mclair.","87","Blog Mclair","1","index, follow, max-image-preview:large, max-snippet:-1, max-video-preview:-1","AdvertisingAgency|ProfessionalService|WebSite|Blog","119","6","41","0","1414",""
"https://mclair.com.br/blog/12/","blog-listing","200","0","","https://mclair.com.br/blog/12/","Blog | Página 12 | Mclair","25","Artigos, insights e conteúdos sobre marketing, comunicação e branding da equipe Mclair.","87","Blog Mclair","1","index, follow, max-image-preview:large, max-snippet:-1, max-video-preview:-1","AdvertisingAgency|ProfessionalService|WebSite|Blog","119","6","41","0","1508",""
"https://mclair.com.br/blog/13/","blog-listing","200","0","","https://mclair.com.br/blog/13/","Blog | Página 13 | Mclair","25","Artigos, insights e conteúdos sobre marketing, comunicação e branding da equipe Mclair.","87","Blog Mclair","1","index, follow, max-image-preview:large, max-snippet:-1, max-video-preview:-1","AdvertisingAgency|ProfessionalService|WebSite|Blog","119","6","41","0","1627",""
"https://mclair.com.br/blog/14-09-lambda3-completa-12-anos-e-lanca-podcast-com-olhar-sobre-negocio/","blog-post","200","0","","https://mclair.com.br/blog/14-09-lambda3-completa-12-anos-e-lanca-podcast-com-olhar-sobre-negocio/","14/09 - Lambda3 completa 12 anos e lança podcast com… | Mclair","62","Farol Lambda3 é uma série de conversas especiais voltadas para tomadores de decisões","84","14/09 - Lambda3 completa 12 anos e lança podcast com olhar sobre negócios no contexto nacional","1","index, follow, max-image-preview:large, max-snippet:-1, max-video-preview:-1","AdvertisingAgency|ProfessionalService|WebSite|BlogPosting|BreadcrumbList","70","13","9","0","498","og:image relativo"
"https://mclair.com.br/blog/14/","blog-listing","200","0","","https://mclair.com.br/blog/14/","Blog | Página 14 | Mclair","25","Artigos, insights e conteúdos sobre marketing, comunicação e branding da equipe Mclair.","87","Blog Mclair","1","index, follow, max-image-preview:large, max-snippet:-1, max-video-preview:-1","AdvertisingAgency|ProfessionalService|WebSite|Blog","119","6","41","0","1574",""
"https://mclair.com.br/blog/15/","blog-listing","200","0","","https://mclair.com.br/blog/15/","Blog | Página 15 | Mclair","25","Artigos, insights e conteúdos sobre marketing, comunicação e branding da equipe Mclair.","87","Blog Mclair","1","index, follow, max-image-preview:large, max-snippet:-1, max-video-preview:-1","AdvertisingAgency|ProfessionalService|WebSite|Blog","108","6","31","0","1175",""
"https://mclair.com.br/blog/54-das-empresas-que-passam-por-transformacao-digital-pretendem-aderir-/","blog-post","200","0","","https://mclair.com.br/blog/54-das-empresas-que-passam-por-transformacao-digital-pretendem-aderir-/","54% das empresas que passam por transformação digita… | Mclair","62","A Emergee, empresa referência em Business Agility recém adquirida pelo Itaú Unibanco, elaborou uma pesquisa para entender a experiência das empresas","148","54% das empresas que passam por transformação digital pretendem aderir ao Outsourcing no futuro","1","index, follow, max-image-preview:large, max-snippet:-1, max-video-preview:-1","AdvertisingAgency|ProfessionalService|WebSite|BlogPosting|BreadcrumbList","70","7","9","0","398","og:image relativo"
"https://mclair.com.br/blog/a-armadilha-do-deja-vu-na-gestao-de-um-negocio/","blog-post","200","0","","https://mclair.com.br/blog/a-armadilha-do-deja-vu-na-gestao-de-um-negocio/","A armadilha do déjà vu na gestão de um negócio | Blog Mclair","60","Sabemos que experiência é importante para a administração de uma empresa. A ""bagagem"" (vivências e conhecimento tácito) que acumulamos ao longo da carreira","155","A armadilha do déjà vu na gestão de um negócio","1","index, follow, max-image-preview:large, max-snippet:-1, max-video-preview:-1","AdvertisingAgency|ProfessionalService|WebSite|BlogPosting|BreadcrumbList","70","7","9","0","586","og:image relativo"
"https://mclair.com.br/blog/a-arte-de-transformar-metas-em-realidade/","blog-post","200","0","","https://mclair.com.br/blog/a-arte-de-transformar-metas-em-realidade/","A arte de transformar metas em realidade | Blog Mclair","54","Estamos próximos ao fim do ano, época em que as pessoas começam a listar as tradicionais promessas de réveillon. Aqui, cabe uma pergunta que, para alguns, pode","159","A arte de transformar metas em realidade","1","index, follow, max-image-preview:large, max-snippet:-1, max-video-preview:-1","AdvertisingAgency|ProfessionalService|WebSite|BlogPosting|BreadcrumbList","70","7","10","0","650","og:image relativo"
"https://mclair.com.br/blog/a-complexa-relacao-entre-a-tecnologia-e-as-viagens-pos-pandemia/","blog-post","200","0","","https://mclair.com.br/blog/a-complexa-relacao-entre-a-tecnologia-e-as-viagens-pos-pandemia/","A complexa relação entre a tecnologia e as viagens p… | Mclair","62","O mercado do turismo era considerado um dos mais promissores para a economia nos primeiros meses deste ano, entretanto, o grande baque sentido desde o início da","160","A complexa relação entre a tecnologia e as viagens pós-pandemia","1","index, follow, max-image-preview:large, max-snippet:-1, max-video-preview:-1","AdvertisingAgency|ProfessionalService|WebSite|BlogPosting|BreadcrumbList","70","7","9","0","618","og:image relativo"
"https://mclair.com.br/blog/a-complexidade-e-a-co-dependencia-entre-humanos-e-tecnologias/","blog-post","200","0","","https://mclair.com.br/blog/a-complexidade-e-a-co-dependencia-entre-humanos-e-tecnologias/","A complexidade e a co-dependência entre humanos e te… | Mclair","62","Os avanços tecnológicos têm mudado a rotina e a forma como as pessoas lidam com suas tarefas, o que impacta também organizações de diversos setores.","148","A complexidade e a co-dependência entre humanos e tecnologias","1","index, follow, max-image-preview:large, max-snippet:-1, max-video-preview:-1","AdvertisingAgency|ProfessionalService|WebSite|BlogPosting|BreadcrumbList","70","8","9","0","670","og:image relativo"
"https://mclair.com.br/blog/a-era-da-automacao-e-os-impactos-para-os-negocios-e-consumidores/","blog-post","200","0","","https://mclair.com.br/blog/a-era-da-automacao-e-os-impactos-para-os-negocios-e-consumidores/","A era da automação e os impactos para os negócios e… | Mclair","61","O último ano tem sido de mudanças de hábitos dos consumidores e suas demandas. De uma hora para outra, passamos a fazer tudo em casa e online: estudo, trabalho,","160","A era da automação e os impactos para os negócios e consumidores","1","index, follow, max-image-preview:large, max-snippet:-1, max-video-preview:-1","AdvertisingAgency|ProfessionalService|WebSite|BlogPosting|BreadcrumbList","70","7","9","0","651","og:image relativo"
"https://mclair.com.br/blog/a-experiencia-o-marketing-digital-e-os-festivais-de-musica/","blog-post","200","0","","https://mclair.com.br/blog/a-experiencia-o-marketing-digital-e-os-festivais-de-musica/","A experiência, o Marketing Digital e os festivais de… | Mclair","62","O Marketing Digital bem feito pode garantir visibilidade e atrair público para qualquer evento, principalmente em festivais de música.","134","A experiência, o Marketing Digital e os festivais de música","1","index, follow, max-image-preview:large, max-snippet:-1, max-video-preview:-1","AdvertisingAgency|ProfessionalService|WebSite|BlogPosting|BreadcrumbList","70","7","9","0","707","og:image relativo"
"https://mclair.com.br/blog/a-importancia-dos-3-c-s-para-a-implementacao-do-esg-nas-organizacoes/","blog-post","200","0","","https://mclair.com.br/blog/a-importancia-dos-3-c-s-para-a-implementacao-do-esg-nas-organizacoes/","A importância dos 3 C""s para a implementação do ESG… | Mclair","61","O ESG segue como uma das prioridades estratégicas para as organizações.","71","A importância dos 3 C""s para a implementação do ESG nas organizações","1","index, follow, max-image-preview:large, max-snippet:-1, max-video-preview:-1","AdvertisingAgency|ProfessionalService|WebSite|BlogPosting|BreadcrumbList","70","7","9","0","699","og:image relativo"
"https://mclair.com.br/blog/a-maternidade-e-os-desafios-para-a-carreira-da-mulher/","blog-post","200","0","","https://mclair.com.br/blog/a-maternidade-e-os-desafios-para-a-carreira-da-mulher/","A maternidade e os desafios para a carreira da mulhe… | Mclair","62","Ao longo da carreira, as mulheres passam por inúmeros desafios em busca do seu lugar ao sol no mercado de trabalho. Eles são ainda maiores quando o desejo da ma","160","A maternidade e os desafios para a carreira da mulher","1","index, follow, max-image-preview:large, max-snippet:-1, max-video-preview:-1","AdvertisingAgency|ProfessionalService|WebSite|BlogPosting|BreadcrumbList","70","8","9","0","636","og:image relativo"
"https://mclair.com.br/blog/a-quem-interessa-a-desigualdade-social/","blog-post","200","0","","https://mclair.com.br/blog/a-quem-interessa-a-desigualdade-social/","A quem interessa a desigualdade social? | Blog Mclair","53","Se alguém não tinha ideia do tamanho da desigualdade que assola o Brasil, a pandemia deixou tudo muito às claras. De março de 2020 para cá, estatísticas que pov","160","A quem interessa a desigualdade social?","1","index, follow, max-image-preview:large, max-snippet:-1, max-video-preview:-1","AdvertisingAgency|ProfessionalService|WebSite|BlogPosting|BreadcrumbList","70","7","9","0","916","og:image relativo"
"https://mclair.com.br/blog/a-relevancia-dos-dados-e-algoritmos-para-as-pessoas-e-negocios/","blog-post","200","0","","https://mclair.com.br/blog/a-relevancia-dos-dados-e-algoritmos-para-as-pessoas-e-negocios/","A relevância dos dados e algoritmos para as pessoas… | Mclair","61","Com boa parte das pessoas em casa há um ano, os hábitos de consumo têm passado por transformações, quase sempre associadas à tecnologia.","136","A relevância dos dados e algoritmos para as pessoas e negócios","1","index, follow, max-image-preview:large, max-snippet:-1, max-video-preview:-1","AdvertisingAgency|ProfessionalService|WebSite|BlogPosting|BreadcrumbList","70","7","9","0","706","og:image relativo"
"https://mclair.com.br/blog/a-tal-primeira-vez/","blog-post","200","0","","https://mclair.com.br/blog/a-tal-primeira-vez/","A tal primeira vez | Blog Mclair","32","Impossível não me emocionar assistindo à final de Roland Garros no último domingo (13/jun) entre Stefanos Tsitsipas e Novak Djokovic.","133","A tal primeira vez","1","index, follow, max-image-preview:large, max-snippet:-1, max-video-preview:-1","AdvertisingAgency|ProfessionalService|WebSite|BlogPosting|BreadcrumbList","70","7","9","0","575","og:image relativo"
"https://mclair.com.br/blog/a-transformacao-digital-comeca-na-cultura-empresarial/","blog-post","200","0","","https://mclair.com.br/blog/a-transformacao-digital-comeca-na-cultura-empresarial/","A transformação digital começa na cultura empresaria… | Mclair","62","O isolamento social e a obrigatoriedade do home office colocou a digitalização no centro das agendas corporativas, tanto para permitir que os colaboradores cont","160","A transformação digital começa na cultura empresarial","1","index, follow, max-image-preview:large, max-snippet:-1, max-video-preview:-1","AdvertisingAgency|ProfessionalService|WebSite|BlogPosting|BreadcrumbList","70","7","9","0","637","og:image relativo"
"https://mclair.com.br/blog/a-vida-bruta-dos-animais-do-ceu-participa-do-cine-qua-non/","blog-post","200","0","","https://mclair.com.br/blog/a-vida-bruta-dos-animais-do-ceu-participa-do-cine-qua-non/","""A Vida Bruta dos Animais do Céu"" participa do Cine… | Mclair","61","Laboratório de desenvolvimento traz novos caminhos para roteiro de Guilherme Zanella, com direção de Beatriz Seigner (Los Silencios) e produção da Abrolhos Film","160","""A Vida Bruta dos Animais do Céu"" participa do Cine Qua Non","1","index, follow, max-image-preview:large, max-snippet:-1, max-video-preview:-1","AdvertisingAgency|ProfessionalService|WebSite|BlogPosting|BreadcrumbList","70","7","9","0","591","og:image relativo"
"https://mclair.com.br/blog/abrolhos-filmes-cruza-mesa-e-consolida-se-como-player-no-mercado-audio/","blog-post","200","0","","https://mclair.com.br/blog/abrolhos-filmes-cruza-mesa-e-consolida-se-como-player-no-mercado-audio/","Abrolhos Filmes cruza mesa e consolida-se como playe… | Mclair","62","Ao selecionar projetos no IV Rota Festival, Primeiro Tratamento e NPA Curitiba, produtora paulistana ocupa assento de quem escolhe","130","Abrolhos Filmes cruza mesa e consolida-se como player no mercado audiovisual","1","index, follow, max-image-preview:large, max-snippet:-1, max-video-preview:-1","AdvertisingAgency|ProfessionalService|WebSite|BlogPosting|BreadcrumbList","70","8","9","0","381","og:image relativo"
"https://mclair.com.br/blog/abrolhos-filmes-indica-15-producoes-de-2020/","blog-post","200","0","","https://mclair.com.br/blog/abrolhos-filmes-indica-15-producoes-de-2020/","Abrolhos Filmes indica 15 produções de 2020 | Blog Mclair","57","O que não faltou em 2020 foi tempo para consumir todo tipo de conteúdo audiovisual de entretenimento. Para a equipe da Abrolhos Filmes, que está sempre de olho","159","Abrolhos Filmes indica 15 produções de 2020","1","index, follow, max-image-preview:large, max-snippet:-1, max-video-preview:-1","AdvertisingAgency|ProfessionalService|WebSite|BlogPosting|BreadcrumbList","70","12","9","0","979","og:image relativo"
"https://mclair.com.br/blog/abrolhos-filmes-lanca-video-manifesto-para-reforcar-posicionamento/","blog-post","200","0","","https://mclair.com.br/blog/abrolhos-filmes-lanca-video-manifesto-para-reforcar-posicionamento/","Abrolhos Filmes lança vídeo manifesto para reforçar… | Mclair","61","Filme institucional apresenta pilares da produtora, que une arte, narrativas e inovação tecnológica","99","Abrolhos Filmes lança vídeo manifesto para reforçar posicionamento","1","index, follow, max-image-preview:large, max-snippet:-1, max-video-preview:-1","AdvertisingAgency|ProfessionalService|WebSite|BlogPosting|BreadcrumbList","70","8","9","0","379","og:image relativo"
"https://mclair.com.br/blog/abrolhos-participa-de-mercado-italiano-com-a-vida-bruta-dos-animais-do/","blog-post","200","0","","https://mclair.com.br/blog/abrolhos-participa-de-mercado-italiano-com-a-vida-bruta-dos-animais-do/","Abrolhos participa de mercado italiano com ""A Vida B… | Mclair","62","Entre os dias 14 e 18 de outubro, a Abrolhos Filmes levará ao mercado italiano MIA o roteiro de A Vida Bruta dos Animais do Céu. O longa-metragem de ficção te","160","Abrolhos participa de mercado italiano com ""A Vida Bruta dos Animais do Céu""","1","index, follow, max-image-preview:large, max-snippet:-1, max-video-preview:-1","AdvertisingAgency|ProfessionalService|WebSite|BlogPosting|BreadcrumbList","70","7","9","0","820","og:image relativo"
"https://mclair.com.br/blog/agrishow-2022-projeto-imagem-promove-a-industria-brasileira-de-maquina/","blog-post","200","0","","https://mclair.com.br/blog/agrishow-2022-projeto-imagem-promove-a-industria-brasileira-de-maquina/","Agrishow 2022: Projeto Imagem promove a indústria br… | Mclair","62","Agrishow 2022: Projeto Imagem promove a indústria brasileira de máquinas e equipamentos ao mercado internacional","112","Agrishow 2022: Projeto Imagem promove a indústria brasileira de máquinas e equipamentos ao mercado internacional","1","index, follow, max-image-preview:large, max-snippet:-1, max-video-preview:-1","AdvertisingAgency|ProfessionalService|WebSite|BlogPosting|BreadcrumbList","70","10","9","0","1180","og:image relativo"
"https://mclair.com.br/blog/agro-industrias-brasileiras-de-maquinas-e-equipamentos-buscam-expansao/","blog-post","200","0","","https://mclair.com.br/blog/agro-industrias-brasileiras-de-maquinas-e-equipamentos-buscam-expansao/","AGRO: Indústrias brasileiras de máquinas e equipamen… | Mclair","62","Com o apoio do programa Brazil Machinery Solutions (BMS), 13 empresas nacionais  representarão o Brasil na Nampo Show 2023, evento que acontece na África do Sul","160","AGRO: Indústrias brasileiras de máquinas e equipamentos buscam expansão no mercado africano","1","index, follow, max-image-preview:large, max-snippet:-1, max-video-preview:-1","AdvertisingAgency|ProfessionalService|WebSite|BlogPosting|BreadcrumbList","70","9","9","0","536","og:image relativo"
"https://mclair.com.br/blog/apps-de-reconhecimento-facial-alertam-para-riscos-de-controle-governam/","blog-post","200","0","","https://mclair.com.br/blog/apps-de-reconhecimento-facial-alertam-para-riscos-de-controle-governam/","Apps de reconhecimento facial alertam para riscos de… | Mclair","62","As alternativas de diversões encontradas na internet, como os desafios e filtros desenvolvidos por aplicativos, aumentam a cada ano. Um dos casos mais recentes","159","Apps de reconhecimento facial alertam para riscos de controle governamental","1","index, follow, max-image-preview:large, max-snippet:-1, max-video-preview:-1","AdvertisingAgency|ProfessionalService|WebSite|BlogPosting|BreadcrumbList","70","7","9","0","1006","og:image relativo"
"https://mclair.com.br/blog/aquarantenados-lanca-single-tudo-vai-dar-certo/","blog-post","200","0","","https://mclair.com.br/blog/aquarantenados-lanca-single-tudo-vai-dar-certo/","AQUARANTENADOS lança single ""Tudo vai dar certo"" | Blog Mclair","62","Gerar reflexão e trazer esperança em meio a tempos difíceis. Foi com este propósito que surgiu o projeto musical AQUARANTENADOS. Em meio ao momento de pandemia","159","AQUARANTENADOS lança single ""Tudo vai dar certo""","1","index, follow, max-image-preview:large, max-snippet:-1, max-video-preview:-1","AdvertisingAgency|ProfessionalService|WebSite|BlogPosting|BreadcrumbList","70","10","10","0","790","og:image relativo"
"https://mclair.com.br/blog/arena-22-e-o-novo-fantasy-game-oficial-da-copa-do-nordeste/","blog-post","200","0","","https://mclair.com.br/blog/arena-22-e-o-novo-fantasy-game-oficial-da-copa-do-nordeste/","Arena 22 é o novo fantasy game oficial da Copa do No… | Mclair","62","Plataforma prevê concorrência com grandes players do mercado e propõe quatro modalidades diferentes de torneios, com a possibilidade de prêmios em dinheiro","155","Arena 22 é o novo fantasy game oficial da Copa do Nordeste","1","index, follow, max-image-preview:large, max-snippet:-1, max-video-preview:-1","AdvertisingAgency|ProfessionalService|WebSite|BlogPosting|BreadcrumbList","70","10","9","0","640","og:image relativo"
"https://mclair.com.br/blog/artista-catarinense-vence-a-3a-edicao-da-galeria-consigaz/","blog-post","200","0","","https://mclair.com.br/blog/artista-catarinense-vence-a-3a-edicao-da-galeria-consigaz/","Artista catarinense vence a 3ª edição da Galeria Con… | Mclair","62","Bruno Alvarez desbanca mais de 3 mil artistas inscritos e leva prêmio de R$10 mil","81","Artista catarinense vence a 3ª edição da Galeria Consigaz","1","index, follow, max-image-preview:large, max-snippet:-1, max-video-preview:-1","AdvertisingAgency|ProfessionalService|WebSite|BlogPosting|BreadcrumbList","70","8","9","0","687","og:image relativo"
"https://mclair.com.br/blog/as-5-vantagens-em-ter-um-conselho-diverso/","blog-post","200","0","","https://mclair.com.br/blog/as-5-vantagens-em-ter-um-conselho-diverso/","As 5 vantagens em ter um Conselho diverso | Blog Mclair","55","B3 e Nasdaq instituíram regras para aumento da diversidade nas empresas listadas na Bolsa de Valores; pauta não é mais opcional","127","As 5 vantagens em ter um Conselho diverso","1","index, follow, max-image-preview:large, max-snippet:-1, max-video-preview:-1","AdvertisingAgency|ProfessionalService|WebSite|BlogPosting|BreadcrumbList","70","7","9","0","666","og:image relativo"
"https://mclair.com.br/blog/as-ameacas-e-os-beneficios-do-reconhecimento-facial/","blog-post","200","0","","https://mclair.com.br/blog/as-ameacas-e-os-beneficios-do-reconhecimento-facial/","As ameaças e os benefícios do reconhecimento facial | Blog Mclair","65","O reconhecimento facial está em todos os lugares, inclusive nos mais inimagináveis. O recurso já é realidade para a maioria da sociedade, seja para diversão via","160","As ameaças e os benefícios do reconhecimento facial","1","index, follow, max-image-preview:large, max-snippet:-1, max-video-preview:-1","AdvertisingAgency|ProfessionalService|WebSite|BlogPosting|BreadcrumbList","70","7","9","0","914","og:image relativo"
"https://mclair.com.br/blog/as-licoes-sobre-adaptabilidade-e-gestao-de-pessoas-na-era-do-home-offi/","blog-post","200","0","","https://mclair.com.br/blog/as-licoes-sobre-adaptabilidade-e-gestao-de-pessoas-na-era-do-home-offi/","As lições sobre adaptabilidade e gestão de pessoas n… | Mclair","62","Até 2020, o home office era uma tendência que crescia gradualmente no mercado. Porém, tudo mudou de forma acelerada com a pandemia, quando subitamente trabalhar","160","As lições sobre adaptabilidade e gestão de pessoas na era do home office","1","index, follow, max-image-preview:large, max-snippet:-1, max-video-preview:-1","AdvertisingAgency|ProfessionalService|WebSite|BlogPosting|BreadcrumbList","70","8","9","0","659","og:image relativo"
"https://mclair.com.br/blog/audiovisual-os-desafios-e-o-impacto-das-redes-sociais-para-a-publicida/","blog-post","200","0","","https://mclair.com.br/blog/audiovisual-os-desafios-e-o-impacto-das-redes-sociais-para-a-publicida/","Audiovisual: os desafios e o impacto das redes socia… | Mclair","62","Especialista indica as tendências do setor por meio de plataformas que viraram febre entre usuários e influenciadores digitais","126","Audiovisual: os desafios e o impacto das redes sociais para a publicidade","1","index, follow, max-image-preview:large, max-snippet:-1, max-video-preview:-1","AdvertisingAgency|ProfessionalService|WebSite|BlogPosting|BreadcrumbList","70","7","9","0","936","og:image relativo"
"https://mclair.com.br/blog/avanco-da-lgpd-e-essencial-para-sucesso-do-5g-no-brasil/","blog-post","200","0","","https://mclair.com.br/blog/avanco-da-lgpd-e-essencial-para-sucesso-do-5g-no-brasil/","Avanço da LGPD é essencial para sucesso do 5G no Bra… | Mclair","62","A chegada do 5G segue aguardada pelos brasileiros, principalmente por conta das facilidades e recursos que a tecnologia agregará ao mercado nacional e às pessoa","160","Avanço da LGPD é essencial para sucesso do 5G no Brasil","1","index, follow, max-image-preview:large, max-snippet:-1, max-video-preview:-1","AdvertisingAgency|ProfessionalService|WebSite|BlogPosting|BreadcrumbList","70","7","9","0","713","og:image relativo"
"https://mclair.com.br/blog/bbb-a-guerra-de-adms-e-o-sucesso-nas-redes-sociais/","blog-post","200","0","","https://mclair.com.br/blog/bbb-a-guerra-de-adms-e-o-sucesso-nas-redes-sociais/","BBB: a guerra de ADMs e o sucesso nas redes sociais | Blog Mclair","65","O BBB 23 acabou! E, além da vitória da sister Amanda Meirelles, que embolsou o prêmio de R$2,88 milhões, a exposição no reality show trouxe outros números que p","160","BBB: a guerra de ADMs e o sucesso nas redes sociais","1","index, follow, max-image-preview:large, max-snippet:-1, max-video-preview:-1","AdvertisingAgency|ProfessionalService|WebSite|BlogPosting|BreadcrumbList","70","7","9","0","986","og:image relativo"
"https://mclair.com.br/blog/bh-recebe-delegacao-internacional-interessada-na-tecnologia-brasileira/","blog-post","200","0","","https://mclair.com.br/blog/bh-recebe-delegacao-internacional-interessada-na-tecnologia-brasileira/","BH recebe delegação internacional interessada na tec… | Mclair","62","Iniciativa inédita no setor, a rodada internacional de negócios promovida pelo programa Brazil Machinery Solutions reunirá empresas nacionais com compradores ar","160","BH recebe delegação internacional interessada na tecnologia brasileira para a indústria de mineração","1","index, follow, max-image-preview:large, max-snippet:-1, max-video-preview:-1","AdvertisingAgency|ProfessionalService|WebSite|BlogPosting|BreadcrumbList","70","7","9","0","644","og:image relativo"
"https://mclair.com.br/blog/black-friday-reforca-a-importancia-do-video-marketing/","blog-post","200","0","","https://mclair.com.br/blog/black-friday-reforca-a-importancia-do-video-marketing/","Black Friday reforça a importância do Vídeo Marketin… | Mclair","62","A chegada da Black Friday tem gerado expectativas em diversos setores da economia. Afinal, estima-se que 71% dos brasileiros façam compras nesta época, segundo","159","Black Friday reforça a importância do Vídeo Marketing","1","index, follow, max-image-preview:large, max-snippet:-1, max-video-preview:-1","AdvertisingAgency|ProfessionalService|WebSite|BlogPosting|BreadcrumbList","70","7","9","0","549","og:image relativo"
"https://mclair.com.br/blog/boa-gestao-de-pessoas-ajuda-a-reduzir-o-deficit-de-profissionais-de-ti/","blog-post","200","0","","https://mclair.com.br/blog/boa-gestao-de-pessoas-ajuda-a-reduzir-o-deficit-de-profissionais-de-ti/","Boa gestão de pessoas ajuda a reduzir o déficit de p… | Mclair","62","O desequilíbrio entre oferta e demanda de profissionais de tecnologia tem movimentado o mercado. Isso vem sendo potencializado, principalmente, pela aceleração","159","Boa gestão de pessoas ajuda a reduzir o déficit de profissionais de TI","1","index, follow, max-image-preview:large, max-snippet:-1, max-video-preview:-1","AdvertisingAgency|ProfessionalService|WebSite|BlogPosting|BreadcrumbList","70","7","9","0","778","og:image relativo"
"https://mclair.com.br/blog/brasil-apresenta-nos-eua-tendencias-em-tecnologia-para-producao-e-proc/","blog-post","200","0","","https://mclair.com.br/blog/brasil-apresenta-nos-eua-tendencias-em-tecnologia-para-producao-e-proc/","Brasil apresenta nos EUA tendências em tecnologia pa… | Mclair","62","Indústria brasileira participa da IPPE, maior exposição mundial do setor; Evento acontece em Atlanta, entre 24 e 26 de janeiro","126","Brasil apresenta nos EUA tendências em tecnologia para produção e processamento de proteína animal","1","index, follow, max-image-preview:large, max-snippet:-1, max-video-preview:-1","AdvertisingAgency|ProfessionalService|WebSite|BlogPosting|BreadcrumbList","70","7","9","0","771","og:image relativo"
"https://mclair.com.br/blog/brasil-apresenta-solucoes-para-a-industria-latinoamericana-de-mineraca/","blog-post","200","0","","https://mclair.com.br/blog/brasil-apresenta-solucoes-para-a-industria-latinoamericana-de-mineraca/","Brasil apresenta soluções para a indústria latinoame… | Mclair","62","Com o apoio do Programa Brazil Machinery Solutions, 12 empresas brasileiras participarão da Expomin, que acontece entre os dias 24 e 27 de abril, em Santiago, n","160","Brasil apresenta soluções para a indústria latinoamericana de mineração","1","index, follow, max-image-preview:large, max-snippet:-1, max-video-preview:-1","AdvertisingAgency|ProfessionalService|WebSite|BlogPosting|BreadcrumbList","70","7","9","0","600","og:image relativo"
"https://mclair.com.br/blog/brasil-atinge-marco-positivo-em-negocios-durante-feira-internacional-d/","blog-post","200","0","","https://mclair.com.br/blog/brasil-atinge-marco-positivo-em-negocios-durante-feira-internacional-d/","Brasil atinge marco positivo em negócios durante Fei… | Mclair","62","Empresas brasileiras somam US$670 mil em negociações por meio do Programa Brazil Machinery Solutions (BMS); estimativa para o próximo ano é de US$2,94 milhões","158","Brasil atinge marco positivo em negócios durante Feira Internacional de Bogotá (FIB)","1","index, follow, max-image-preview:large, max-snippet:-1, max-video-preview:-1","AdvertisingAgency|ProfessionalService|WebSite|BlogPosting|BreadcrumbList","70","10","9","0","888","og:image relativo"
"https://mclair.com.br/blog/brasil-aumenta-volume-de-negocios-de-maquinas-e-equipamentos-em-48-5-a/","blog-post","200","0","","https://mclair.com.br/blog/brasil-aumenta-volume-de-negocios-de-maquinas-e-equipamentos-em-48-5-a/","Brasil aumenta volume de negócios de máquinas e equi… | Mclair","62","Resultado é fruto de negócios realizados durante a Colombiatex, ocorrida em Medellín, na Colômbia; ao todo, nove empresas brasileiras apresentaram máquinas e eq","160","Brasil aumenta volume de negócios de máquinas e equipamentos em 48,5% após participação em evento colombiano","1","index, follow, max-image-preview:large, max-snippet:-1, max-video-preview:-1","AdvertisingAgency|ProfessionalService|WebSite|BlogPosting|BreadcrumbList","70","7","9","0","760","og:image relativo"
"https://mclair.com.br/blog/brasil-estima-faturamento-superior-a-us-100-mi-para-as-exportacoes-do-/","blog-post","200","0","","https://mclair.com.br/blog/brasil-estima-faturamento-superior-a-us-100-mi-para-as-exportacoes-do-/","Brasil estima faturamento superior a US$100 MI para… | Mclair","61","Setores como o agro, metal-mecânico, têxtil, alimentício, plásticos e de mineração receberam as últimas novidades e tendências em tecnologia e inovação desenvol","160","Brasil estima faturamento superior a US$100 MI para as exportações do setor de máquinas e equipamentos industriais","1","index, follow, max-image-preview:large, max-snippet:-1, max-video-preview:-1","AdvertisingAgency|ProfessionalService|WebSite|BlogPosting|BreadcrumbList","70","10","9","0","889","og:image relativo"
"https://mclair.com.br/blog/brasil-gera-us-4-5-milhoes-durante-a-eima-2022/","blog-post","200","0","","https://mclair.com.br/blog/brasil-gera-us-4-5-milhoes-durante-a-eima-2022/","Brasil gera US$4,5 milhões durante a EIMA 2022 | Blog Mclair","60","Programa BMS promoveu a participação de sete empresas brasileiras na feira italiana","83","Brasil gera US$4,5 milhões durante a EIMA 2022","1","index, follow, max-image-preview:large, max-snippet:-1, max-video-preview:-1","AdvertisingAgency|ProfessionalService|WebSite|BlogPosting|BreadcrumbList","70","10","9","0","854","og:image relativo"
"https://mclair.com.br/blog/brasil-movimenta-us-5-6-bilhoes-em-exportacao-de-maquinas-e-equipament/","blog-post","200","0","","https://mclair.com.br/blog/brasil-movimenta-us-5-6-bilhoes-em-exportacao-de-maquinas-e-equipament/","Brasil movimenta US$5,6 bilhões em exportação de máq… | Mclair","62","Um crescimento de 29% em relação ao mesmo período de 2021; somente em negociações para os Estados Unidos, o fluxo comercial nos seis primeiros meses do ano foi","159","Brasil movimenta US$5,6 bilhões em exportação de máquinas e equipamentos no primeiro semestre de 2022","1","index, follow, max-image-preview:large, max-snippet:-1, max-video-preview:-1","AdvertisingAgency|ProfessionalService|WebSite|BlogPosting|BreadcrumbList","70","10","9","0","760","og:image relativo"
"https://mclair.com.br/blog/caixa-leiloa-400-imoveis-com-descontos-de-ate-60-em-todo-o-pais/","blog-post","200","0","","https://mclair.com.br/blog/caixa-leiloa-400-imoveis-com-descontos-de-ate-60-em-todo-o-pais/","Caixa leiloa 400 imóveis com descontos de até 60% em… | Mclair","62","Em parceria com a Fidalgo Leilões, banco líder do mercado imobiliário realiza negociações com lance inicial a partir de R$ 27,9 mil","131","Caixa leiloa 400 imóveis com descontos de até 60% em todo o país","1","index, follow, max-image-preview:large, max-snippet:-1, max-video-preview:-1","AdvertisingAgency|ProfessionalService|WebSite|BlogPosting|BreadcrumbList","70","9","9","0","545","og:image relativo"
"https://mclair.com.br/blog/caixa-realiza-leilao-de-imoveis-online-no-centro-oeste-com-descontos-d/","blog-post","200","0","","https://mclair.com.br/blog/caixa-realiza-leilao-de-imoveis-online-no-centro-oeste-com-descontos-d/","Caixa realiza leilão de imóveis online no Centro-Oes… | Mclair","62","Em parceria com a Fidalgo Leilões, banco líder do mercado imobiliário disponibiliza 20 imóveis em todos os estados da região","124","Caixa realiza leilão de imóveis online no Centro-Oeste com descontos de até 60%","1","index, follow, max-image-preview:large, max-snippet:-1, max-video-preview:-1","AdvertisingAgency|ProfessionalService|WebSite|BlogPosting|BreadcrumbList","70","8","9","0","717","og:image relativo"
"https://mclair.com.br/blog/canal-brasil-exibe/","blog-post","200","0","","https://mclair.com.br/blog/canal-brasil-exibe/","Canal Brasil exibe | Blog Mclair","32","Canal Brasil exibe Solidão 22B, curta-metragem de Jaqueline Vargas com Mayara Constantino e Selma Egrei.","104","Canal Brasil exibe","1","index, follow, max-image-preview:large, max-snippet:-1, max-video-preview:-1","AdvertisingAgency|ProfessionalService|WebSite|BlogPosting|BreadcrumbList","70","7","9","0","635","og:image relativo"
"https://mclair.com.br/blog/cannabis-valuation-de-qualidade-e-transparencia-sao-diferenciais-para-/","blog-post","200","0","","https://mclair.com.br/blog/cannabis-valuation-de-qualidade-e-transparencia-sao-diferenciais-para-/","Cannabis: Valuation de qualidade e transparência são… | Mclair","62","Indústria de maconha medicinal cresce no Brasil, mas ainda é controversa; saber valor de mercado e apresentar negócio de forma consistente conferem segurança na","160","Cannabis: Valuation de qualidade e transparência são diferenciais para atrair investidores","1","index, follow, max-image-preview:large, max-snippet:-1, max-video-preview:-1","AdvertisingAgency|ProfessionalService|WebSite|BlogPosting|BreadcrumbList","70","7","9","0","612","og:image relativo"
"https://mclair.com.br/blog/case-o-gambito-da-rainha-o-que-isso-tem-a-ver-com-a-sua-marca/","blog-post","200","0","","https://mclair.com.br/blog/case-o-gambito-da-rainha-o-que-isso-tem-a-ver-com-a-sua-marca/","Case ""O Gambito da Rainha"": O que isso tem a ver com… | Mclair","62","O sucesso da vez da Netflix é a minissérie ?O Gambito da Rainha?, que conta a história de Beth Harmon, uma jovem-prodígio de xadrez em seu caminho para se torna","160","Case ""O Gambito da Rainha"": O que isso tem a ver com a sua marca?","1","index, follow, max-image-preview:large, max-snippet:-1, max-video-preview:-1","AdvertisingAgency|ProfessionalService|WebSite|BlogPosting|BreadcrumbList","70","7","9","0","631","og:image relativo"
"https://mclair.com.br/blog/chatgpt-conheca-a-ia-que-tem-assombrado-os-programadores/","blog-post","200","0","","https://mclair.com.br/blog/chatgpt-conheca-a-ia-que-tem-assombrado-os-programadores/","ChatGPT: conheça a IA que tem assombrado os programa… | Mclair","62","Com 1 milhão de usuários em poucos dias, chatbot viabiliza conteúdos longos e certeiros; no entanto, especialistas alertam sobre os riscos trazidos pelo recurso","160","ChatGPT: conheça a IA que tem assombrado os programadores","1","index, follow, max-image-preview:large, max-snippet:-1, max-video-preview:-1","AdvertisingAgency|ProfessionalService|WebSite|BlogPosting|BreadcrumbList","70","7","9","0","844","og:image relativo"
"https://mclair.com.br/blog/cinema-e-o-elixir-do-novo-marketing/","blog-post","200","0","","https://mclair.com.br/blog/cinema-e-o-elixir-do-novo-marketing/","Cinema é o elixir do novo marketing? | Blog Mclair","50","Se há algumas décadas jingles e textos de propaganda de TV prendiam facilmente a atenção do público e tornavam-se memoráveis, hoje é comum pagar para não ver ad","160","Cinema é o elixir do novo marketing?","1","index, follow, max-image-preview:large, max-snippet:-1, max-video-preview:-1","AdvertisingAgency|ProfessionalService|WebSite|BlogPosting|BreadcrumbList","70","7","9","0","777","og:image relativo"
"https://mclair.com.br/blog/claudia-elisa-passa-a-integrar-conselho-da-tupy/","blog-post","200","0","","https://mclair.com.br/blog/claudia-elisa-passa-a-integrar-conselho-da-tupy/","Claudia Elisa passa a integrar Conselho da Tupy | Blog Mclair","61","No início de 2021, a advisor já havia assumido a presidência do Conselho do Grupo Roldão; liderança, inovação, gestão, cultura e diversidade estão entre suas pa","160","Claudia Elisa passa a integrar Conselho da Tupy","1","index, follow, max-image-preview:large, max-snippet:-1, max-video-preview:-1","AdvertisingAgency|ProfessionalService|WebSite|BlogPosting|BreadcrumbList","70","7","9","0","349","og:image relativo"
"https://mclair.com.br/blog/co-producao-de-marcas-e-alternativa-aos-incentivos-publicos-e-patrocin/","blog-post","200","0","","https://mclair.com.br/blog/co-producao-de-marcas-e-alternativa-aos-incentivos-publicos-e-patrocin/","Co-produção de marcas é alternativa aos incentivos p… | Mclair","62","contrar patrocinadores para o audiovisual não tem sido tarefa fácil para produtoras independentes. E isso não é só uma implicação da pandemia do coronavírus.","157","Co-produção de marcas é alternativa aos incentivos públicos e patrocínio para entretenimento","1","index, follow, max-image-preview:large, max-snippet:-1, max-video-preview:-1","AdvertisingAgency|ProfessionalService|WebSite|BlogPosting|BreadcrumbList","70","7","9","0","766","og:image relativo"
"https://mclair.com.br/blog/como-a-chegada-do-5g-deve-impactar-o-marketing-digital/","blog-post","200","0","","https://mclair.com.br/blog/como-a-chegada-do-5g-deve-impactar-o-marketing-digital/","Como a chegada do 5G deve impactar o Marketing Digit… | Mclair","62","A chegada do 5G tem sido um dos temas do momento.  Prevista para chegar às principais capitais brasileiras em 2022, após leilão realizado pela Anatel nas última","160","Como a chegada do 5G deve impactar o Marketing Digital","1","index, follow, max-image-preview:large, max-snippet:-1, max-video-preview:-1","AdvertisingAgency|ProfessionalService|WebSite|BlogPosting|BreadcrumbList","70","7","9","0","679","og:image relativo"
"https://mclair.com.br/blog/como-a-compra-da-lambda3-vai-impactar-o-modelo-de-negocios-no-setor-de/","blog-post","200","0","","https://mclair.com.br/blog/como-a-compra-da-lambda3-vai-impactar-o-modelo-de-negocios-no-setor-de/","Como a compra da Lambda3 vai impactar o modelo de ne… | Mclair","62","Integração da empresa na TIVIT Ventures reforça reconhecimento do mercado em companhias que priorizam pessoas e diversidade, com modelo de gestão colaborativa","158","Como a compra da Lambda3 vai impactar o modelo de negócios no setor de TI no Brasil","1","index, follow, max-image-preview:large, max-snippet:-1, max-video-preview:-1","AdvertisingAgency|ProfessionalService|WebSite|BlogPosting|BreadcrumbList","70","7","9","0","702","og:image relativo"
"https://mclair.com.br/blog/como-a-gamificacao-tornou-se-estrategia-people-first-na-era-digital/","blog-post","200","0","","https://mclair.com.br/blog/como-a-gamificacao-tornou-se-estrategia-people-first-na-era-digital/","Como a gamificação tornou-se estratégia People First… | Mclair","62","A evolução da tecnologia exigiu que as empresas buscassem novas formas de se diferenciar no mercado. E a inovação não se restringe aos produtos e serviços. Ela","159","Como a gamificação tornou-se estratégia People First na Era Digital","1","index, follow, max-image-preview:large, max-snippet:-1, max-video-preview:-1","AdvertisingAgency|ProfessionalService|WebSite|BlogPosting|BreadcrumbList","70","7","9","0","669","og:image relativo"
"https://mclair.com.br/blog/como-a-ia-esta-impactando-o-futuro-das-profissoes-e-dos-conselhos-admi/","blog-post","200","0","","https://mclair.com.br/blog/como-a-ia-esta-impactando-o-futuro-das-profissoes-e-dos-conselhos-admi/","Como a IA está impactando o futuro das profissões e… | Mclair","61","Estamos no momento em que a transformação é potencializada pela Inteligência Artificial (IA), com ferramentas como o ChatGPT na vanguarda desta renovação.","154","Como a IA está impactando o futuro das profissões e dos conselhos administrativos","1","index, follow, max-image-preview:large, max-snippet:-1, max-video-preview:-1","AdvertisingAgency|ProfessionalService|WebSite|BlogPosting|BreadcrumbList","70","7","9","0","760","og:image relativo"
"https://mclair.com.br/blog/como-a-robotizacao-deve-ganhar-protagonismo-para-os-processos-empresar/","blog-post","200","0","","https://mclair.com.br/blog/como-a-robotizacao-deve-ganhar-protagonismo-para-os-processos-empresar/","Como a robotização deve ganhar protagonismo para os… | Mclair","61","Benefícios e impactos para o mercado","36","Como a robotização deve ganhar protagonismo para os processos empresariais em 2022","1","index, follow, max-image-preview:large, max-snippet:-1, max-video-preview:-1","AdvertisingAgency|ProfessionalService|WebSite|BlogPosting|BreadcrumbList","70","7","9","0","560","description curta (36) | og:image relativo"
"https://mclair.com.br/blog/como-a-tecnologia-ajuda-aumentar-a-confianca-do-cliente/","blog-post","200","0","","https://mclair.com.br/blog/como-a-tecnologia-ajuda-aumentar-a-confianca-do-cliente/","Como a tecnologia ajuda aumentar a confiança do clie… | Mclair","62","Implementar inovações nas áreas internas é a chave para aumentar fidelidade e encontrar novos públicos","102","Como a tecnologia ajuda aumentar a confiança do cliente","1","index, follow, max-image-preview:large, max-snippet:-1, max-video-preview:-1","AdvertisingAgency|ProfessionalService|WebSite|BlogPosting|BreadcrumbList","70","7","9","0","515","og:image relativo"
"https://mclair.com.br/blog/como-as-fraudes-online-afetam-o-mercado-brasileiro/","blog-post","200","0","","https://mclair.com.br/blog/como-as-fraudes-online-afetam-o-mercado-brasileiro/","Como as fraudes online afetam o mercado brasileiro | Blog Mclair","64","O famoso jeitinho brasileiro - resultado da resiliência e criatividade de uma sociedade que utiliza do improviso para superar as adversidades - é cultural.","155","Como as fraudes online afetam o mercado brasileiro","1","index, follow, max-image-preview:large, max-snippet:-1, max-video-preview:-1","AdvertisingAgency|ProfessionalService|WebSite|BlogPosting|BreadcrumbList","70","7","9","0","786","og:image relativo"
"https://mclair.com.br/blog/como-atrair-os-zillennials-para-a-sua-marca-por-meio-do-marketing-digi/","blog-post","200","0","","https://mclair.com.br/blog/como-atrair-os-zillennials-para-a-sua-marca-por-meio-do-marketing-digi/","Como atrair os Zillennials para a sua marca por meio… | Mclair","62","Entender características geracionais é fundamental para saber utilizar a estratégia certa no marketing digital e atrair um público específico para a marca.","155","Como atrair os Zillennials para a sua marca por meio do marketing digital","1","index, follow, max-image-preview:large, max-snippet:-1, max-video-preview:-1","AdvertisingAgency|ProfessionalService|WebSite|BlogPosting|BreadcrumbList","70","7","9","0","579","og:image relativo"
"https://mclair.com.br/blog/como-entender-melhor-e-liderar-a-geracao-z/","blog-post","200","0","","https://mclair.com.br/blog/como-entender-melhor-e-liderar-a-geracao-z/","Como entender melhor e liderar a Geração Z? | Blog Mclair","57","O futuro do mercado de trabalho está mais ligado ao presente do que as organizações imaginam.","93","Como entender melhor e liderar a Geração Z?","1","index, follow, max-image-preview:large, max-snippet:-1, max-video-preview:-1","AdvertisingAgency|ProfessionalService|WebSite|BlogPosting|BreadcrumbList","70","7","9","0","728","og:image relativo"
"https://mclair.com.br/blog/como-evitar-o-comercio-milionario-de-ataques-ciberneticos/","blog-post","200","0","","https://mclair.com.br/blog/como-evitar-o-comercio-milionario-de-ataques-ciberneticos/","Como evitar o comércio milionário de ataques ciberné… | Mclair","62","Os crimes virtuais tornaram-se um negócio. E com eles as frentes de atuação na web se multiplicam dia a dia.","108","Como evitar o comércio milionário de ataques cibernéticos","1","index, follow, max-image-preview:large, max-snippet:-1, max-video-preview:-1","AdvertisingAgency|ProfessionalService|WebSite|BlogPosting|BreadcrumbList","70","7","9","0","778","og:image relativo"
"https://mclair.com.br/blog/como-evitar-o-transtorno-com-roubo-de-smartphones-e-dados/","blog-post","200","0","","https://mclair.com.br/blog/como-evitar-o-transtorno-com-roubo-de-smartphones-e-dados/","Como evitar o transtorno com roubo de smartphones e… | Mclair","61","Um smartphone, que hoje tem valor médio de R$2 mil, está entre os maiores problemas de segurança pública do país.","113","Como evitar o transtorno com roubo de smartphones e dados","1","index, follow, max-image-preview:large, max-snippet:-1, max-video-preview:-1","AdvertisingAgency|ProfessionalService|WebSite|BlogPosting|BreadcrumbList","70","7","9","0","750","og:image relativo"
"https://mclair.com.br/blog/computadores-nao-vencem-humanos-em-debates-por-enquanto/","blog-post","200","0","","https://mclair.com.br/blog/computadores-nao-vencem-humanos-em-debates-por-enquanto/","Computadores não vencem humanos em debates... Por en… | Mclair","62","Se uma atividade pode ser automatizada, ela será. A única questão razoável é quando? Já vemos computadores executando funções analíticas, inferências e tomando","159","Computadores não vencem humanos em debates... Por enquanto!","1","index, follow, max-image-preview:large, max-snippet:-1, max-video-preview:-1","AdvertisingAgency|ProfessionalService|WebSite|BlogPosting|BreadcrumbList","70","7","10","0","555","og:image relativo"
"https://mclair.com.br/blog/comunicacao-com-proposito-e-a-base-para-uma-reputacao-de-autoridade/","blog-post","200","0","","https://mclair.com.br/blog/comunicacao-com-proposito-e-a-base-para-uma-reputacao-de-autoridade/","Comunicação com propósito é a base para uma reputaçã… | Mclair","62","Passe sua mensagem para o seu consumidor e exponha seus valores","63","Comunicação com propósito é a base para uma reputação de autoridade","1","index, follow, max-image-preview:large, max-snippet:-1, max-video-preview:-1","AdvertisingAgency|ProfessionalService|WebSite|BlogPosting|BreadcrumbList","70","7","9","0","1058","og:image relativo"
"https://mclair.com.br/blog/comunicacao-e-parte-fundamental-para-o-sucesso-do-negocio/","blog-post","200","0","","https://mclair.com.br/blog/comunicacao-e-parte-fundamental-para-o-sucesso-do-negocio/","COMUNICAÇÃO É PARTE FUNDAMENTAL PARA O SUCESSO DO NE… | Mclair","62","Assim como a tecnologia hoje está empregada em todos os setores (saúde, financeiro, varejo, industrial e etc), temos que entender a importância das estratégias","159","COMUNICAÇÃO É PARTE FUNDAMENTAL PARA O SUCESSO DO NEGÓCIO","1","index, follow, max-image-preview:large, max-snippet:-1, max-video-preview:-1","AdvertisingAgency|ProfessionalService|WebSite|BlogPosting|BreadcrumbList","70","13","10","0","532","og:image relativo"
"https://mclair.com.br/blog/comunicacao-nao-tem-receita-infalivel/","blog-post","200","0","","https://mclair.com.br/blog/comunicacao-nao-tem-receita-infalivel/","Comunicação não tem receita infalível | Blog Mclair","51","Você já tentou reproduzir uma receita da internet ou do velho caderninho da sua avó?","84","Comunicação não tem receita infalível","1","index, follow, max-image-preview:large, max-snippet:-1, max-video-preview:-1","AdvertisingAgency|ProfessionalService|WebSite|BlogPosting|BreadcrumbList","70","7","9","0","399","og:image relativo"
"https://mclair.com.br/blog/copa-do-mundo-supera-buscas-sobre-eleicoes-e-black-friday-no-google-e-/","blog-post","200","0","","https://mclair.com.br/blog/copa-do-mundo-supera-buscas-sobre-eleicoes-e-black-friday-no-google-e-/","""Copa do Mundo"" supera buscas sobre ""eleições"" e ""Bl… | Mclair","62","O último trimestre do ano tem marcado um período atípico para os profissionais do comércio e marketing no Brasil, isso porque grandes eventos estão acontecendo","159","""Copa do Mundo"" supera buscas sobre ""eleições"" e ""Black Friday"" no Google e desafia mídias","1","index, follow, max-image-preview:large, max-snippet:-1, max-video-preview:-1","AdvertisingAgency|ProfessionalService|WebSite|BlogPosting|BreadcrumbList","70","7","10","0","685","og:image relativo"
"https://mclair.com.br/blog/cotas-para-streaming-na-franca-realca-atraso-do-brasil-na-regulamentac/","blog-post","200","0","","https://mclair.com.br/blog/cotas-para-streaming-na-franca-realca-atraso-do-brasil-na-regulamentac/","Cotas para streaming na França realça atraso do Bras… | Mclair","62","Com avanço da tecnologia, virada de chave do poder público é essencial para acompanhar novos moldes da indústria audiovisual","124","Cotas para streaming na França realça atraso do Brasil na regulamentação de VoD","1","index, follow, max-image-preview:large, max-snippet:-1, max-video-preview:-1","AdvertisingAgency|ProfessionalService|WebSite|BlogPosting|BreadcrumbList","70","7","9","0","942","og:image relativo"
"https://mclair.com.br/blog/criatividade-cibernetica-redefinira-o-conceito-de-transformacao-digita/","blog-post","200","0","","https://mclair.com.br/blog/criatividade-cibernetica-redefinira-o-conceito-de-transformacao-digita/","Criatividade cibernética redefinirá o conceito de tr… | Mclair","62","Atualmente, a forma mais comum de enxergar a tecnologia no cotidiano das pessoas e na transformação dos negócios é aquela que define que programas de computador","160","Criatividade cibernética redefinirá o conceito de transformação digital","1","index, follow, max-image-preview:large, max-snippet:-1, max-video-preview:-1","AdvertisingAgency|ProfessionalService|WebSite|BlogPosting|BreadcrumbList","70","7","9","0","960","og:image relativo"
"https://mclair.com.br/blog/cubo-comunicacao-anuncia-rebranding-e-plano-de-expansao-para-a-europa/","blog-post","200","0","","https://mclair.com.br/blog/cubo-comunicacao-anuncia-rebranding-e-plano-de-expansao-para-a-europa/","Cubo Comunicação anuncia rebranding e plano de expan… | Mclair","62","A Cubo Comunicação acaba de anunciar o rebranding da marca.","59","Cubo Comunicação anuncia rebranding e plano de expansão para a Europa","1","index, follow, max-image-preview:large, max-snippet:-1, max-video-preview:-1","AdvertisingAgency|ProfessionalService|WebSite|BlogPosting|BreadcrumbList","70","8","9","0","344","og:image relativo"
"https://mclair.com.br/blog/daniel-calero-e-o-novo-bdm-do-portfolio-digital-da-tivit/","blog-post","200","0","","https://mclair.com.br/blog/daniel-calero-e-o-novo-bdm-do-portfolio-digital-da-tivit/","Daniel Calero é o novo BDM do portfólio digital da T… | Mclair","62","Daniel Calero é o novo Business Development Manager (BDM) da Lambda3 e da Tdx, empresas que compõem a área de Digital da Tivit.","127","Daniel Calero é o novo BDM do portfólio digital da Tivit","1","index, follow, max-image-preview:large, max-snippet:-1, max-video-preview:-1","AdvertisingAgency|ProfessionalService|WebSite|BlogPosting|BreadcrumbList","70","7","9","0","474","og:image relativo"
"https://mclair.com.br/blog/data-driven-video-como-aumentar-seu-awareness-com-dados/","blog-post","200","0","","https://mclair.com.br/blog/data-driven-video-como-aumentar-seu-awareness-com-dados/","Data-driven video: Como aumentar seu awareness com d… | Mclair","62","O audiovisual cresce a cada ano e se estabeleceu como um componente essencial para marcas e empresas no mundo digital. Cerca de 80% dos dados de tráfego na inte","160","Data-driven video: Como aumentar seu awareness com dados","1","index, follow, max-image-preview:large, max-snippet:-1, max-video-preview:-1","AdvertisingAgency|ProfessionalService|WebSite|BlogPosting|BreadcrumbList","70","7","9","0","825","og:image relativo"
"https://mclair.com.br/blog/de-imoveis-a-veiculos-o-leilao-da-justica-do-trabalho-de-sp-oferece-va/","blog-post","200","0","","https://mclair.com.br/blog/de-imoveis-a-veiculos-o-leilao-da-justica-do-trabalho-de-sp-oferece-va/","De imóveis a veículos, o leilão da Justiça do Trabal… | Mclair","62","Investidores têm à disposição opções em diversas regiões de São Paulo, com valores acessíveis e facilidade de dar lances online","127","De imóveis a veículos, o leilão da Justiça do Trabalho de SP oferece variedade de bens com até 80% de deságio","1","index, follow, max-image-preview:large, max-snippet:-1, max-video-preview:-1","AdvertisingAgency|ProfessionalService|WebSite|BlogPosting|BreadcrumbList","70","8","9","0","722","og:image relativo"
"https://mclair.com.br/blog/democracia-organizacional-tornam-empresa-de-tecnologia-referencia/","blog-post","200","0","","https://mclair.com.br/blog/democracia-organizacional-tornam-empresa-de-tecnologia-referencia/","Democracia organizacional tornam empresa de tecnolog… | Mclair","62","Autonomia, transparência e colaboração. É a partir desta tríade que a Lambda3, empresa referência em tecnologia, aplica sua cultura influenciada pela sociocraci","160","Democracia organizacional tornam empresa de tecnologia referência","1","index, follow, max-image-preview:large, max-snippet:-1, max-video-preview:-1","AdvertisingAgency|ProfessionalService|WebSite|BlogPosting|BreadcrumbList","70","7","9","0","932","og:image relativo"
"https://mclair.com.br/blog/desapegue-do-retrovisor-conselho-administrativo-tambem-precisa-discuti/","blog-post","200","0","","https://mclair.com.br/blog/desapegue-do-retrovisor-conselho-administrativo-tambem-precisa-discuti/","Desapegue do retrovisor: Conselho Administrativo tam… | Mclair","62","Consulte a pauta de reunião de Conselho de uma empresa de capital aberto. Não importa qual o setor, nem quem são os conselheiros:","129","Desapegue do retrovisor: Conselho Administrativo também precisa discutir futuro e inovação","1","index, follow, max-image-preview:large, max-snippet:-1, max-video-preview:-1","AdvertisingAgency|ProfessionalService|WebSite|BlogPosting|BreadcrumbList","70","7","9","0","721","og:image relativo"
"https://mclair.com.br/blog/desenvolvimento-de-software-moldara-o-futuro-das-carreiras-e-empresas/","blog-post","200","0","","https://mclair.com.br/blog/desenvolvimento-de-software-moldara-o-futuro-das-carreiras-e-empresas/","Desenvolvimento de software moldará o futuro das car… | Mclair","62","O futuro das profissões está na programação. Nos últimos anos, em diversas oportunidades esta afirmação foi proferida por algum profissional da tecnologia.","155","Desenvolvimento de software moldará o futuro das carreiras e empresas","1","index, follow, max-image-preview:large, max-snippet:-1, max-video-preview:-1","AdvertisingAgency|ProfessionalService|WebSite|BlogPosting|BreadcrumbList","70","7","9","0","592","og:image relativo"
"https://mclair.com.br/blog/desista-do-controle-uma-boa-gestao-tambem-se-faz-esperando/","blog-post","200","0","","https://mclair.com.br/blog/desista-do-controle-uma-boa-gestao-tambem-se-faz-esperando/","Desista do controle: uma boa gestão também se faz es… | Mclair","62","A fruta dá no seu tempo. Você já ouviu essa frase? Ela sempre me faz pensar sobre como a natureza segue seu ritmo, sendo regida por suas próprias leis. Também i","160","Desista do controle: uma boa gestão também se faz esperando","1","index, follow, max-image-preview:large, max-snippet:-1, max-video-preview:-1","AdvertisingAgency|ProfessionalService|WebSite|BlogPosting|BreadcrumbList","70","7","9","0","602","og:image relativo"
"https://mclair.com.br/blog/dia-do-orgulho-nerd-4-dicas-para-celebrar-a-data/","blog-post","200","0","","https://mclair.com.br/blog/dia-do-orgulho-nerd-4-dicas-para-celebrar-a-data/","Dia do Orgulho Nerd: 4 dicas para celebrar a data | Blog Mclair","63","O Dia do Orgulho Nerd, também conhecido como o Dia da Toalha, é celebrado no dia 25 de maio e a iniciativa defende o direito de toda pessoa em ser nerd ou geek.","160","Dia do Orgulho Nerd: 4 dicas para celebrar a data","1","index, follow, max-image-preview:large, max-snippet:-1, max-video-preview:-1","AdvertisingAgency|ProfessionalService|WebSite|BlogPosting|BreadcrumbList","70","10","9","0","699","og:image relativo"
"https://mclair.com.br/blog/dia-do-programador-4-curiosidades-sobre-a-profissao-do-futuro/","blog-post","200","0","","https://mclair.com.br/blog/dia-do-programador-4-curiosidades-sobre-a-profissao-do-futuro/","Dia do Programador: 4 curiosidades sobre a profissão… | Mclair","62","Segundo especialista, até o setor de RH passou a crescer por conta da demanda em TI","83","Dia do Programador: 4 curiosidades sobre a profissão do futuro","1","index, follow, max-image-preview:large, max-snippet:-1, max-video-preview:-1","AdvertisingAgency|ProfessionalService|WebSite|BlogPosting|BreadcrumbList","70","7","9","0","621","og:image relativo"
"https://mclair.com.br/blog/dicas-de-nutricao-cuidados-com-a-alimentacao-no-inverno/","blog-post","200","0","","https://mclair.com.br/blog/dicas-de-nutricao-cuidados-com-a-alimentacao-no-inverno/","Dicas de nutrição: cuidados com a alimentação no inv… | Mclair","62","A estação mais fria do ano chegou e com as baixas temperaturas, para muitas pessoas vêm também o aumento do apetite e a procura por alimentos mais calóricos. Al","160","Dicas de nutrição: cuidados com a alimentação no inverno","1","index, follow, max-image-preview:large, max-snippet:-1, max-video-preview:-1","AdvertisingAgency|ProfessionalService|WebSite|BlogPosting|BreadcrumbList","70","7","9","0","504","og:image relativo"
"https://mclair.com.br/blog/diego-nogare-deixa-o-itau-apos-consolidar-inovacao-em-machine-learning/","blog-post","200","0","","https://mclair.com.br/blog/diego-nogare-deixa-o-itau-apos-consolidar-inovacao-em-machine-learning/","Diego Nogare deixa o Itaú após consolidar inovação e… | Mclair","62","Transformação com AWS reduziu o deployment de modelos de seis meses para cinco dias e ampliou a autonomia de mais de 5,5 mil profissionais em IA","144","Diego Nogare deixa o Itaú após consolidar inovação em Machine Learning no maior banco da América Latina","1","index, follow, max-image-preview:large, max-snippet:-1, max-video-preview:-1","AdvertisingAgency|ProfessionalService|WebSite|BlogPosting|BreadcrumbList","70","7","9","0","831","og:image relativo"
"https://mclair.com.br/blog/digitalizacao-evidencia-o-abismo-entre-o-ensino-publico-e-o-privado/","blog-post","200","0","","https://mclair.com.br/blog/digitalizacao-evidencia-o-abismo-entre-o-ensino-publico-e-o-privado/","Digitalização evidencia o abismo entre o ensino públ… | Mclair","62","As medidas de distanciamento social trouxeram profundas revisões sobre a forma como o ensino acontece no mundo inteiro. No Brasil, país marcado pelas desigualda","160","Digitalização evidencia o abismo entre o ensino público e o privado","1","index, follow, max-image-preview:large, max-snippet:-1, max-video-preview:-1","AdvertisingAgency|ProfessionalService|WebSite|BlogPosting|BreadcrumbList","70","7","9","0","962","og:image relativo"
"https://mclair.com.br/blog/diversidade-etaria-por-que-a-geracao-40-e-essencial-para-o-mercado-de-/","blog-post","200","0","","https://mclair.com.br/blog/diversidade-etaria-por-que-a-geracao-40-e-essencial-para-o-mercado-de-/","Diversidade Etária: Por que a geração 40+ é essencia… | Mclair","62","Diversidade Etária: Por que a geração 40+ é essencial para o mercado de trabalho","80","Diversidade Etária: Por que a geração 40+ é essencial para o mercado de trabalho","1","index, follow, max-image-preview:large, max-snippet:-1, max-video-preview:-1","AdvertisingAgency|ProfessionalService|WebSite|BlogPosting|BreadcrumbList","70","7","9","0","598","og:image relativo"
"https://mclair.com.br/blog/diversidade-nao-basta-resultado-tambem-depende-de-abertura-ao-contradi/","blog-post","200","0","","https://mclair.com.br/blog/diversidade-nao-basta-resultado-tambem-depende-de-abertura-ao-contradi/","Diversidade não basta: resultado também depende de a… | Mclair","62","Diversidade traz resultado para o negócio. Diversas pesquisas evidenciam isso, inclusive uma recente da McKinsey.","113","Diversidade não basta: resultado também depende de abertura ao contraditório","1","index, follow, max-image-preview:large, max-snippet:-1, max-video-preview:-1","AdvertisingAgency|ProfessionalService|WebSite|BlogPosting|BreadcrumbList","70","7","9","0","513","og:image relativo"
"https://mclair.com.br/blog/diversidade-nas-liderancas-e-fundamental-para-as-acoes-de-esg/","blog-post","200","0","","https://mclair.com.br/blog/diversidade-nas-liderancas-e-fundamental-para-as-acoes-de-esg/","Diversidade nas lideranças é fundamental para as açõ… | Mclair","62","Organizações só conseguirão concretizar iniciativas sociais, ambientais e de governança quando tiverem uma equipe de gestão realmente diversa","141","Diversidade nas lideranças é fundamental para as ações de ESG","1","index, follow, max-image-preview:large, max-snippet:-1, max-video-preview:-1","AdvertisingAgency|ProfessionalService|WebSite|BlogPosting|BreadcrumbList","70","7","9","0","593","og:image relativo"
"https://mclair.com.br/blog/do-estagio-a-lideranca-empresa-cria-novos-caminhos-para-o-crescimento-/","blog-post","200","0","","https://mclair.com.br/blog/do-estagio-a-lideranca-empresa-cria-novos-caminhos-para-o-crescimento-/","Do estágio à liderança: empresa cria novos caminhos… | Mclair","61","Colaboradores ganham Kindle e acesso a cursos custeados pela empresa","68","Do estágio à liderança: empresa cria novos caminhos para o crescimento de profissionais","1","index, follow, max-image-preview:large, max-snippet:-1, max-video-preview:-1","AdvertisingAgency|ProfessionalService|WebSite|BlogPosting|BreadcrumbList","70","7","9","0","777","og:image relativo"
"https://mclair.com.br/blog/do-glp-ao-coracao-dos-corinthianos-como-o-patrocinio-do-appgas-ao-tima/","blog-post","200","0","","https://mclair.com.br/blog/do-glp-ao-coracao-dos-corinthianos-como-o-patrocinio-do-appgas-ao-tima/","Do GLP ao coração dos Corinthianos: como o patrocíni… | Mclair","62","Com parceria alvinegra, startup projeta crescimento de 300% nas vendas em um mercado que movimenta meio bilhão de botijões por ano","130","Do GLP ao coração dos Corinthianos: como o patrocínio do Appgas ao Timão revoluciona, novamente, o mercado tradicional","1","index, follow, max-image-preview:large, max-snippet:-1, max-video-preview:-1","AdvertisingAgency|ProfessionalService|WebSite|BlogPosting|BreadcrumbList","70","7","9","0","683","og:image relativo"
"https://mclair.com.br/blog/dona-coruja-e-sua-marca-propria/","blog-post","200","0","","https://mclair.com.br/blog/dona-coruja-e-sua-marca-propria/","Dona Coruja e sua marca própria | Blog Mclair","45","Você já ouviu falar na historinha da coruja e seus filhotes?","60","Dona Coruja e sua marca própria","1","index, follow, max-image-preview:large, max-snippet:-1, max-video-preview:-1","AdvertisingAgency|ProfessionalService|WebSite|BlogPosting|BreadcrumbList","70","7","9","0","287","og:image relativo"
"https://mclair.com.br/blog/eficiencia-nas-nuvens-busca-por-multicloud-e-nuvem-hibrida-cresce-no-b/","blog-post","200","0","","https://mclair.com.br/blog/eficiencia-nas-nuvens-busca-por-multicloud-e-nuvem-hibrida-cresce-no-b/","Eficiência nas nuvens: busca por multicloud e nuvem… | Mclair","61","Aceleração da transformação digital e melhoria de processos são alguns dos fatores decisivos usados por lideranças para os negócios que buscam soluções na nuvem","160","Eficiência nas nuvens: busca por multicloud e nuvem híbrida cresce no Brasil","1","index, follow, max-image-preview:large, max-snippet:-1, max-video-preview:-1","AdvertisingAgency|ProfessionalService|WebSite|BlogPosting|BreadcrumbList","70","7","9","0","510","og:image relativo"
"https://mclair.com.br/blog/em-tempos-de-pandemia-tecnologia-cria-oportunidades/","blog-post","200","0","","https://mclair.com.br/blog/em-tempos-de-pandemia-tecnologia-cria-oportunidades/","Em tempos de pandemia, tecnologia cria oportunidades | Blog Mclair","66","O ano rumava para uma retomada do mercado interno. As expectativas eram positivas, com a queda do desemprego, juros baixos e PIB acima de 2%. Porém, com a pande","160","Em tempos de pandemia, tecnologia cria oportunidades","1","index, follow, max-image-preview:large, max-snippet:-1, max-video-preview:-1","AdvertisingAgency|ProfessionalService|WebSite|BlogPosting|BreadcrumbList","70","7","9","0","992","title longo (66) | og:image relativo"
"https://mclair.com.br/blog/emergee-e-tivit-lancam-o-programa-agility-drops/","blog-post","200","0","","https://mclair.com.br/blog/emergee-e-tivit-lancam-o-programa-agility-drops/","Emergee e TIVIT lançam o programa ""Agility Drops"" | Blog Mclair","63","Iniciativa propõe conteúdos simples e diretos para quem se interessa por agilidade","82","Emergee e TIVIT lançam o programa ""Agility Drops""","1","index, follow, max-image-preview:large, max-snippet:-1, max-video-preview:-1","AdvertisingAgency|ProfessionalService|WebSite|BlogPosting|BreadcrumbList","70","12","9","0","534","og:image relativo"
"https://mclair.com.br/blog/empatia-e-resiliencia-nas-abordagens-de-marcas-com-consumidores/","blog-post","200","0","","https://mclair.com.br/blog/empatia-e-resiliencia-nas-abordagens-de-marcas-com-consumidores/","Empatia e resiliência nas abordagens de marcas com c… | Mclair","62","Em 2020, a pandemia do novo coronavírus virou de cabeça para baixo os planos de marketing das marcas, que foram obrigadas a rever cronogramas e remodelar estrat","160","Empatia e resiliência nas abordagens de marcas com consumidores","1","index, follow, max-image-preview:large, max-snippet:-1, max-video-preview:-1","AdvertisingAgency|ProfessionalService|WebSite|BlogPosting|BreadcrumbList","70","7","9","0","700","og:image relativo"
"https://mclair.com.br/blog/empresa-de-tecnologia-adota-home-office-e-cresce-40/","blog-post","200","0","","https://mclair.com.br/blog/empresa-de-tecnologia-adota-home-office-e-cresce-40/","Empresa de tecnologia adota home-office e cresce 40% | Blog Mclair","66","Em meio a impasses de companhias brasileiras sobre manter ou interromper o modelo remoto, Lambda3 também adota estratégia de contratações para aumentar o quadro","160","Empresa de tecnologia adota home-office e cresce 40%","1","index, follow, max-image-preview:large, max-snippet:-1, max-video-preview:-1","AdvertisingAgency|ProfessionalService|WebSite|BlogPosting|BreadcrumbList","70","7","9","0","579","title longo (66) | og:image relativo"
"https://mclair.com.br/blog/empresas-brasileiras-levam-inovacoes-com-foco-em-economia-circular-e-m/","blog-post","200","0","","https://mclair.com.br/blog/empresas-brasileiras-levam-inovacoes-com-foco-em-economia-circular-e-m/","Empresas brasileiras levam inovações com foco em eco… | Mclair","62","Por meio do Programa Brazil Machinery Solutions (BMS), 15 companhias participam da feira; Argentina foi o destino de 15% das exportações de máquinas e equipamen","160","Empresas brasileiras levam inovações com foco em economia circular e meio ambiente à Argenplás","1","index, follow, max-image-preview:large, max-snippet:-1, max-video-preview:-1","AdvertisingAgency|ProfessionalService|WebSite|BlogPosting|BreadcrumbList","70","10","9","0","1059","og:image relativo"
"https://mclair.com.br/blog/empresas-brasileiras-marcam-presenca-na-colombiaplast-2022/","blog-post","200","0","","https://mclair.com.br/blog/empresas-brasileiras-marcam-presenca-na-colombiaplast-2022/","Empresas brasileiras marcam presença na ColombiaPlas… | Mclair","62","17 companhias participam do evento por meio do Programa Brazil Machinery Solutions (BMS); Colômbia importou US$311,5 milhões em maquinários brasileiros em 2021","159","Empresas brasileiras marcam presença na ColombiaPlast 2022","1","index, follow, max-image-preview:large, max-snippet:-1, max-video-preview:-1","AdvertisingAgency|ProfessionalService|WebSite|BlogPosting|BreadcrumbList","70","10","9","0","1065","og:image relativo"
"https://mclair.com.br/blog/empresas-brasileiras-movimentam-us-4-7-milhoes-durante-a-argenplas/","blog-post","200","0","","https://mclair.com.br/blog/empresas-brasileiras-movimentam-us-4-7-milhoes-durante-a-argenplas/","Empresas brasileiras movimentam US$4,7 milhões duran… | Mclair","62","Em edição marcada por inovações com foco em meio ambiente e economia circular no evento, companhias brasileiras estimam faturar US$8,7 milhões em negócios nos p","160","Empresas brasileiras movimentam US$4,7 milhões durante a Argenplás","1","index, follow, max-image-preview:large, max-snippet:-1, max-video-preview:-1","AdvertisingAgency|ProfessionalService|WebSite|BlogPosting|BreadcrumbList","70","10","9","0","888","og:image relativo"
"https://mclair.com.br/blog/empresas-familiares-exigem-flexibilidade-e-comunicacao-empatica-do-exe/","blog-post","200","0","","https://mclair.com.br/blog/empresas-familiares-exigem-flexibilidade-e-comunicacao-empatica-do-exe/","Empresas familiares exigem flexibilidade e comunicaç… | Mclair","62","Mesmo com representatividade de 65% no PIB, índices de sobrevivência de companhias comandadas por famílias é de apenas 5%","121","Empresas familiares exigem flexibilidade e comunicação empática do executivo","1","index, follow, max-image-preview:large, max-snippet:-1, max-video-preview:-1","AdvertisingAgency|ProfessionalService|WebSite|BlogPosting|BreadcrumbList","70","7","9","0","699","og:image relativo"
"https://mclair.com.br/blog/empresas-modernas-serao-cada-vez-mais-empresas-de-software/","blog-post","200","0","","https://mclair.com.br/blog/empresas-modernas-serao-cada-vez-mais-empresas-de-software/","Empresas modernas serão, cada vez mais, empresas de… | Mclair","61","2020 acaba de começar e já dá sinais de que será um ano acelerado. A Tesla ultrapassou o valor de mercado das americanas GM e Ford juntas, fazendo com que o CEO","160","Empresas modernas serão, cada vez mais, empresas de software","1","index, follow, max-image-preview:large, max-snippet:-1, max-video-preview:-1","AdvertisingAgency|ProfessionalService|WebSite|BlogPosting|BreadcrumbList","70","7","10","0","977","og:image relativo"
"https://mclair.com.br/blog/entre-perfis-e-curtidas-por-que-alguem-seria-fiel-a-sua-marca/","blog-post","200","0","","https://mclair.com.br/blog/entre-perfis-e-curtidas-por-que-alguem-seria-fiel-a-sua-marca/","Entre Perfis e Curtidas, por que alguém seria fiel à… | Mclair","62","A velha e boa discussão quantidade versus qualidade parece nunca sair de moda e o avanço das mídias sociais só fez crescer o debate.","132","Entre Perfis e Curtidas, por que alguém seria fiel à sua marca?","1","index, follow, max-image-preview:large, max-snippet:-1, max-video-preview:-1","AdvertisingAgency|ProfessionalService|WebSite|BlogPosting|BreadcrumbList","70","7","9","0","762","og:image relativo"
"https://mclair.com.br/blog/escassez-de-profissionais-no-mercado-de-ti-amplia-a-necessidade-de-dia/","blog-post","200","0","","https://mclair.com.br/blog/escassez-de-profissionais-no-mercado-de-ti-amplia-a-necessidade-de-dia/","Escassez de profissionais no mercado de TI amplia a… | Mclair","61","Segundo especialistas da Lambda3, apesar dos benefícios, companhias do setor devem se atentar aos desafios e ir além das contratações para promover um ambiente","159","Escassez de profissionais no mercado de TI amplia a necessidade de diálogo sobre diversidade e inclusão","1","index, follow, max-image-preview:large, max-snippet:-1, max-video-preview:-1","AdvertisingAgency|ProfessionalService|WebSite|BlogPosting|BreadcrumbList","70","8","9","0","684","og:image relativo"
"https://mclair.com.br/blog/esg-e-felicidade-corporativa-a-nova-fronteira-da-gestao/","blog-post","200","0","","https://mclair.com.br/blog/esg-e-felicidade-corporativa-a-nova-fronteira-da-gestao/","ESG e felicidade corporativa: a nova fronteira da ge… | Mclair","62","Além do lucro, a nova métrica empresarial - que integra práticas sustentáveis e felicidade - está transformando empresas em organizações mais resilientes e huma","160","ESG e felicidade corporativa: a nova fronteira da gestão","1","index, follow, max-image-preview:large, max-snippet:-1, max-video-preview:-1","AdvertisingAgency|ProfessionalService|WebSite|BlogPosting|BreadcrumbList","70","7","9","0","987","og:image relativo"
"https://mclair.com.br/blog/estetica-e-saude-dois-conceitos-aliados-para-garantia-da-qualidade-de-/","blog-post","200","0","","https://mclair.com.br/blog/estetica-e-saude-dois-conceitos-aliados-para-garantia-da-qualidade-de-/","Estética e saúde: dois conceitos aliados para garant… | Mclair","62","Quando você pensa em tratamento estético, qual é a primeira coisa que vem à sua mente? Preocupação excessiva com a vaidade? Se a sua resposta foi esta, saiba qu","160","Estética e saúde: dois conceitos aliados para garantia da qualidade de vida","1","index, follow, max-image-preview:large, max-snippet:-1, max-video-preview:-1","AdvertisingAgency|ProfessionalService|WebSite|BlogPosting|BreadcrumbList","70","7","9","0","459","og:image relativo"
"https://mclair.com.br/blog/estrutura-organizacional-um-predador-da-estrategia/","blog-post","200","0","","https://mclair.com.br/blog/estrutura-organizacional-um-predador-da-estrategia/","Estrutura organizacional: um predador da estratégia | Blog Mclair","65","Quando o assunto é cultura, ninguém duvida do seu poder no ambiente organizacional. A famosa frase de Peter Drucker mostra isso de forma escancarada: a cultura","160","Estrutura organizacional: um predador da estratégia","1","index, follow, max-image-preview:large, max-snippet:-1, max-video-preview:-1","AdvertisingAgency|ProfessionalService|WebSite|BlogPosting|BreadcrumbList","70","7","9","0","695","og:image relativo"
"https://mclair.com.br/blog/europa-busca-solucoes-brasileiras-para-o-desenvolvimento-das-industria/","blog-post","200","0","","https://mclair.com.br/blog/europa-busca-solucoes-brasileiras-para-o-desenvolvimento-das-industria/","Europa busca soluções brasileiras para o desenvolvim… | Mclair","62","Com o apoio do Programa Brazil Machinery Solutions (BMS), sete companhias nacionais apresentarão máquinas e equipamentos durante a Interpack 2023; feira alemã t","160","Europa busca soluções brasileiras para o desenvolvimento das indústrias  de embalagens","1","index, follow, max-image-preview:large, max-snippet:-1, max-video-preview:-1","AdvertisingAgency|ProfessionalService|WebSite|BlogPosting|BreadcrumbList","70","7","9","0","940","og:image relativo"
"https://mclair.com.br/blog/expansao-do-iot-impulsiona-demanda-por-solucoes-de-gestao/","blog-post","200","0","","https://mclair.com.br/blog/expansao-do-iot-impulsiona-demanda-por-solucoes-de-gestao/","Expansão do IoT impulsiona demanda por soluções de g… | Mclair","62","Internet das Coisas deve atingir 25 bilhões de dispositivos conectados até 2025; otimização do controle de linhas é essencial para reduzir custos","145","Expansão do IoT impulsiona demanda por soluções de gestão","1","index, follow, max-image-preview:large, max-snippet:-1, max-video-preview:-1","AdvertisingAgency|ProfessionalService|WebSite|BlogPosting|BreadcrumbList","70","7","9","0","481","og:image relativo"
"https://mclair.com.br/blog/experiencia-do-usuario-se-torna-recurso-imprescindivel-para-vendas-de-/","blog-post","200","0","","https://mclair.com.br/blog/experiencia-do-usuario-se-torna-recurso-imprescindivel-para-vendas-de-/","Experiência do usuário se torna recurso imprescindív… | Mclair","62","A chegada do Natal é aguardada por setores de diversos segmentos. No comércio varejista a expectativa é alta, pois o setor deve movimentar R$ 34,3 bilhões","154","Experiência do usuário se torna recurso imprescindível para vendas de Natal","1","index, follow, max-image-preview:large, max-snippet:-1, max-video-preview:-1","AdvertisingAgency|ProfessionalService|WebSite|BlogPosting|BreadcrumbList","70","7","9","0","577","og:image relativo"
"https://mclair.com.br/blog/expo-prado-2022-recebe-empresas-brasileiras-do-setor-agricola/","blog-post","200","0","","https://mclair.com.br/blog/expo-prado-2022-recebe-empresas-brasileiras-do-setor-agricola/","Expo Prado 2022 recebe empresas brasileiras do setor… | Mclair","62","Por meio do Programa Brazil Machinery Solutions (BMS), cinco empresas brasileiras participarão da feira; em 2021, Uruguai importou US$197,8 milhões em máquinas","159","Expo Prado 2022 recebe empresas brasileiras do setor agrícola","1","index, follow, max-image-preview:large, max-snippet:-1, max-video-preview:-1","AdvertisingAgency|ProfessionalService|WebSite|BlogPosting|BreadcrumbList","70","10","9","0","1078","og:image relativo"
"https://mclair.com.br/blog/expoplast-2022-destaca-inovacoes-brasileiras/","blog-post","200","0","","https://mclair.com.br/blog/expoplast-2022-destaca-inovacoes-brasileiras/","Expoplast 2022 destaca inovações brasileiras | Blog Mclair","58","Nove empresas brasileiras terão oportunidade de apresentar inovações por meio do Programa Brazil Machinery Solutions (BMS) em evento que acontece no Peru, terce","160","Expoplast 2022 destaca inovações brasileiras","1","index, follow, max-image-preview:large, max-snippet:-1, max-video-preview:-1","AdvertisingAgency|ProfessionalService|WebSite|BlogPosting|BreadcrumbList","70","10","9","0","991","og:image relativo"
"https://mclair.com.br/blog/exportacao-industria-de-maquinas-e-equipamentos-estima-faturamento-de-/","blog-post","200","0","","https://mclair.com.br/blog/exportacao-industria-de-maquinas-e-equipamentos-estima-faturamento-de-/","Exportação: indústria de máquinas e equipamentos est… | Mclair","62","Projeção do Programa Brazil Machinery Solutions se deve principalmente às negociações realizadas com o 2º maior mercado consumidor de proteína animal do mundo,","159","Exportação: indústria de máquinas e equipamentos estima faturamento de US$31 MI após eventos internacionais","1","index, follow, max-image-preview:large, max-snippet:-1, max-video-preview:-1","AdvertisingAgency|ProfessionalService|WebSite|BlogPosting|BreadcrumbList","70","7","9","0","798","og:image relativo"
"https://mclair.com.br/blog/exportacoes-brasileiras-de-maquinas-e-equipamentos-a-paises-latinos-so/","blog-post","200","0","","https://mclair.com.br/blog/exportacoes-brasileiras-de-maquinas-e-equipamentos-a-paises-latinos-so/","Exportações brasileiras de máquinas e equipamentos a… | Mclair","62","México, Colômbia e Paraguai são os principais destinos, com importações de maquinários rodoviários, agrícolas, alimentícios, entre outros; volume de exportações","160","Exportações brasileiras de máquinas e equipamentos a países latinos somam US$747,5 milhões no 1º semestre","1","index, follow, max-image-preview:large, max-snippet:-1, max-video-preview:-1","AdvertisingAgency|ProfessionalService|WebSite|BlogPosting|BreadcrumbList","70","10","9","0","884","og:image relativo"
"https://mclair.com.br/blog/exportacoes-de-maquinas-e-equipamentos-brasileiros-ganham-visibilidade/","blog-post","200","0","","https://mclair.com.br/blog/exportacoes-de-maquinas-e-equipamentos-brasileiros-ganham-visibilidade/","Exportações de máquinas e equipamentos brasileiros g… | Mclair","62","A terceira edição da Plástico Brasil aconteceu entre os dias 27 e 31 de março de 2023, no pavilhão de exposições São Paulo Expo.","128","Exportações de máquinas e equipamentos brasileiros ganham visibilidade  internacional por meio do Programa BMS","1","index, follow, max-image-preview:large, max-snippet:-1, max-video-preview:-1","AdvertisingAgency|ProfessionalService|WebSite|BlogPosting|BreadcrumbList","70","7","9","0","500","og:image relativo"
"https://mclair.com.br/blog/exportacoes-em-alta-industria-brasileira-de-maquinas-e-equipamentos-al/","blog-post","200","0","","https://mclair.com.br/blog/exportacoes-em-alta-industria-brasileira-de-maquinas-e-equipamentos-al/","Exportações em alta: indústria brasileira de máquina… | Mclair","62","Segundo o Programa Brazil Machinery Solutions (BMS), empresas expositoras totalizam US$16,2 milhões em negócios realizados e estima mais US$9,2 milhões em fatur","160","Exportações em alta: indústria brasileira de máquinas e equipamentos alcança US$25 MI na estreia da agenda internacional 2023","1","index, follow, max-image-preview:large, max-snippet:-1, max-video-preview:-1","AdvertisingAgency|ProfessionalService|WebSite|BlogPosting|BreadcrumbList","70","7","9","0","839","og:image relativo"
"https://mclair.com.br/blog/exportacoes-para-o-setor-de-mineracao-e-energia-devem-atingir-us-1-08-/","blog-post","200","0","","https://mclair.com.br/blog/exportacoes-para-o-setor-de-mineracao-e-energia-devem-atingir-us-1-08-/","Exportações para o setor de mineração e energia deve… | Mclair","62","Estimativa tem como base companhias brasileiras que participaram da feira chilena apresentando inovações para o segmento, por meio do Programa Brazil Machinery","159","Exportações para o setor de mineração e energia devem atingir US$1,08 milhão após Exponor","1","index, follow, max-image-preview:large, max-snippet:-1, max-video-preview:-1","AdvertisingAgency|ProfessionalService|WebSite|BlogPosting|BreadcrumbList","70","10","9","0","845","og:image relativo"
"https://mclair.com.br/blog/fidalgo-amplia-portfolio-de-negocios-com-novos-segmentos-de-leiloes/","blog-post","200","0","","https://mclair.com.br/blog/fidalgo-amplia-portfolio-de-negocios-com-novos-segmentos-de-leiloes/","Fidalgo amplia portfólio de negócios com novos segme… | Mclair","62","Após investir em tecnologia e logística, empresa organizadora de leilões passa a focar também em ofertas dedicadas exclusivamente a motos; evento online com mot","160","Fidalgo amplia portfólio de negócios com novos segmentos de leilões","1","index, follow, max-image-preview:large, max-snippet:-1, max-video-preview:-1","AdvertisingAgency|ProfessionalService|WebSite|BlogPosting|BreadcrumbList","70","9","9","0","437","og:image relativo"
"https://mclair.com.br/blog/final-de-ano-otimismo-youtube-e-narrativas-mais-humanas-como-estrategi/","blog-post","200","0","","https://mclair.com.br/blog/final-de-ano-otimismo-youtube-e-narrativas-mais-humanas-como-estrategi/","Final de ano: Otimismo, Youtube e narrativas mais hu… | Mclair","62","Em ano de pandemia, campanhas de marketing para datas festivas e promocionais pedem responsabilidade e empatia com público","122","Final de ano: Otimismo, Youtube e narrativas mais humanas como estratégia de marca","1","index, follow, max-image-preview:large, max-snippet:-1, max-video-preview:-1","AdvertisingAgency|ProfessionalService|WebSite|BlogPosting|BreadcrumbList","70","7","9","0","537","og:image relativo"
"https://mclair.com.br/blog/fintech-mineira-e-a-vencedora-do-ranking-100-open-startups/","blog-post","200","0","","https://mclair.com.br/blog/fintech-mineira-e-a-vencedora-do-ranking-100-open-startups/","Fintech mineira é a vencedora do Ranking 100 Open St… | Mclair","62","Guiando alcança a 11º posição no quadro geral de empresas; regularidade e investimentos são fatores fundamentais para manter a empresa em evidência, segundo CEO","160","Fintech mineira é a vencedora do Ranking 100 Open Startups","1","index, follow, max-image-preview:large, max-snippet:-1, max-video-preview:-1","AdvertisingAgency|ProfessionalService|WebSite|BlogPosting|BreadcrumbList","70","7","9","0","487","og:image relativo"
"https://mclair.com.br/blog/galeria-consigaz-busca-talentos-brasileiros-da-arte-urbana/","blog-post","200","0","","https://mclair.com.br/blog/galeria-consigaz-busca-talentos-brasileiros-da-arte-urbana/","GALERIA CONSIGAZ busca talentos brasileiros da arte… | Mclair","61","Evento chega à 3ª edição com a missão de incentivar e valorizar a arte urbana brasileira; iniciativa destaca artistas emergentes a exibirem seu trabalho e ganha","160","GALERIA CONSIGAZ busca talentos brasileiros da arte urbana","1","index, follow, max-image-preview:large, max-snippet:-1, max-video-preview:-1","AdvertisingAgency|ProfessionalService|WebSite|BlogPosting|BreadcrumbList","70","8","9","0","548","og:image relativo"
"https://mclair.com.br/blog/gptw-lambda3-e-uma-das-melhores-empresas-de-t-i-para-trabalhar/","blog-post","200","0","","https://mclair.com.br/blog/gptw-lambda3-e-uma-das-melhores-empresas-de-t-i-para-trabalhar/","GPTW: Lambda3 é uma das melhores empresas de T.I par… | Mclair","62","Empresa recentemente adquirida pela Tivit é reconhecida pelo 5º ano consecutivo","79","GPTW: Lambda3 é uma das melhores empresas de T.I para trabalhar","1","index, follow, max-image-preview:large, max-snippet:-1, max-video-preview:-1","AdvertisingAgency|ProfessionalService|WebSite|BlogPosting|BreadcrumbList","70","7","9","0","700","og:image relativo"
"https://mclair.com.br/blog/gptw-lambda3-esta-entre-as-melhores-empresas-do-brasil/","blog-post","200","0","","https://mclair.com.br/blog/gptw-lambda3-esta-entre-as-melhores-empresas-do-brasil/","GPTW: Lambda3 está entre as melhores empresas do Bra… | Mclair","62","Cultura organizacional e valores alçam empresa ao Top 5 do ranking; Diversidade e inclusão, iniciativas internas e estímulo ao desenvolvimento profissional tamb","160","GPTW: Lambda3 está entre as melhores empresas do Brasil","1","index, follow, max-image-preview:large, max-snippet:-1, max-video-preview:-1","AdvertisingAgency|ProfessionalService|WebSite|BlogPosting|BreadcrumbList","70","7","9","0","738","og:image relativo"
"https://mclair.com.br/blog/guiando-abre-novas-vagas-para-ti-e-outras-areas/","blog-post","200","0","","https://mclair.com.br/blog/guiando-abre-novas-vagas-para-ti-e-outras-areas/","Guiando abre novas vagas para TI e outras áreas | Blog Mclair","61","Após entrar para o Ranking GPTW em Minas Gerais, empresa especializada em automação inteligente de faturas oferece posições 100% remotas","136","Guiando abre novas vagas para TI e outras áreas","1","index, follow, max-image-preview:large, max-snippet:-1, max-video-preview:-1","AdvertisingAgency|ProfessionalService|WebSite|BlogPosting|BreadcrumbList","70","8","9","0","431","og:image relativo"
"https://mclair.com.br/blog/guiando-esta-entre-as-melhores-empresas-para-trabalhar-em-mg-segundo-g/","blog-post","200","0","","https://mclair.com.br/blog/guiando-esta-entre-as-melhores-empresas-para-trabalhar-em-mg-segundo-g/","Guiando está entre as melhores empresas para trabalh… | Mclair","62","Para CEO Rodrigo Schittini, conquista é resultado de quase dois anos de reestruturação, com foco em comunicação e people first; empresa aparece pela primeira ve","160","Guiando está entre as melhores empresas para trabalhar em MG, segundo GPTW","1","index, follow, max-image-preview:large, max-snippet:-1, max-video-preview:-1","AdvertisingAgency|ProfessionalService|WebSite|BlogPosting|BreadcrumbList","70","7","9","0","422","og:image relativo"
"https://mclair.com.br/blog/guiando-tem-20-vagas-abertas-100-remoto-1/","blog-post","200","0","","https://mclair.com.br/blog/guiando-tem-20-vagas-abertas-100-remoto-1/","Guiando tem 20 vagas abertas 100% remoto | Blog Mclair","54","A Guiando, empresa especialista em desenvolvimento de tecnologias inteligentes para T.E.M. (Telecom Expense Management) e automação para pagamento de faturas, e","160","Guiando tem 20 vagas abertas 100% remoto","1","index, follow, max-image-preview:large, max-snippet:-1, max-video-preview:-1","AdvertisingAgency|ProfessionalService|WebSite|BlogPosting|BreadcrumbList","70","7","9","0","405","og:image relativo"
"https://mclair.com.br/blog/guiando-tem-20-vagas-abertas-100-remoto/","blog-post","200","0","","https://mclair.com.br/blog/guiando-tem-20-vagas-abertas-100-remoto/","Guiando tem 20 vagas abertas 100% remoto | Blog Mclair","54","Startup especialista em automação inteligente de faturas oferece oportunidades em times de Tecnologia","101","Guiando tem 20 vagas abertas 100% remoto","1","index, follow, max-image-preview:large, max-snippet:-1, max-video-preview:-1","AdvertisingAgency|ProfessionalService|WebSite|BlogPosting|BreadcrumbList","70","7","9","0","295","og:image relativo"
"https://mclair.com.br/blog/ha-futuro-para-o-mercado-de-tecnologia-sem-cultura-organizacional-dive/","blog-post","200","0","","https://mclair.com.br/blog/ha-futuro-para-o-mercado-de-tecnologia-sem-cultura-organizacional-dive/","Há futuro para o mercado de tecnologia sem cultura o… | Mclair","62","A tecnologia move o mundo. Essa é uma das frases mais emblemáticas de Steve Jobs e segue atemporal.","101","Há futuro para o mercado de tecnologia sem cultura organizacional diversa?","1","index, follow, max-image-preview:large, max-snippet:-1, max-video-preview:-1","AdvertisingAgency|ProfessionalService|WebSite|BlogPosting|BreadcrumbList","70","7","9","0","707","og:image relativo"
"https://mclair.com.br/blog/home-office-e-transformacao-digital-impulsionam-retomada-de-investimen/","blog-post","200","0","","https://mclair.com.br/blog/home-office-e-transformacao-digital-impulsionam-retomada-de-investimen/","Home office e transformação digital impulsionam reto… | Mclair","62","Atravessar a pandemia não foi nada fácil para os agentes da indústria de telecomunicações, que precisaram adequar-se rapidamente às novas demandas de conexão. A","160","Home office e transformação digital impulsionam retomada de investimentos","1","index, follow, max-image-preview:large, max-snippet:-1, max-video-preview:-1","AdvertisingAgency|ProfessionalService|WebSite|BlogPosting|BreadcrumbList","70","7","9","0","670","og:image relativo"
"https://mclair.com.br/blog/ian-macdonald-e-o-novo-diretor-executivo-da-emergee/","blog-post","200","0","","https://mclair.com.br/blog/ian-macdonald-e-o-novo-diretor-executivo-da-emergee/","Ian Macdonald é o novo diretor-executivo da Emergee | Blog Mclair","65","Ian Macdonald, executivo com passagem por empresas como Cognitive Edge, Chie e o Metrô de SP, acaba de se integrar à equipe da Emergee.","135","Ian Macdonald é o novo diretor-executivo da Emergee","1","index, follow, max-image-preview:large, max-snippet:-1, max-video-preview:-1","AdvertisingAgency|ProfessionalService|WebSite|BlogPosting|BreadcrumbList","70","7","9","0","605","og:image relativo"
"https://mclair.com.br/blog/industria-brasileira-apresenta-solucoes-em-sustentabilidade-e-economia/","blog-post","200","0","","https://mclair.com.br/blog/industria-brasileira-apresenta-solucoes-em-sustentabilidade-e-economia/","Indústria brasileira apresenta soluções em sustentab… | Mclair","62","Empresas apresentarão na Colombiatex máquinas e equipamentos capazes de reduzir significativamente o consumo de combustível, emissão de CO2 e fumaça, aumentando","160","Indústria brasileira apresenta soluções em sustentabilidade e economia circular para o mercado têxtil internacional","1","index, follow, max-image-preview:large, max-snippet:-1, max-video-preview:-1","AdvertisingAgency|ProfessionalService|WebSite|BlogPosting|BreadcrumbList","70","7","9","0","845","og:image relativo"
"https://mclair.com.br/blog/industria-de-maquinas-projeta-usd-15-mi-em-negocios-internacionais-dur/","blog-post","200","0","","https://mclair.com.br/blog/industria-de-maquinas-projeta-usd-15-mi-em-negocios-internacionais-dur/","Indústria de máquinas projeta USD 15 MI em negócios… | Mclair","61","Evento receberá dinâmica específica, promovida pelo Programa Brazil Machinery Solutions (BMS), voltada à promoção da exportação; no total, 17 compradores, vindo","160","Indústria de máquinas projeta USD 15 MI em negócios  internacionais durante Agrishow 2023","1","index, follow, max-image-preview:large, max-snippet:-1, max-video-preview:-1","AdvertisingAgency|ProfessionalService|WebSite|BlogPosting|BreadcrumbList","70","8","9","0","750","og:image relativo"
"https://mclair.com.br/blog/insatisfeita-geracao-z-nao-quer-trabalhar-mais-do-mesmo-jeito/","blog-post","200","0","","https://mclair.com.br/blog/insatisfeita-geracao-z-nao-quer-trabalhar-mais-do-mesmo-jeito/","Insatisfeita, Geração Z não quer trabalhar mais do m… | Mclair","62","Adolescentes e jovens adultos nascidos entre 1997 e 2012 estão menos satisfeitos em seus empregos, em comparação com outras gerações.","133","Insatisfeita, Geração Z não quer trabalhar mais do mesmo jeito","1","index, follow, max-image-preview:large, max-snippet:-1, max-video-preview:-1","AdvertisingAgency|ProfessionalService|WebSite|BlogPosting|BreadcrumbList","70","8","9","0","598","og:image relativo"
"https://mclair.com.br/blog/inteligencia-artificial-consenso-e-a-chave-para-um-mundo-robotizado/","blog-post","200","0","","https://mclair.com.br/blog/inteligencia-artificial-consenso-e-a-chave-para-um-mundo-robotizado/","Inteligência Artificial: consenso é a chave para um… | Mclair","61","Há quase quatro décadas, precisamente em 1984, o filme O Exterminador do Futuro era lançado.","94","Inteligência Artificial: consenso é a chave para um mundo robotizado","1","index, follow, max-image-preview:large, max-snippet:-1, max-video-preview:-1","AdvertisingAgency|ProfessionalService|WebSite|BlogPosting|BreadcrumbList","70","7","9","0","958","og:image relativo"
"https://mclair.com.br/blog/itau-unibanco-incorpora-startup-emergee-especializada-em-metodos-para-/","blog-post","200","0","","https://mclair.com.br/blog/itau-unibanco-incorpora-startup-emergee-especializada-em-metodos-para-/","Itaú Unibanco incorpora startup Emergee, especializa… | Mclair","62","Com aquisição, banco intensifica e acelera frente de trabalho voltada à transformação digital de processos, com time dedicado dentro da área de Pessoas","151","Itaú Unibanco incorpora startup Emergee, especializada em métodos para agilidade nos negócios","1","index, follow, max-image-preview:large, max-snippet:-1, max-video-preview:-1","AdvertisingAgency|ProfessionalService|WebSite|BlogPosting|BreadcrumbList","70","7","9","0","463","og:image relativo"
"https://mclair.com.br/blog/justica-federal-leilao-com-descontos-de-ate-50-oferece-imoveis-e-veicu/","blog-post","200","0","","https://mclair.com.br/blog/justica-federal-leilao-com-descontos-de-ate-50-oferece-imoveis-e-veicu/","Justiça Federal: leilão com descontos de até 50% ofe… | Mclair","62","Oportunidades para 55 bens variados no interior, capital e ABC estão disponíveis no site da Fidalgo Leilões","107","Justiça Federal: leilão com descontos de até 50% oferece imóveis e veículos em São Paulo","1","index, follow, max-image-preview:large, max-snippet:-1, max-video-preview:-1","AdvertisingAgency|ProfessionalService|WebSite|BlogPosting|BreadcrumbList","70","8","9","0","784","og:image relativo"
"https://mclair.com.br/blog/lambda3-abre-28-vagas-para-desenvolvedores/","blog-post","200","0","","https://mclair.com.br/blog/lambda3-abre-28-vagas-para-desenvolvedores/","Lambda3 abre 28 vagas para desenvolvedores | Blog Mclair","56","A Lambda3 - empresa referência no setor tecnológico, com foco em soluções digitais ? deseja aumentar seu time e está com 28 vagas abertas para a contração de de","160","Lambda3 abre 28 vagas para desenvolvedores","1","index, follow, max-image-preview:large, max-snippet:-1, max-video-preview:-1","AdvertisingAgency|ProfessionalService|WebSite|BlogPosting|BreadcrumbList","71","8","9","0","746","og:image relativo"
"https://mclair.com.br/blog/lambda3-abre-vagas-para-times-de-tecnologia/","blog-post","200","0","","https://mclair.com.br/blog/lambda3-abre-vagas-para-times-de-tecnologia/","Lambda3 abre vagas para times de tecnologia | Blog Mclair","57","Empresa visa a contratação de profissionais de BI, Ciência e Engenharia de Dados, além de ampliar a equipe de Pessoas Desenvolvedoras","133","Lambda3 abre vagas para times de tecnologia","1","index, follow, max-image-preview:large, max-snippet:-1, max-video-preview:-1","AdvertisingAgency|ProfessionalService|WebSite|BlogPosting|BreadcrumbList","70","7","9","0","473","og:image relativo"
"https://mclair.com.br/blog/lambda3-consolida-as-unidades-negocios-de-produtos-digitais-do-ecossis/","blog-post","200","0","","https://mclair.com.br/blog/lambda3-consolida-as-unidades-negocios-de-produtos-digitais-do-ecossis/","Lambda3 consolida as unidades negócios de Produtos D… | Mclair","62","Em movimentação estratégica, a Lambda3, empresa da TIVIT Ventures, incorpora clientes e operações para alavancar as oportunidades de crescimento e expansão do m","160","Lambda3 consolida as unidades negócios de Produtos Digitais do ecossistema TIVIT","1","index, follow, max-image-preview:large, max-snippet:-1, max-video-preview:-1","AdvertisingAgency|ProfessionalService|WebSite|BlogPosting|BreadcrumbList","70","10","9","0","736","og:image relativo"
"https://mclair.com.br/blog/lambda3-leva-debate-sobre-diversidade-e-inclusao-ao-programaria-summit/","blog-post","200","0","","https://mclair.com.br/blog/lambda3-leva-debate-sobre-diversidade-e-inclusao-ao-programaria-summit/","Lambda3 leva debate sobre diversidade e inclusão ao… | Mclair","61","Empresa é um dos destaques da maior conferência voltada à diversidade de gênero e tecnologia, com espaço para aconselhamento profissional e oportunidades, além","159","Lambda3 leva debate sobre diversidade e inclusão ao PrograMaria Summit 2021","1","index, follow, max-image-preview:large, max-snippet:-1, max-video-preview:-1","AdvertisingAgency|ProfessionalService|WebSite|BlogPosting|BreadcrumbList","70","9","9","0","850","og:image relativo"
"https://mclair.com.br/blog/lambda3-mira-fintechs-de-investimento-e-preve-crescimento-de-25-em-202/","blog-post","200","0","","https://mclair.com.br/blog/lambda3-mira-fintechs-de-investimento-e-preve-crescimento-de-25-em-202/","Lambda3 mira fintechs de investimento e prevê cresci… | Mclair","62","A Lambda3, empresa referência em tecnologia e negócios digitais, estima crescimento de 25% no faturamento para 2020 (de R$ 16 milhões para R$ 20 milhões). Atual","160","Lambda3 mira fintechs de investimento e prevê crescimento de 25% em 2020","1","index, follow, max-image-preview:large, max-snippet:-1, max-video-preview:-1","AdvertisingAgency|ProfessionalService|WebSite|BlogPosting|BreadcrumbList","70","7","9","0","605","og:image relativo"
"https://mclair.com.br/blog/largar-tudo-nem-sempre-e-solucao-para-os-cansados-do-mundo-corporativo/","blog-post","200","0","","https://mclair.com.br/blog/largar-tudo-nem-sempre-e-solucao-para-os-cansados-do-mundo-corporativo/","Largar tudo nem sempre é solução para os cansados do… | Mclair","62","A história é muito parecida e eu a vi se repetir dezenas de vezes. Homens e mulheres com carreiras em grandes companhias, desistindo de tudo para se tornarem em","160","Largar tudo nem sempre é solução para os cansados do mundo corporativo","1","index, follow, max-image-preview:large, max-snippet:-1, max-video-preview:-1","AdvertisingAgency|ProfessionalService|WebSite|BlogPosting|BreadcrumbList","70","7","9","0","779","og:image relativo"
"https://mclair.com.br/blog/leilao-da-justica-federal-tem-imoveis-no-abc-e-veiculos-com-50-de-desc/","blog-post","200","0","","https://mclair.com.br/blog/leilao-da-justica-federal-tem-imoveis-no-abc-e-veiculos-com-50-de-desc/","Leilão da Justiça Federal tem imóveis no ABC e veícu… | Mclair","62","Lances virtuais até 22 de março, com encerramento às 11h, por meio do site da Fidalgo Leilões","93","Leilão da Justiça Federal tem imóveis no ABC e veículos com 50% de desconto","1","index, follow, max-image-preview:large, max-snippet:-1, max-video-preview:-1","AdvertisingAgency|ProfessionalService|WebSite|BlogPosting|BreadcrumbList","70","8","9","0","418","og:image relativo"
"https://mclair.com.br/blog/leilao-da-justica-federal-tem-lacnha-a-partir-de-r-25-mil-e-imoveis-co/","blog-post","200","0","","https://mclair.com.br/blog/leilao-da-justica-federal-tem-lacnha-a-partir-de-r-25-mil-e-imoveis-co/","Leilão da Justiça Federal tem lacnha a partir de R$… | Mclair","61","Lances virtuais acontecem por meio do site da Fidalgo Leilões nos dias 12 e 19 de junho","87","Leilão da Justiça Federal tem lacnha a partir de R$ 25 mil e imóveis com até 50% de desconto","1","index, follow, max-image-preview:large, max-snippet:-1, max-video-preview:-1","AdvertisingAgency|ProfessionalService|WebSite|BlogPosting|BreadcrumbList","70","8","9","0","606","og:image relativo"
"https://mclair.com.br/blog/leilao-do-bradesco-traz-52-imoveis-com-precos-a-partir-de-r-40-mil/","blog-post","200","0","","https://mclair.com.br/blog/leilao-do-bradesco-traz-52-imoveis-com-precos-a-partir-de-r-40-mil/","Leilão do Bradesco traz 52 imóveis com preços a part… | Mclair","62","Os lances estão disponíveis até 14 de março, com valores acessíveis e condições facilitadas para quem busca oportunidades no mercado imobiliário","144","Leilão do Bradesco traz 52 imóveis com preços a partir de R$ 40 mil","1","index, follow, max-image-preview:large, max-snippet:-1, max-video-preview:-1","AdvertisingAgency|ProfessionalService|WebSite|BlogPosting|BreadcrumbList","71","8","9","0","516","og:image relativo"
"https://mclair.com.br/blog/leilao-especial-evento-online-tem-motos-a-partir-de-r-3-4-mil/","blog-post","200","0","","https://mclair.com.br/blog/leilao-especial-evento-online-tem-motos-a-partir-de-r-3-4-mil/","Leilão especial: evento online tem motos a partir de… | Mclair","62","Evento virtual para lances acontece no dia 18 de maio, por meio do site da Fidalgo Leilões","90","Leilão especial: evento online tem motos a partir de R$3,4 mil","1","index, follow, max-image-preview:large, max-snippet:-1, max-video-preview:-1","AdvertisingAgency|ProfessionalService|WebSite|BlogPosting|BreadcrumbList","70","10","9","0","353","og:image relativo"
"https://mclair.com.br/blog/lensa-quanto-vale-a-imagem-do-usuario/","blog-post","200","0","","https://mclair.com.br/blog/lensa-quanto-vale-a-imagem-do-usuario/","Lensa: quanto vale a imagem do usuário? | Blog Mclair","53","Especialistas apontam que aplicativo queridinho do momento pode custar muito mais que os R$10,90 cobrados por imagens","117","Lensa: quanto vale a imagem do usuário?","1","index, follow, max-image-preview:large, max-snippet:-1, max-video-preview:-1","AdvertisingAgency|ProfessionalService|WebSite|BlogPosting|BreadcrumbList","70","7","9","0","620","og:image relativo"
"https://mclair.com.br/blog/lgpd-desafios-e-a-responsabilidade-das-empresas-na-black-friday/","blog-post","200","0","","https://mclair.com.br/blog/lgpd-desafios-e-a-responsabilidade-das-empresas-na-black-friday/","LGPD, desafios e a responsabilidade das empresas na… | Mclair","61","As expectativas em torno da chegada da Black Friday estão altas. De um lado, consumidores já fazem as contas para aproveitarem as melhores promoções.","149","LGPD, desafios e a responsabilidade das empresas na Black Friday","1","index, follow, max-image-preview:large, max-snippet:-1, max-video-preview:-1","AdvertisingAgency|ProfessionalService|WebSite|BlogPosting|BreadcrumbList","70","7","9","0","762","og:image relativo"
"https://mclair.com.br/blog/lgpd-empresas-podem-ser-penalizadas-solidariamente/","blog-post","200","0","","https://mclair.com.br/blog/lgpd-empresas-podem-ser-penalizadas-solidariamente/","LGPD: empresas podem ser penalizadas solidariamente | Blog Mclair","65","Empresas que acessam dados de clientes ou parceiros, para qualquer finalidade, são passíveis de responsabilização solidária em penalizações aplicadas pelo descu","160","LGPD: empresas podem ser penalizadas solidariamente","1","index, follow, max-image-preview:large, max-snippet:-1, max-video-preview:-1","AdvertisingAgency|ProfessionalService|WebSite|BlogPosting|BreadcrumbList","70","7","10","0","464","og:image relativo"
"https://mclair.com.br/blog/lideranca-5-dicas-para-quem-deseja-assumir-o-posto/","blog-post","200","0","","https://mclair.com.br/blog/lideranca-5-dicas-para-quem-deseja-assumir-o-posto/","Liderança: 5 dicas para quem deseja assumir o posto | Blog Mclair","65","Curiosidade, lifelong learning e autonhecimento estão entre as recomendações da conselheira e mentora Claudia Elisa Soares","122","Liderança: 5 dicas para quem deseja assumir o posto","1","index, follow, max-image-preview:large, max-snippet:-1, max-video-preview:-1","AdvertisingAgency|ProfessionalService|WebSite|BlogPosting|BreadcrumbList","70","7","9","0","748","og:image relativo"
"https://mclair.com.br/blog/lideranca-de-times-de-engenharia-de-software-e-tema-de-debate-na-codec/","blog-post","200","0","","https://mclair.com.br/blog/lideranca-de-times-de-engenharia-de-software-e-tema-de-debate-na-codec/","Liderança de times de engenharia de software é tema… | Mclair","61","Ahirton Lopes, CDO da Lambda3, abordará tópicos como gerenciamento de novas equipes, diversidade, oportunidades para novos profissionais, Learning Organization,","160","Liderança de times de engenharia de software é tema de debate na Codecon","1","index, follow, max-image-preview:large, max-snippet:-1, max-video-preview:-1","AdvertisingAgency|ProfessionalService|WebSite|BlogPosting|BreadcrumbList","70","8","9","0","495","og:image relativo"
"https://mclair.com.br/blog/liderancas-femininas-profissionais-inspiradoras-explicam-os-principais/","blog-post","200","0","","https://mclair.com.br/blog/liderancas-femininas-profissionais-inspiradoras-explicam-os-principais/","Lideranças femininas: profissionais inspiradoras exp… | Mclair","62","O Dia Internacional da Mulher se aproxima. No entanto, ainda há um longo caminho a ser percorrido quanto às suas trajetórias e oportunidades no ambiente de trab","160","Lideranças femininas: profissionais inspiradoras explicam os principais desafios da mulher em suas profissões","1","index, follow, max-image-preview:large, max-snippet:-1, max-video-preview:-1","AdvertisingAgency|ProfessionalService|WebSite|BlogPosting|BreadcrumbList","70","7","9","0","946","og:image relativo"
"https://mclair.com.br/blog/liderando-no-novo-mundo-quais-os-desafios-das-empresas-no-pos-covid-19/","blog-post","200","0","","https://mclair.com.br/blog/liderando-no-novo-mundo-quais-os-desafios-das-empresas-no-pos-covid-19/","Liderando no novo mundo: quais os desafios das empre… | Mclair","62","Olhe para o calendário. Como o tempo voou! Já estamos às vésperas do último trimestre do ano e, no Brasil, há seis meses experimentamos a vida em isolamento","156","Liderando no novo mundo: quais os desafios das empresas no pós-Covid-19?","1","index, follow, max-image-preview:large, max-snippet:-1, max-video-preview:-1","AdvertisingAgency|ProfessionalService|WebSite|BlogPosting|BreadcrumbList","70","7","9","0","871","og:image relativo"
"https://mclair.com.br/blog/marketing-digital-4-series-da-netflix-para-maratonar-nas-ferias/","blog-post","200","0","","https://mclair.com.br/blog/marketing-digital-4-series-da-netflix-para-maratonar-nas-ferias/","Marketing Digital: 4 séries da Netflix para maratona… | Mclair","62","A chegada das férias, para muitos, é o momento ideal para relaxar a mente.","74","Marketing Digital: 4 séries da Netflix para maratonar nas férias","1","index, follow, max-image-preview:large, max-snippet:-1, max-video-preview:-1","AdvertisingAgency|ProfessionalService|WebSite|BlogPosting|BreadcrumbList","70","7","9","0","785","og:image relativo"
"https://mclair.com.br/blog/marketing-para-farmacias-conheca-os-pilares-para-uma-estrategia-de-suc/","blog-post","200","0","","https://mclair.com.br/blog/marketing-para-farmacias-conheca-os-pilares-para-uma-estrategia-de-suc/","MARKETING PARA FARMÁCIAS: CONHEÇA OS PILARES PARA UM… | Mclair","62","Muito se fala a respeito dos 4 Ps do Marketing ? produto, preço, praça e promoção ?, conceito criado em 1960 e difundido pelo professor Philip Kotler, como um m","160","MARKETING PARA FARMÁCIAS: CONHEÇA OS PILARES PARA UMA ESTRATÉGIA DE SUCESSO","1","index, follow, max-image-preview:large, max-snippet:-1, max-video-preview:-1","AdvertisingAgency|ProfessionalService|WebSite|BlogPosting|BreadcrumbList","70","10","9","0","1206","og:image relativo"
"https://mclair.com.br/blog/maternidade-e-trabalho-um-mes-para-nos-e-todos-os-outros-dias-de-luta/","blog-post","200","0","","https://mclair.com.br/blog/maternidade-e-trabalho-um-mes-para-nos-e-todos-os-outros-dias-de-luta/","Maternidade e trabalho: um mês para nós e todos os o… | Mclair","62","Estamos no mês das mães. Mais especificamente em uma semana na qual flores serão distribuídas e as redes sociais inundadas por mensagens corporativas de felicit","160","Maternidade e trabalho: um mês para nós e todos os outros dias de luta","1","index, follow, max-image-preview:large, max-snippet:-1, max-video-preview:-1","AdvertisingAgency|ProfessionalService|WebSite|BlogPosting|BreadcrumbList","70","7","9","0","597","og:image relativo"
"https://mclair.com.br/blog/mclair-anuncia-spin-off-para-desenvolvimento-web-e-tecnologico/","blog-post","200","0","","https://mclair.com.br/blog/mclair-anuncia-spin-off-para-desenvolvimento-web-e-tecnologico/","Mclair anuncia spin-off para desenvolvimento web e t… | Mclair","62","Além da parceria com a G20 Digital, agência de Comunicação Integrada acaba de lançar seu rebranding,","100","Mclair anuncia spin-off para desenvolvimento web e tecnológico","1","index, follow, max-image-preview:large, max-snippet:-1, max-video-preview:-1","AdvertisingAgency|ProfessionalService|WebSite|BlogPosting|BreadcrumbList","70","7","9","0","479","og:image relativo"
"https://mclair.com.br/blog/mclair-comunicacao-e-a-nova-assessoria-de-imprensa-do-programa-brazil-/","blog-post","200","0","","https://mclair.com.br/blog/mclair-comunicacao-e-a-nova-assessoria-de-imprensa-do-programa-brazil-/","Mclair Comunicação é a nova assessoria de imprensa d… | Mclair","62","A agência Mclair Comunicação é a nova assessoria de imprensa do Programa Brazil Machinery Solutions (BMS), criado em parceria entre a Associação Brasileira da I","160","Mclair Comunicação é a nova assessoria de imprensa do Programa Brazil Machinery Solutions","1","index, follow, max-image-preview:large, max-snippet:-1, max-video-preview:-1","AdvertisingAgency|ProfessionalService|WebSite|BlogPosting|BreadcrumbList","70","7","9","0","351","og:image relativo"
"https://mclair.com.br/blog/mentalidade-de-abundancia-transforma-a-lideranca/","blog-post","200","0","","https://mclair.com.br/blog/mentalidade-de-abundancia-transforma-a-lideranca/","Mentalidade de abundância transforma a liderança | Blog Mclair","62","Não há dúvidas de que 2020 foi um ano desafiador e com muitas perdas. Perdas de milhares de vidas, de empregos, de receita. Perda da liberdade de andar na rua t","160","Mentalidade de abundância transforma a liderança","1","index, follow, max-image-preview:large, max-snippet:-1, max-video-preview:-1","AdvertisingAgency|ProfessionalService|WebSite|BlogPosting|BreadcrumbList","70","7","9","0","656","og:image relativo"
"https://mclair.com.br/blog/microsservicos-evidenciam-impactos-em-escalabilidade-para-o-negocio/","blog-post","200","0","","https://mclair.com.br/blog/microsservicos-evidenciam-impactos-em-escalabilidade-para-o-negocio/","Microsserviços evidenciam impactos em escalabilidade… | Mclair","62","A arquitetura de microsserviços, nos últimos anos, tem se tornado realidade nas organizações e, no futuro, é possível que os sistemas tenham a necessidade de in","160","Microsserviços evidenciam impactos em escalabilidade para o negócio","1","index, follow, max-image-preview:large, max-snippet:-1, max-video-preview:-1","AdvertisingAgency|ProfessionalService|WebSite|BlogPosting|BreadcrumbList","70","7","9","0","698","og:image relativo"
"https://mclair.com.br/blog/migracao-para-nuvem-e-negocios-digitais-afinal-os-impactos-nao-sao-ape/","blog-post","200","0","","https://mclair.com.br/blog/migracao-para-nuvem-e-negocios-digitais-afinal-os-impactos-nao-sao-ape/","Migração para nuvem e negócios digitais: afinal, os… | Mclair","61","As tendências capazes de direcionar o futuro do mercado da tecnologia são sempre discutidas neste período do ano.","113","Migração para nuvem e negócios digitais: afinal, os impactos não são apenas tecnológicos","1","index, follow, max-image-preview:large, max-snippet:-1, max-video-preview:-1","AdvertisingAgency|ProfessionalService|WebSite|BlogPosting|BreadcrumbList","70","7","9","0","712","og:image relativo"
"https://mclair.com.br/blog/mineracao-industria-de-maquinas-e-equipamentos-estima-us-11-6-milhoes-/","blog-post","200","0","","https://mclair.com.br/blog/mineracao-industria-de-maquinas-e-equipamentos-estima-us-11-6-milhoes-/","Mineração: indústria de máquinas e equipamentos esti… | Mclair","62","Projeção é otimista após participação brasileira em evento chileno voltado para o setor; cerca de US$1,5 milhões são de negócios realizados durante a feira e ou","160","Mineração: indústria de máquinas e equipamentos estima US$11,6 milhões em exportações","1","index, follow, max-image-preview:large, max-snippet:-1, max-video-preview:-1","AdvertisingAgency|ProfessionalService|WebSite|BlogPosting|BreadcrumbList","70","10","9","0","504","og:image relativo"
"https://mclair.com.br/blog/mineracao-rodada-de-negocios-internacional-supera-expectativas-e-alcan/","blog-post","200","0","","https://mclair.com.br/blog/mineracao-rodada-de-negocios-internacional-supera-expectativas-e-alcan/","Mineração: rodada de negócios internacional supera e… | Mclair","62","Segundo o Programa Brazil Machinery Solutions (BMS), empresas participantes totalizaram USD 3,7 milhões em negócios internacionais realizados e estimam mais USD","160","Mineração: rodada de negócios internacional supera expectativas e alcança USD 14,6 MI em estimativa de exportações","1","index, follow, max-image-preview:large, max-snippet:-1, max-video-preview:-1","AdvertisingAgency|ProfessionalService|WebSite|BlogPosting|BreadcrumbList","70","7","9","0","562","og:image relativo"
"https://mclair.com.br/blog/mis-recebe-exposicao-de-arte-urbana-no-dia-4/","blog-post","200","0","","https://mclair.com.br/blog/mis-recebe-exposicao-de-arte-urbana-no-dia-4/","MIS recebe exposição de arte urbana no dia 4 | Blog Mclair","58","Aberta ao público, a 3ª edição da Galeria Consigaz busca novos talentos artísticos, que aplicarão suas técnicas em botijão de gás durante evento ao vivo, com di","160","MIS recebe exposição de arte urbana no dia 4","1","index, follow, max-image-preview:large, max-snippet:-1, max-video-preview:-1","AdvertisingAgency|ProfessionalService|WebSite|BlogPosting|BreadcrumbList","70","8","9","0","427","og:image relativo"
"https://mclair.com.br/blog/missao-angola-como-a-quinto-andar-me-ajudou-a-vender-milho-na-africa/","blog-post","200","0","","https://mclair.com.br/blog/missao-angola-como-a-quinto-andar-me-ajudou-a-vender-milho-na-africa/","Missão Angola:  Como a Quinto Andar me ajudou a vend… | Mclair","62","Diz a sabedoria popular que as palavras comovem e o exemplo arrasta. Então eu queria contar pra vocês o meu primeiro processo de Growth Marketing.","146","Missão Angola:  Como a Quinto Andar me ajudou a vender milho na África","1","index, follow, max-image-preview:large, max-snippet:-1, max-video-preview:-1","AdvertisingAgency|ProfessionalService|WebSite|BlogPosting|BreadcrumbList","70","7","9","0","573","og:image relativo"
"https://mclair.com.br/blog/momentos-de-crise-exigem-liderancas-inteligentes/","blog-post","200","0","","https://mclair.com.br/blog/momentos-de-crise-exigem-liderancas-inteligentes/","Momentos de crise exigem lideranças inteligentes | Blog Mclair","62","Enquanto lidamos com a imprevisibilidade do que pode surgir com pandemia de COVID-19, muitas empresas tentam se adaptar a este cenário colocando à prova suas pr","160","Momentos de crise exigem lideranças inteligentes","1","index, follow, max-image-preview:large, max-snippet:-1, max-video-preview:-1","AdvertisingAgency|ProfessionalService|WebSite|BlogPosting|BreadcrumbList","70","7","9","0","915","og:image relativo"
"https://mclair.com.br/blog/moto-clube-brasileiro-promove-campanha-mundial-de-doacao-de-sangue/","blog-post","200","0","","https://mclair.com.br/blog/moto-clube-brasileiro-promove-campanha-mundial-de-doacao-de-sangue/","Moto clube brasileiro promove campanha mundial de do… | Mclair","62","Com estimativa de ultrapassar 10 mil litros de sangue doados, Insanos MC promove campanha solidária dia 25 de junho; ação deve beneficiar 180 hemocentros em tod","160","Moto clube brasileiro promove campanha mundial de doação de sangue","1","index, follow, max-image-preview:large, max-snippet:-1, max-video-preview:-1","AdvertisingAgency|ProfessionalService|WebSite|BlogPosting|BreadcrumbList","70","7","9","0","600","og:image relativo"
"https://mclair.com.br/blog/mulheres-na-gestao-usem-a-projecao-da-voz-a-seu-favor/","blog-post","200","0","","https://mclair.com.br/blog/mulheres-na-gestao-usem-a-projecao-da-voz-a-seu-favor/","Mulheres na gestão: usem a projeção da voz a seu fav… | Mclair","62","Você pode não conhecer muito de teoria musical, mas certamente consegue identificar alguns cantores só de ouvir um trechinho de sua música.","139","Mulheres na gestão: usem a projeção da voz a seu favor","1","index, follow, max-image-preview:large, max-snippet:-1, max-video-preview:-1","AdvertisingAgency|ProfessionalService|WebSite|BlogPosting|BreadcrumbList","70","7","9","0","639","og:image relativo"
"https://mclair.com.br/blog/nao-caia-na-armadilha-da-massificacao-da-inteligencia-artificial/","blog-post","200","0","","https://mclair.com.br/blog/nao-caia-na-armadilha-da-massificacao-da-inteligencia-artificial/","Não caia na armadilha da massificação da Inteligênci… | Mclair","62","Sem dúvidas, um dos principais assuntos dos últimos tempos, que ultrapassou o mundo da tecnologia, foi o ChatGPT.","113","Não caia na armadilha da massificação da Inteligência Artificial","1","index, follow, max-image-preview:large, max-snippet:-1, max-video-preview:-1","AdvertisingAgency|ProfessionalService|WebSite|BlogPosting|BreadcrumbList","70","7","9","0","783","og:image relativo"
"https://mclair.com.br/blog/negocios-digitais-os-6ds-cruciais-para-a-inovacao-exponencial/","blog-post","200","0","","https://mclair.com.br/blog/negocios-digitais-os-6ds-cruciais-para-a-inovacao-exponencial/","Negócios digitais: os ""6Ds"" cruciais para a inovação… | Mclair","62","O ritmo das mudanças impulsionado pelo crescimento desmedido da capacidade de processamento de computadores, associado às capacidades cada vez maiores com custo","160","Negócios digitais: os ""6Ds"" cruciais para a inovação exponencial","1","index, follow, max-image-preview:large, max-snippet:-1, max-video-preview:-1","AdvertisingAgency|ProfessionalService|WebSite|BlogPosting|BreadcrumbList","70","7","9","0","929","og:image relativo"
"https://mclair.com.br/blog/nexinvoice-e-pioneiro-em-automacao-inteligente-do-contas-a-pagar/","blog-post","200","0","","https://mclair.com.br/blog/nexinvoice-e-pioneiro-em-automacao-inteligente-do-contas-a-pagar/","nexinvoice® é pioneiro em automação inteligente do C… | Mclair","62","Solução é lançada para eliminar cortes de serviços e promover transformação digital da jornada de pagamento de faturas; IBM, MRV, Grupo Boticário e Localiza já","159","nexinvoice® é pioneiro em automação inteligente do Contas a Pagar","1","index, follow, max-image-preview:large, max-snippet:-1, max-video-preview:-1","AdvertisingAgency|ProfessionalService|WebSite|BlogPosting|BreadcrumbList","70","7","9","0","829","og:image relativo"
"https://mclair.com.br/blog/novo-petroleo-uso-correto-de-dados-pode-gerar-oportunidades-de-negocio/","blog-post","200","0","","https://mclair.com.br/blog/novo-petroleo-uso-correto-de-dados-pode-gerar-oportunidades-de-negocio/","Novo petróleo: uso correto de dados pode gerar oport… | Mclair","62","Cerca de 2,5 quintilhões de bytes são criados todos os dias, segundo estudo da Business Software Alliance. Seja no celular ou em computadores, praticamente toda","160","Novo petróleo: uso correto de dados pode gerar oportunidades de negócios","1","index, follow, max-image-preview:large, max-snippet:-1, max-video-preview:-1","AdvertisingAgency|ProfessionalService|WebSite|BlogPosting|BreadcrumbList","70","7","9","0","661","og:image relativo"
"https://mclair.com.br/blog/novos-nichos-do-marketing-de-influencia-podem-impactar-a-retomada-do-a/","blog-post","200","0","","https://mclair.com.br/blog/novos-nichos-do-marketing-de-influencia-podem-impactar-a-retomada-do-a/","Novos nichos do marketing de influência podem impact… | Mclair","62","De olho em um mercado que estima crescimento de 71% em 2021, profissionais do audiovisual enxergam parcerias com influencers como fator estratégico para ganhare","160","Novos nichos do marketing de influência podem impactar a retomada do audiovisual","1","index, follow, max-image-preview:large, max-snippet:-1, max-video-preview:-1","AdvertisingAgency|ProfessionalService|WebSite|BlogPosting|BreadcrumbList","70","7","9","0","593","og:image relativo"
"https://mclair.com.br/blog/o-algoritmo-humano-por-tras-de-uma-boa-decisao/","blog-post","200","0","","https://mclair.com.br/blog/o-algoritmo-humano-por-tras-de-uma-boa-decisao/","O algoritmo humano por trás de uma boa decisão | Blog Mclair","60","Um frio na espinha, tensão nos ombros, o enrijecimento dos músculos. As sensações no corpo de quem precisa tomar uma grande decisão costumam ser parecidas para","159","O algoritmo humano por trás de uma boa decisão","1","index, follow, max-image-preview:large, max-snippet:-1, max-video-preview:-1","AdvertisingAgency|ProfessionalService|WebSite|BlogPosting|BreadcrumbList","70","7","9","0","711","og:image relativo"
"https://mclair.com.br/blog/o-dilema-da-redes-reduz-o-protagonismo-das-pessoas/","blog-post","200","0","","https://mclair.com.br/blog/o-dilema-da-redes-reduz-o-protagonismo-das-pessoas/","""O Dilema da Redes"" reduz o protagonismo das pessoas | Blog Mclair","66","Ao longo de setembro, a discussão sobre tecnologias que envolvem Inteligência Artificial foi intensificada pelo documentário ?O Dilema das Redes? (2020), que es","160","""O Dilema da Redes"" reduz o protagonismo das pessoas","1","index, follow, max-image-preview:large, max-snippet:-1, max-video-preview:-1","AdvertisingAgency|ProfessionalService|WebSite|BlogPosting|BreadcrumbList","70","7","9","0","625","title longo (66) | og:image relativo"
"https://mclair.com.br/blog/o-elo-entre-os-c-levels-e-a-tecnologia-na-retomada-do-varejo/","blog-post","200","0","","https://mclair.com.br/blog/o-elo-entre-os-c-levels-e-a-tecnologia-na-retomada-do-varejo/","O elo entre os C-Levels e a tecnologia na retomada d… | Mclair","62","O setor de varejo tem passado por transformações intensas. Antes mesmo da pandemia, a concorrência com empresas de atuação global já era desafiadora. Então, dur","160","O elo entre os C-Levels e a tecnologia na retomada do varejo","1","index, follow, max-image-preview:large, max-snippet:-1, max-video-preview:-1","AdvertisingAgency|ProfessionalService|WebSite|BlogPosting|BreadcrumbList","70","7","9","0","758","og:image relativo"
"https://mclair.com.br/blog/o-futuro-do-home-office-e-a-realidade-pos-pandemia/","blog-post","200","0","","https://mclair.com.br/blog/o-futuro-do-home-office-e-a-realidade-pos-pandemia/","O futuro do home-office e a realidade pós-pandemia | Blog Mclair","64","A pandemia provocou diversas adaptações no cotidiano das pessoas em todo o mundo. Mudanças de hábito, distanciamento social, práticas de isolamento, suspensão d","160","O futuro do home-office e a realidade pós-pandemia","1","index, follow, max-image-preview:large, max-snippet:-1, max-video-preview:-1","AdvertisingAgency|ProfessionalService|WebSite|BlogPosting|BreadcrumbList","70","7","9","0","612","og:image relativo"
"https://mclair.com.br/blog/o-futuro-do-trabalho-remoto-e-o-match-entre-tecnologia-e-pessoas/","blog-post","200","0","","https://mclair.com.br/blog/o-futuro-do-trabalho-remoto-e-o-match-entre-tecnologia-e-pessoas/","O futuro do trabalho remoto e o match entre tecnolog… | Mclair","62","O futuro do trabalho é híbrido, flexível, remoto e conectado. Há exatamente um ano, no início da pandemia, o cenário era incerto e nos deparávamos  com companhi","160","O futuro do trabalho remoto e o match entre tecnologia e pessoas","1","index, follow, max-image-preview:large, max-snippet:-1, max-video-preview:-1","AdvertisingAgency|ProfessionalService|WebSite|BlogPosting|BreadcrumbList","70","7","9","0","673","og:image relativo"
"https://mclair.com.br/blog/o-growth-e-eu-acelerando/","blog-post","200","0","","https://mclair.com.br/blog/o-growth-e-eu-acelerando/","O Growth e eu: Acelerando! | Blog Mclair","40","Oi, eu sou o Rafa Nanis! Marketing & Growth Head da MClair Comunicação.","71","O Growth e eu: Acelerando!","1","index, follow, max-image-preview:large, max-snippet:-1, max-video-preview:-1","AdvertisingAgency|ProfessionalService|WebSite|BlogPosting|BreadcrumbList","70","7","9","0","819","og:image relativo"
"https://mclair.com.br/blog/o-impacto-dos-microsservicos-para-o-mercado-e-o-consumidor/","blog-post","200","0","","https://mclair.com.br/blog/o-impacto-dos-microsservicos-para-o-mercado-e-o-consumidor/","O impacto dos microsserviços para o mercado e o cons… | Mclair","62","Os investimentos em nuvem seguem em alta. E este fator pode trazer oportunidades para negócios em diferentes setores e nichos.","126","O impacto dos microsserviços para o mercado e o consumidor","1","index, follow, max-image-preview:large, max-snippet:-1, max-video-preview:-1","AdvertisingAgency|ProfessionalService|WebSite|BlogPosting|BreadcrumbList","70","7","9","0","809","og:image relativo"
"https://mclair.com.br/blog/o-lado-b-da-produtividade-em-trabalho-remoto/","blog-post","200","0","","https://mclair.com.br/blog/o-lado-b-da-produtividade-em-trabalho-remoto/","O lado B da produtividade em trabalho remoto | Blog Mclair","58","A recomendação para que as pessoas evitem aglomerações trouxe uma nova realidade aos brasileiros. O aumento de casos confirmados de coronavírus tem alterado a r","160","O lado B da produtividade em trabalho remoto","1","index, follow, max-image-preview:large, max-snippet:-1, max-video-preview:-1","AdvertisingAgency|ProfessionalService|WebSite|BlogPosting|BreadcrumbList","70","7","9","0","830","og:image relativo"
"https://mclair.com.br/blog/o-marketing-por-tras-do-universo-gamer-e-a-sua-ascensao-no-brasil/","blog-post","200","0","","https://mclair.com.br/blog/o-marketing-por-tras-do-universo-gamer-e-a-sua-ascensao-no-brasil/","O marketing por trás do universo gamer e a sua ascen… | Mclair","62","Para Carolina Fernandes, especialista em Marketing e Comunicação, o ""Game Marketing"" é uma estratégia que aproveita o poder de engajamento dos jogos para marcas","160","O marketing por trás do universo gamer e a sua ascensão no Brasil","1","index, follow, max-image-preview:large, max-snippet:-1, max-video-preview:-1","AdvertisingAgency|ProfessionalService|WebSite|BlogPosting|BreadcrumbList","70","7","9","0","617","og:image relativo"
"https://mclair.com.br/blog/o-papel-da-governanca-corporativa-no-engajamento-das-liderancas/","blog-post","200","0","","https://mclair.com.br/blog/o-papel-da-governanca-corporativa-no-engajamento-das-liderancas/","O papel da governança corporativa no engajamento das… | Mclair","62","Confundir engajamento com motivação é um dos erros mais comuns cometidos pelas lideranças; para especialista, o ato de engajar é um aspecto mais cognitivo do qu","160","O papel da governança corporativa no engajamento das lideranças","1","index, follow, max-image-preview:large, max-snippet:-1, max-video-preview:-1","AdvertisingAgency|ProfessionalService|WebSite|BlogPosting|BreadcrumbList","70","7","9","0","544","og:image relativo"
"https://mclair.com.br/blog/o-papel-de-entidades-publicas-para-as-cidades-inteligentes/","blog-post","200","0","","https://mclair.com.br/blog/o-papel-de-entidades-publicas-para-as-cidades-inteligentes/","O papel de entidades públicas para as Cidades Inteli… | Mclair","62","Foi divulgado ontem (4/10), no Centro de Convenções Frei Caneca, na capital paulista, as vencedoras do Ranking Connected Smart Cities 2022, estudo que está em s","160","O papel de entidades públicas para as Cidades Inteligentes","1","index, follow, max-image-preview:large, max-snippet:-1, max-video-preview:-1","AdvertisingAgency|ProfessionalService|WebSite|BlogPosting|BreadcrumbList","70","7","9","0","565","og:image relativo"
"https://mclair.com.br/blog/o-poder-da-tecnologia-e-automacao-de-marketing-para-os-negocios/","blog-post","200","0","","https://mclair.com.br/blog/o-poder-da-tecnologia-e-automacao-de-marketing-para-os-negocios/","O poder da tecnologia e automação de marketing para… | Mclair","61","Desde o início da Covid-19, diversos setores da economia se reinventaram visando o menor impacto possível em seus negócios. Em um curto intervalo de tempo","154","O poder da tecnologia e automação de marketing para os negócios","1","index, follow, max-image-preview:large, max-snippet:-1, max-video-preview:-1","AdvertisingAgency|ProfessionalService|WebSite|BlogPosting|BreadcrumbList","70","7","9","0","918","og:image relativo"
"https://mclair.com.br/blog/o-que-a-serie-sandman-tem-em-comum-com-transparencia-radical-em-consel/","blog-post","200","0","","https://mclair.com.br/blog/o-que-a-serie-sandman-tem-em-comum-com-transparencia-radical-em-consel/","O que a série Sandman tem em comum com ""transparênci… | Mclair","62","Sandman estreou na plataforma de streaming Netflix no início de agosto e logo de cara se tornou a série mais vista da plataforma no Brasil, segundo ranking do s","160","O que a série Sandman tem em comum com ""transparência radical"" em conselhos empresariais?","1","index, follow, max-image-preview:large, max-snippet:-1, max-video-preview:-1","AdvertisingAgency|ProfessionalService|WebSite|BlogPosting|BreadcrumbList","70","7","9","0","672","og:image relativo"
"https://mclair.com.br/blog/o-que-a-vida-corporativa-tem-a-ver-com-um-jogo-de-squash/","blog-post","200","0","","https://mclair.com.br/blog/o-que-a-vida-corporativa-tem-a-ver-com-um-jogo-de-squash/","O que a vida corporativa tem a ver com um jogo de sq… | Mclair","62","Na quadra de squash, a missão do jogador é uma só: fazer uma bolinha de borracha bater na parede e cair em algum lugar da quadra fora do alcance do adversário.","159","O que a vida corporativa tem a ver com um jogo de squash?","1","index, follow, max-image-preview:large, max-snippet:-1, max-video-preview:-1","AdvertisingAgency|ProfessionalService|WebSite|BlogPosting|BreadcrumbList","70","7","9","0","827","og:image relativo"
"https://mclair.com.br/blog/o-que-as-empresas-de-ti-devem-fazer-para-superar-o-deficit-de-profissi/","blog-post","200","0","","https://mclair.com.br/blog/o-que-as-empresas-de-ti-devem-fazer-para-superar-o-deficit-de-profissi/","O que as empresas de TI devem fazer para superar o d… | Mclair","62","Cultura organizacional e inclusão são essenciais para reduzir o déficit de profissionais do mercado de TI","105","O que as empresas de TI devem fazer para superar o déficit de profissionais","1","index, follow, max-image-preview:large, max-snippet:-1, max-video-preview:-1","AdvertisingAgency|ProfessionalService|WebSite|BlogPosting|BreadcrumbList","70","7","9","0","641","og:image relativo"
"https://mclair.com.br/blog/o-que-assistir-depois-de-o-dilema-das-redes/","blog-post","200","0","","https://mclair.com.br/blog/o-que-assistir-depois-de-o-dilema-das-redes/","O que assistir depois de O Dilema das Redes | Blog Mclair","57","Com estreia na Netflix brasileira em setembro, o documentário O Dilema das Redes (2020) foi muito comentado na internet durante todo o mês. Partindo da premissa","160","O que assistir depois de O Dilema das Redes","1","index, follow, max-image-preview:large, max-snippet:-1, max-video-preview:-1","AdvertisingAgency|ProfessionalService|WebSite|BlogPosting|BreadcrumbList","70","8","9","0","750","og:image relativo"
"https://mclair.com.br/blog/o-que-falta-para-termos-conselhos-realmente-diversos/","blog-post","200","0","","https://mclair.com.br/blog/o-que-falta-para-termos-conselhos-realmente-diversos/","O que falta para termos conselhos realmente diversos… | Mclair","62","Os executivos da alta liderança correm para implantar processos capazes de entender a diversidade na empresa e aperfeiçoá-la com programas de inclusão e prática","160","O que falta para termos conselhos realmente diversos?","1","index, follow, max-image-preview:large, max-snippet:-1, max-video-preview:-1","AdvertisingAgency|ProfessionalService|WebSite|BlogPosting|BreadcrumbList","70","7","9","0","419","og:image relativo"
"https://mclair.com.br/blog/o-que-mudou-na-busca-pelo-lider-de-rh/","blog-post","200","0","","https://mclair.com.br/blog/o-que-mudou-na-busca-pelo-lider-de-rh/","O que mudou na busca pelo líder de RH? | Blog Mclair","52","Os anos passam, e as incertezas no mundo corporativo parecem só aumentar. E uma pergunta recorrente quase sempre vem à tona: o que as lideranças enxergam como d","160","O que mudou na busca pelo líder de RH?","1","index, follow, max-image-preview:large, max-snippet:-1, max-video-preview:-1","AdvertisingAgency|ProfessionalService|WebSite|BlogPosting|BreadcrumbList","70","7","9","0","878","og:image relativo"
"https://mclair.com.br/blog/o-que-o-novo-mundo-espera-dos-lideres-do-futuro/","blog-post","200","0","","https://mclair.com.br/blog/o-que-o-novo-mundo-espera-dos-lideres-do-futuro/","O que o novo mundo espera dos líderes do futuro? | Blog Mclair","62","Não é difícil encontrar na internet artigos sobre as 5, 7 ou 10 características dos líderes do futuro. Este é um assunto muito explorado, pois o ?futuro? está s","160","O que o novo mundo espera dos líderes do futuro?","1","index, follow, max-image-preview:large, max-snippet:-1, max-video-preview:-1","AdvertisingAgency|ProfessionalService|WebSite|BlogPosting|BreadcrumbList","70","7","9","0","887","og:image relativo"
"https://mclair.com.br/blog/o-que-top-gun-maverick-tem-a-nos-ensinar-sobre-o-futuro-da-automacao/","blog-post","200","0","","https://mclair.com.br/blog/o-que-top-gun-maverick-tem-a-nos-ensinar-sobre-o-futuro-da-automacao/","O que ""Top Gun - Maverick"" tem a nos ensinar sobre o… | Mclair","62","Em meio a uma onda de remakes e continuações duvidosas que marcaram época no cinema, o filme Top Gun  Maverick está de volta.","128","O que ""Top Gun - Maverick"" tem a nos ensinar sobre o futuro da automação?","1","index, follow, max-image-preview:large, max-snippet:-1, max-video-preview:-1","AdvertisingAgency|ProfessionalService|WebSite|BlogPosting|BreadcrumbList","70","7","9","0","781","og:image relativo"
"https://mclair.com.br/blog/o/","blog-post","200","0","","https://mclair.com.br/blog/o/","O | Blog Mclair","15","Se 30 anos atrás alguém me contasse que estaríamos vivendo um período em que empresas que lucram estão associadas a uma atuação social e ambiental, seria difíci","160","O","1","index, follow, max-image-preview:large, max-snippet:-1, max-video-preview:-1","AdvertisingAgency|ProfessionalService|WebSite|BlogPosting|BreadcrumbList","70","7","9","0","688","og:image relativo"
"https://mclair.com.br/blog/oportunidade-de-capacitacao-em-ti-lambda3-apresenta-palestras-no-tdc-b/","blog-post","200","0","","https://mclair.com.br/blog/oportunidade-de-capacitacao-em-ti-lambda3-apresenta-palestras-no-tdc-b/","Oportunidade de capacitação em TI: Lambda3 apresenta… | Mclair","62","Entre 22 e 24 de agosto, acontece o The Developer""s Conference (TDC Business), maior evento brasileiro sobre desenvolvimento de software.","137","Oportunidade de capacitação em TI: Lambda3 apresenta palestras no TDC Business","1","index, follow, max-image-preview:large, max-snippet:-1, max-video-preview:-1","AdvertisingAgency|ProfessionalService|WebSite|BlogPosting|BreadcrumbList","70","9","9","0","476","og:image relativo"
"https://mclair.com.br/blog/os-desafios-e-impactos-do-5g-para-o-mercado/","blog-post","200","0","","https://mclair.com.br/blog/os-desafios-e-impactos-do-5g-para-o-mercado/","Os desafios e impactos do 5G para o mercado | Blog Mclair","57","Enquanto o mercado segue na expectativa pela chegada do 5G, alguns setores vêm se destacando, mesmo sem a presença da rede no país.","131","Os desafios e impactos do 5G para o mercado","1","index, follow, max-image-preview:large, max-snippet:-1, max-video-preview:-1","AdvertisingAgency|ProfessionalService|WebSite|BlogPosting|BreadcrumbList","70","9","9","0","651","og:image relativo"
"https://mclair.com.br/blog/os-desafios-e-mitos-sobre-a-transicao-energetica/","blog-post","200","0","","https://mclair.com.br/blog/os-desafios-e-mitos-sobre-a-transicao-energetica/","Os desafios e mitos sobre a transição energética | Blog Mclair","62","O superaquecimento do planeta é uma das pautas climáticas mais debatidas nos últimos anos, e o Acordo de Paris, assinado na COP21, em 2015, foi um marco na jorn","160","Os desafios e mitos sobre a transição energética","1","index, follow, max-image-preview:large, max-snippet:-1, max-video-preview:-1","AdvertisingAgency|ProfessionalService|WebSite|BlogPosting|BreadcrumbList","70","7","9","0","959","og:image relativo"
"https://mclair.com.br/blog/os-desafios-para-a-gestao-de-pessoas-e-o-exito-organizacional/","blog-post","200","0","","https://mclair.com.br/blog/os-desafios-para-a-gestao-de-pessoas-e-o-exito-organizacional/","Os desafios para a Gestão de Pessoas e o êxito organ… | Mclair","62","A área de Gestão de Pessoas tem lidado com mudanças aceleradas, principalmente nos últimos dois anos.","101","Os desafios para a Gestão de Pessoas e o êxito organizacional","1","index, follow, max-image-preview:large, max-snippet:-1, max-video-preview:-1","AdvertisingAgency|ProfessionalService|WebSite|BlogPosting|BreadcrumbList","70","7","9","0","788","og:image relativo"
"https://mclair.com.br/blog/os-impactos-da-engenharia-de-dados-para-a-transformacao-digital/","blog-post","200","0","","https://mclair.com.br/blog/os-impactos-da-engenharia-de-dados-para-a-transformacao-digital/","Os impactos da Engenharia de Dados para a transforma… | Mclair","62","A busca por soluções tecnológicas e modernizações é o foco das companhias em 2023.","82","Os impactos da Engenharia de Dados para a transformação digital","1","index, follow, max-image-preview:large, max-snippet:-1, max-video-preview:-1","AdvertisingAgency|ProfessionalService|WebSite|BlogPosting|BreadcrumbList","70","7","9","0","783","og:image relativo"
"https://mclair.com.br/blog/os-melhores-talentos-estao-cansados-do-mundo-corporativo/","blog-post","200","0","","https://mclair.com.br/blog/os-melhores-talentos-estao-cansados-do-mundo-corporativo/","Os melhores talentos estão cansados do mundo corpora… | Mclair","62","Das muitas lives que marcaram meu ano de 2020, uma me tocou de forma especial e me fez refletir sobre a liderança que precisamos construir em 2021 no mundo corp","160","Os melhores talentos estão cansados do mundo corporativo","1","index, follow, max-image-preview:large, max-snippet:-1, max-video-preview:-1","AdvertisingAgency|ProfessionalService|WebSite|BlogPosting|BreadcrumbList","70","7","9","0","787","og:image relativo"
"https://mclair.com.br/blog/os-parametros-para-produtividade-foram-redefinidos/","blog-post","200","0","","https://mclair.com.br/blog/os-parametros-para-produtividade-foram-redefinidos/","Os parâmetros para produtividade foram redefinidos | Blog Mclair","64","Sabe aquela história infantil que narra a corrida entre uma lebre e uma tartaruga? Na era digital, bem que ela poderia ganhar uma nova versão, na qual a lebre l","160","Os parâmetros para produtividade foram redefinidos","1","index, follow, max-image-preview:large, max-snippet:-1, max-video-preview:-1","AdvertisingAgency|ProfessionalService|WebSite|BlogPosting|BreadcrumbList","70","7","9","0","839","og:image relativo"
"https://mclair.com.br/blog/pandemia-evidencia-necessidades-de-reposicionamento-de-marcas/","blog-post","200","0","","https://mclair.com.br/blog/pandemia-evidencia-necessidades-de-reposicionamento-de-marcas/","Pandemia evidencia necessidades de reposicionamento… | Mclair","61","O cenário atual é favorável para o reposicionamento de marcas. No entanto, o que pode ser uma excelente oportunidade também pode se tornar o estopim para um des","160","Pandemia evidencia necessidades de reposicionamento de marcas","1","index, follow, max-image-preview:large, max-snippet:-1, max-video-preview:-1","AdvertisingAgency|ProfessionalService|WebSite|BlogPosting|BreadcrumbList","70","7","9","0","799","og:image relativo"
"https://mclair.com.br/blog/perceber-nuances-o-superpoder-que-todo-lider-precisa-ter/","blog-post","200","0","","https://mclair.com.br/blog/perceber-nuances-o-superpoder-que-todo-lider-precisa-ter/","Perceber nuances: o ""superpoder"" que todo líder prec… | Mclair","62","O ser humano está perdendo a capacidade de perceber nuances. A frase é de Mayim Bialik, a neurocientista na vida real e na série The Big Bang Theory, onde i","160","Perceber nuances: o ""superpoder"" que todo líder precisa ter","1","index, follow, max-image-preview:large, max-snippet:-1, max-video-preview:-1","AdvertisingAgency|ProfessionalService|WebSite|BlogPosting|BreadcrumbList","70","7","9","0","849","og:image relativo"
"https://mclair.com.br/blog/perspectivas-2020-para-o-varejo-farmaceutico/","blog-post","200","0","","https://mclair.com.br/blog/perspectivas-2020-para-o-varejo-farmaceutico/","Perspectivas 2020 para o varejo farmacêutico | Blog Mclair","58","Iniciamos 2020 com boas expectativas! As principais referências do setor farmacêutico já se mostram otimistas com relação aos próximos 12 meses, muito em parale","160","Perspectivas 2020 para o varejo farmacêutico","1","index, follow, max-image-preview:large, max-snippet:-1, max-video-preview:-1","AdvertisingAgency|ProfessionalService|WebSite|BlogPosting|BreadcrumbList","70","8","9","0","704","og:image relativo"
"https://mclair.com.br/blog/pirataria-sai-do-controle-com-streaming-e-isolamento-social/","blog-post","200","0","","https://mclair.com.br/blog/pirataria-sai-do-controle-com-streaming-e-isolamento-social/","Pirataria sai do controle com streaming e isolamento… | Mclair","62","Combate ao audiovisual ilegal envolve ação conjunta de poder público e privado e novas tecnologias, como o blockchain, mas principalmente a tomada de consciênci","160","Pirataria sai do controle com streaming e isolamento social","1","index, follow, max-image-preview:large, max-snippet:-1, max-video-preview:-1","AdvertisingAgency|ProfessionalService|WebSite|BlogPosting|BreadcrumbList","70","7","9","0","1008","og:image relativo"
"https://mclair.com.br/blog/por-que-a-seguranca-psicologica-de-colaboradores-e-fundamental-para-as/","blog-post","200","0","","https://mclair.com.br/blog/por-que-a-seguranca-psicologica-de-colaboradores-e-fundamental-para-as/","Por que a segurança psicológica de colaboradores é f… | Mclair","62","Oferecer e manter um ambiente de trabalho saudável. Os últimos anos evidenciaram o quão relevante tem sido essa questão para as organizações,","141","Por que a segurança psicológica de colaboradores é fundamental para as organizações","1","index, follow, max-image-preview:large, max-snippet:-1, max-video-preview:-1","AdvertisingAgency|ProfessionalService|WebSite|BlogPosting|BreadcrumbList","70","7","9","0","749","og:image relativo"
"https://mclair.com.br/blog/por-que-as-geracoes-y-e-z-se-relacionam-melhor-com-o-esg/","blog-post","200","0","","https://mclair.com.br/blog/por-que-as-geracoes-y-e-z-se-relacionam-melhor-com-o-esg/","Por que as gerações Y e Z se relacionam melhor com o… | Mclair","62","Cerca de 70 milhões de brasileiros pertencem às gerações Y (nascidos entre 1981 e 1996) e Z (nascidos entre 1997 e 2012), sendo que 46% deste grupo é economicam","160","Por que as gerações Y e Z se relacionam melhor com o ESG?","1","index, follow, max-image-preview:large, max-snippet:-1, max-video-preview:-1","AdvertisingAgency|ProfessionalService|WebSite|BlogPosting|BreadcrumbList","70","7","9","0","720","og:image relativo"
"https://mclair.com.br/blog/por-que-o-respeito-e-decisivo-para-as-relacoes-e-resultados/","blog-post","200","0","","https://mclair.com.br/blog/por-que-o-respeito-e-decisivo-para-as-relacoes-e-resultados/","Por que o respeito é decisivo para as relações e res… | Mclair","62","Vivemos na era da exposição. A antiga dupla voyerismo/exibicionismo atingiu o grau máximo a partir das redes sociais.","117","Por que o respeito é decisivo para as relações e resultados","1","index, follow, max-image-preview:large, max-snippet:-1, max-video-preview:-1","AdvertisingAgency|ProfessionalService|WebSite|BlogPosting|BreadcrumbList","70","7","9","0","562","og:image relativo"
"https://mclair.com.br/blog/pos-licenca-a-realidade-e-rotina-de-uma-mae-na-volta-ao-trabalho/","blog-post","200","0","","https://mclair.com.br/blog/pos-licenca-a-realidade-e-rotina-de-uma-mae-na-volta-ao-trabalho/","Pós-Licença: a realidade e rotina de uma mãe na volt… | Mclair","62","Tornar-se mãe é ser apresentada a uma realidade paralela. Hoje em dia, grande parte das mulheres tendem a protelar a decisão da maternidade","139","Pós-Licença: a realidade e rotina de uma mãe na volta ao trabalho","1","index, follow, max-image-preview:large, max-snippet:-1, max-video-preview:-1","AdvertisingAgency|ProfessionalService|WebSite|BlogPosting|BreadcrumbList","70","7","9","0","883","og:image relativo"
"https://mclair.com.br/blog/praticas-de-gestao-de-pessoas-ajudam-na-transformacao-de-conceitos-cul/","blog-post","200","0","","https://mclair.com.br/blog/praticas-de-gestao-de-pessoas-ajudam-na-transformacao-de-conceitos-cul/","Práticas de Gestão de Pessoas ajudam na transformaçã… | Mclair","62","As pequenas e médias empresas (PMEs) são fundamentais para a engrenagem da economia brasileira. Além de gerar uma das maiores fontes de renda, antes da pandemia","160","Práticas de Gestão de Pessoas ajudam na transformação de conceitos culturais","1","index, follow, max-image-preview:large, max-snippet:-1, max-video-preview:-1","AdvertisingAgency|ProfessionalService|WebSite|BlogPosting|BreadcrumbList","70","7","9","0","949","og:image relativo"
"https://mclair.com.br/blog/projeto-ze-conecta-amplia-a-inclusao-digital-para-alunos-da-fundacao-j/","blog-post","200","0","","https://mclair.com.br/blog/projeto-ze-conecta-amplia-a-inclusao-digital-para-alunos-da-fundacao-j/","Projeto Zé Conecta amplia a inclusão digital para al… | Mclair","62","Com o objetivo de atrair empresas engajadas na causa da educação, primeira fase da ação já conta com 240 doações","112","Projeto Zé Conecta amplia a inclusão digital para alunos da Fundação José Carvalho","1","index, follow, max-image-preview:large, max-snippet:-1, max-video-preview:-1","AdvertisingAgency|ProfessionalService|WebSite|BlogPosting|BreadcrumbList","70","7","9","0","916","og:image relativo"
"https://mclair.com.br/blog/projeto-ze-conecta-amplia-inclusao-digital-a-alunos-em-situacao-vulner/","blog-post","200","0","","https://mclair.com.br/blog/projeto-ze-conecta-amplia-inclusao-digital-a-alunos-em-situacao-vulner/","Projeto Zé Conecta amplia inclusão digital a alunos… | Mclair","61","Com o objetivo de atrair empresas engajadas na causa da educação, primeira fase da ação já conta com 240 doações","112","Projeto Zé Conecta amplia inclusão digital a alunos em situação vulnerável","1","index, follow, max-image-preview:large, max-snippet:-1, max-video-preview:-1","AdvertisingAgency|ProfessionalService|WebSite|BlogPosting|BreadcrumbList","70","7","9","0","502","og:image relativo"
"https://mclair.com.br/blog/quando-misturar-relacao-mercantil-e-social-nao-e-um-bom-negocio/","blog-post","200","0","","https://mclair.com.br/blog/quando-misturar-relacao-mercantil-e-social-nao-e-um-bom-negocio/","Quando misturar relação mercantil e social não é um… | Mclair","61","Grandes resultados demandam relações interpessoais saudáveis. Economistas indicam que há duas categorias distintas de relacionamento interpessoal envolvendo o t","160","Quando misturar relação mercantil e social não é um bom negócio","1","index, follow, max-image-preview:large, max-snippet:-1, max-video-preview:-1","AdvertisingAgency|ProfessionalService|WebSite|BlogPosting|BreadcrumbList","70","7","10","0","791","og:image relativo"
"https://mclair.com.br/blog/quem-esta-por-tras-da-automacao/","blog-post","200","0","","https://mclair.com.br/blog/quem-esta-por-tras-da-automacao/","Quem está por trás da automação? | Blog Mclair","46","Por muito tempo, a ideia de lucro a qualquer custo predominou nas organizações.","79","Quem está por trás da automação?","1","index, follow, max-image-preview:large, max-snippet:-1, max-video-preview:-1","AdvertisingAgency|ProfessionalService|WebSite|BlogPosting|BreadcrumbList","70","7","9","0","513","og:image relativo"
"https://mclair.com.br/blog/racismo-algoritmico-especialistas-apontam-caminhos-para-um-futuro-incl/","blog-post","200","0","","https://mclair.com.br/blog/racismo-algoritmico-especialistas-apontam-caminhos-para-um-futuro-incl/","Racismo algorítmico: especialistas apontam caminhos… | Mclair","61","Profissionais abordam a importância do combate ao viés racial e discriminação na Inteligência Artificial e sociedade; métricas mais confiáveis e considerar a di","160","Racismo algorítmico: especialistas apontam caminhos para um futuro inclusivo","1","index, follow, max-image-preview:large, max-snippet:-1, max-video-preview:-1","AdvertisingAgency|ProfessionalService|WebSite|BlogPosting|BreadcrumbList","70","9","9","0","912","og:image relativo"
"https://mclair.com.br/blog/recursos-digitais-potencializam-eficiencia-e-economia-ao-setor-de-saud/","blog-post","200","0","","https://mclair.com.br/blog/recursos-digitais-potencializam-eficiencia-e-economia-ao-setor-de-saud/","Recursos digitais potencializam eficiência e economi… | Mclair","62","Modelos de negócios ultrapassados estão começando a demonstrar sinais saturação. Até mesmo os setores mais tradicionais demonstram, ano a ano, o quanto os padrõ","160","Recursos digitais potencializam eficiência e economia ao setor de saúde","1","index, follow, max-image-preview:large, max-snippet:-1, max-video-preview:-1","AdvertisingAgency|ProfessionalService|WebSite|BlogPosting|BreadcrumbList","70","7","9","0","686","og:image relativo"
"https://mclair.com.br/blog/referencia-mundial-em-tecnologia-para-o-campo-brasil-apresenta-maquina/","blog-post","200","0","","https://mclair.com.br/blog/referencia-mundial-em-tecnologia-para-o-campo-brasil-apresenta-maquina/","Referência mundial em tecnologia para o campo, Brasi… | Mclair","62","Com o apoio do Programa Brazil Machinery Solutions (BMS), nove empresas brasileiras estarão como expositoras na Agroexpo, em Bogotá;  Se juntam a este grupo out","160","Referência mundial em tecnologia para o campo, Brasil apresenta máquinas e implementos agrícolas ao mercado colombiano","1","index, follow, max-image-preview:large, max-snippet:-1, max-video-preview:-1","AdvertisingAgency|ProfessionalService|WebSite|BlogPosting|BreadcrumbList","70","7","9","0","796","og:image relativo"
"https://mclair.com.br/blog/rh-e-o-futuro-do-trabalho-quais-as-tendencias-para-os-proximos-10-anos/","blog-post","200","0","","https://mclair.com.br/blog/rh-e-o-futuro-do-trabalho-quais-as-tendencias-para-os-proximos-10-anos/","RH e o futuro do trabalho: quais as tendências para… | Mclair","61","Peter Drucker disse certa vez que a melhor maneira de prever o futuro é criá-lo.","80","RH e o futuro do trabalho: quais as tendências para os próximos 10 anos?","1","index, follow, max-image-preview:large, max-snippet:-1, max-video-preview:-1","AdvertisingAgency|ProfessionalService|WebSite|BlogPosting|BreadcrumbList","70","7","9","0","988","og:image relativo"
"https://mclair.com.br/blog/round-6-seinfield-e-as-dinamicas-do-mercado-de-streaming/","blog-post","200","0","","https://mclair.com.br/blog/round-6-seinfield-e-as-dinamicas-do-mercado-de-streaming/","""Round 6"", ""Seinfield"" e as dinâmicas do mercado de… | Mclair","61","Ao longo das últimas semanas, destacou-se no universo do entretenimento o sucesso de Round 6, da Netflix, que se tornou a série mais assistida em 90 países, n","160","""Round 6"", ""Seinfield"" e as dinâmicas do mercado de streaming","1","index, follow, max-image-preview:large, max-snippet:-1, max-video-preview:-1","AdvertisingAgency|ProfessionalService|WebSite|BlogPosting|BreadcrumbList","70","7","9","0","585","og:image relativo"
"https://mclair.com.br/blog/seis-frases-de-abilio-diniz-que-impactaram-minha-vida/","blog-post","200","0","","https://mclair.com.br/blog/seis-frases-de-abilio-diniz-que-impactaram-minha-vida/","Seis frases de Abílio Diniz que impactaram minha vid… | Mclair","62","Me diga quem você é e como construiu sua carreira e certamente deixará escapar alguns nomes de pessoas que o inspiraram. É inevitável: bons líderes desenvolvem","159","Seis frases de Abílio Diniz que impactaram minha vida","1","index, follow, max-image-preview:large, max-snippet:-1, max-video-preview:-1","AdvertisingAgency|ProfessionalService|WebSite|BlogPosting|BreadcrumbList","70","7","9","0","1076","og:image relativo"
"https://mclair.com.br/blog/seis-recomendacoes-imediatas-para-gestao-de-equipes-de-tecnologia/","blog-post","200","0","","https://mclair.com.br/blog/seis-recomendacoes-imediatas-para-gestao-de-equipes-de-tecnologia/","Seis recomendações imediatas para gestão de equipes… | Mclair","61","A crise causada pelo Covid-19 atinge estágios críticos diariamente. Sem dúvidas, a ênfase deve ser mitigar os impactos da doença, mas sem deixar de encarar com","159","Seis recomendações imediatas para gestão de equipes de tecnologia","1","index, follow, max-image-preview:large, max-snippet:-1, max-video-preview:-1","AdvertisingAgency|ProfessionalService|WebSite|BlogPosting|BreadcrumbList","70","7","9","0","1032","og:image relativo"
"https://mclair.com.br/blog/sem-essa-de-copo-meio-vazio-pessoas-sao-copo-inteiro/","blog-post","200","0","","https://mclair.com.br/blog/sem-essa-de-copo-meio-vazio-pessoas-sao-copo-inteiro/","Sem essa de copo meio vazio: pessoas são copo inteir… | Mclair","62","Você certamente já ouviu a metáfora do copo meio cheio ou meio vazio. Ou quem sabe aquela sobre os óculos com lentes cor-de-rosa. O que não faltam são figuras i","160","Sem essa de copo meio vazio: pessoas são copo inteiro!","1","index, follow, max-image-preview:large, max-snippet:-1, max-video-preview:-1","AdvertisingAgency|ProfessionalService|WebSite|BlogPosting|BreadcrumbList","70","7","9","0","620","og:image relativo"
"https://mclair.com.br/blog/sem-g-nao-da/","blog-post","200","0","","https://mclair.com.br/blog/sem-g-nao-da/","Sem G, não dá! | Blog Mclair","28","Na última quinta-feira, no Latam Retail Show, fui mediadora e participei do debate sobre a importância da governança no ESG ao lado dos grandes líderes e amigos","160","Sem G, não dá!","1","index, follow, max-image-preview:large, max-snippet:-1, max-video-preview:-1","AdvertisingAgency|ProfessionalService|WebSite|BlogPosting|BreadcrumbList","70","7","9","0","732","og:image relativo"
"https://mclair.com.br/blog/serie-lupin-movimenta-consumo-e-reitera-potencia-do-audiovisual/","blog-post","200","0","","https://mclair.com.br/blog/serie-lupin-movimenta-consumo-e-reitera-potencia-do-audiovisual/","Série Lupin movimenta consumo e reitera potência do… | Mclair","61","Hoje, o que mede o sucesso de um produto de entretenimento não é só o prestígio da audiência ou aclamação da crítica, mas também o seu impacto no comportamento","159","Série Lupin movimenta consumo e reitera potência do audiovisual","1","index, follow, max-image-preview:large, max-snippet:-1, max-video-preview:-1","AdvertisingAgency|ProfessionalService|WebSite|BlogPosting|BreadcrumbList","70","7","9","0","817","og:image relativo"
"https://mclair.com.br/blog/setores-devem-se-fortalecer-com-a-transformacao-digital/","blog-post","200","0","","https://mclair.com.br/blog/setores-devem-se-fortalecer-com-a-transformacao-digital/","Setores devem se fortalecer com a transformação digi… | Mclair","62","O cenário de incertezas ocasionado pela pandemia de coronavírus evidenciou a importância da transformação digital. Devido à crise, empresas de praticamente todo","160","Setores devem se fortalecer com a transformação digital","1","index, follow, max-image-preview:large, max-snippet:-1, max-video-preview:-1","AdvertisingAgency|ProfessionalService|WebSite|BlogPosting|BreadcrumbList","70","7","9","0","898","og:image relativo"
"https://mclair.com.br/blog/startup-carioca-cresce-400-na-pandemia-com-servico-de-valuation-via-wh/","blog-post","200","0","","https://mclair.com.br/blog/startup-carioca-cresce-400-na-pandemia-com-servico-de-valuation-via-wh/","Startup carioca cresce 400% na pandemia com serviço… | Mclair","61","Com atendimento personalizado e digitalizado, StartupHero atende mensalmente cerca de 60 clientes, de padarias a canais do youtube","130","Startup carioca cresce 400% na pandemia com serviço de valuation via WhatsApp para PMEs","1","index, follow, max-image-preview:large, max-snippet:-1, max-video-preview:-1","AdvertisingAgency|ProfessionalService|WebSite|BlogPosting|BreadcrumbList","70","7","9","0","679","og:image relativo"
"https://mclair.com.br/blog/startup-cresce-400-com-servicos-de-valuation-para-o-mercado-de-cannabi/","blog-post","200","0","","https://mclair.com.br/blog/startup-cresce-400-com-servicos-de-valuation-para-o-mercado-de-cannabi/","Startup cresce 400% com serviços de valuation para o… | Mclair","62","Fundada pelos sócios Leonardo Brasil e Leonardo Machado, a startup começou com um projeto que não deu certo: era uma plataforma de educação para empreendedores,","160","Startup cresce 400% com serviços de valuation para o mercado de cannabis","1","index, follow, max-image-preview:large, max-snippet:-1, max-video-preview:-1","AdvertisingAgency|ProfessionalService|WebSite|BlogPosting|BreadcrumbList","70","7","9","0","404","og:image relativo"
"https://mclair.com.br/blog/startup-lanca-plataforma-inedita-para-o-mercado-de-automacao-de-videos/","blog-post","200","0","","https://mclair.com.br/blog/startup-lanca-plataforma-inedita-para-o-mercado-de-automacao-de-videos/","Startup lança plataforma inédita para o mercado de a… | Mclair","62","A startup Vissla acaba de chegar ao mercado de automação de vídeos, com uma plataforma inédita, que tem o propósito de ajudar empresas que precisam multiplicar","159","Startup lança plataforma inédita para o mercado de automação de vídeos","1","index, follow, max-image-preview:large, max-snippet:-1, max-video-preview:-1","AdvertisingAgency|ProfessionalService|WebSite|BlogPosting|BreadcrumbList","70","7","9","0","710","og:image relativo"
"https://mclair.com.br/blog/sua-marca-quer-ser-noticia/","blog-post","200","0","","https://mclair.com.br/blog/sua-marca-quer-ser-noticia/","Sua marca quer ser notícia? | Blog Mclair","41","Acertar o enfoque é determinante para o sucesso da comunicação","62","Sua marca quer ser notícia?","1","index, follow, max-image-preview:large, max-snippet:-1, max-video-preview:-1","AdvertisingAgency|ProfessionalService|WebSite|BlogPosting|BreadcrumbList","70","7","9","0","534","og:image relativo"
"https://mclair.com.br/blog/sustentabilidade-lidera-agenda-corporativa-em-2023/","blog-post","200","0","","https://mclair.com.br/blog/sustentabilidade-lidera-agenda-corporativa-em-2023/","Sustentabilidade lidera agenda corporativa em 2023 | Blog Mclair","64","A aproximação de 2023 tem servido de combustível para que diversos setores do mercado se movimentem com planejamentos, metas e organização.","139","Sustentabilidade lidera agenda corporativa em 2023","1","index, follow, max-image-preview:large, max-snippet:-1, max-video-preview:-1","AdvertisingAgency|ProfessionalService|WebSite|BlogPosting|BreadcrumbList","70","7","9","0","531","og:image relativo"
"https://mclair.com.br/blog/tecnologia-brasileira-para-o-setor-de-mineracao-e-energia-e-destaque-n/","blog-post","200","0","","https://mclair.com.br/blog/tecnologia-brasileira-para-o-setor-de-mineracao-e-energia-e-destaque-n/","Tecnologia brasileira para o setor de mineração e en… | Mclair","62","Empresas apresentam inovações na feira, que acontece entre 13 e 16 de junho no Chile, com apoio de projeto setorial; País movimentou US$19,9 milhões em importaç","160","Tecnologia brasileira para o setor de mineração e energia é destaque na Exponor","1","index, follow, max-image-preview:large, max-snippet:-1, max-video-preview:-1","AdvertisingAgency|ProfessionalService|WebSite|BlogPosting|BreadcrumbList","70","10","9","0","945","og:image relativo"
"https://mclair.com.br/blog/ted-lasso-por-que-a-serie-e-um-case-de-branded-content/","blog-post","200","0","","https://mclair.com.br/blog/ted-lasso-por-que-a-serie-e-um-case-de-branded-content/","Ted Lasso: Por que a série é um case de branded cont… | Mclair","62","Ted Lasso é um fenômeno! Personagem e série chegaram ao fim da terceira temporada cheios de reconhecimento, prêmios e lições para contar.","137","Ted Lasso: Por que a série é um case de branded content?","1","index, follow, max-image-preview:large, max-snippet:-1, max-video-preview:-1","AdvertisingAgency|ProfessionalService|WebSite|BlogPosting|BreadcrumbList","70","7","9","0","1017","og:image relativo"
"https://mclair.com.br/blog/transformacao-digital-e-o-novo-normal-para-o-setor-de-eventos/","blog-post","200","0","","https://mclair.com.br/blog/transformacao-digital-e-o-novo-normal-para-o-setor-de-eventos/","Transformação digital e o ""novo normal"" para o setor… | Mclair","62","Até o ano passado, o setor de eventos movimentava a economia de muitas cidades. Diversos eventos de grandes proporções eram restringidos pela disponibilidade de","160","Transformação digital e o ""novo normal"" para o setor de eventos","1","index, follow, max-image-preview:large, max-snippet:-1, max-video-preview:-1","AdvertisingAgency|ProfessionalService|WebSite|BlogPosting|BreadcrumbList","70","7","9","0","937","og:image relativo"
"https://mclair.com.br/blog/transformacao-digital-evidencia-a-importancia-de-profissionais-agilist/","blog-post","200","0","","https://mclair.com.br/blog/transformacao-digital-evidencia-a-importancia-de-profissionais-agilist/","Transformação digital evidencia a importância de pro… | Mclair","62","A transformação digital está em alta. Nos últimos meses, seja para manter a competitividade ou pela própria sobrevivência, as empresas têm investido na adaptaçã","160","Transformação digital evidencia a importância de profissionais agilistas","1","index, follow, max-image-preview:large, max-snippet:-1, max-video-preview:-1","AdvertisingAgency|ProfessionalService|WebSite|BlogPosting|BreadcrumbList","70","7","9","0","603","og:image relativo"
"https://mclair.com.br/blog/transformacao-digital-impulsiona-busca-por-metodologias-ageis/","blog-post","200","0","","https://mclair.com.br/blog/transformacao-digital-impulsiona-busca-por-metodologias-ageis/","Transformação digital impulsiona busca por metodolog… | Mclair","62","Especialistas explicam vantagens, processos, pontos de atenção e de que forma aplicar princípios ágeis nas empresas","115","Transformação digital impulsiona busca por metodologias ágeis","1","index, follow, max-image-preview:large, max-snippet:-1, max-video-preview:-1","AdvertisingAgency|ProfessionalService|WebSite|BlogPosting|BreadcrumbList","70","7","9","0","507","og:image relativo"
"https://mclair.com.br/blog/transforme-subjetividade-em-metodo-sua-missao-ficara-mais-facil/","blog-post","200","0","","https://mclair.com.br/blog/transforme-subjetividade-em-metodo-sua-missao-ficara-mais-facil/","Transforme subjetividade em método: sua missão ficar… | Mclair","62","Quantas vezes você já ouviu falar que para alguma coisa dar certo a receita é 10% de inspiração e 90% de transpiração?","118","Transforme subjetividade em método: sua missão ficará mais fácil","1","index, follow, max-image-preview:large, max-snippet:-1, max-video-preview:-1","AdvertisingAgency|ProfessionalService|WebSite|BlogPosting|BreadcrumbList","70","7","9","0","399","og:image relativo"
"https://mclair.com.br/blog/tres-dicas-para-quem-quer-ser-um-conselheiro/","blog-post","200","0","","https://mclair.com.br/blog/tres-dicas-para-quem-quer-ser-um-conselheiro/","Três dicas para quem quer ser um Conselheiro | Blog Mclair","58","Expandir o networking, trabalhar novas habilidades e revisar a narrativa profissional ajudam na transição para a carreira","121","Três dicas para quem quer ser um Conselheiro","1","index, follow, max-image-preview:large, max-snippet:-1, max-video-preview:-1","AdvertisingAgency|ProfessionalService|WebSite|BlogPosting|BreadcrumbList","70","7","9","0","772","og:image relativo"
"https://mclair.com.br/blog/tres-fundamentos-para-uma-boa-governanca-da-inovacao/","blog-post","200","0","","https://mclair.com.br/blog/tres-fundamentos-para-uma-boa-governanca-da-inovacao/","Três fundamentos para uma boa governança da inovação | Blog Mclair","66","Você já foi invadido por uma agonia pela inovação? Sabe aquele sentimento de ansiedade, ao ver tantas tecnologias, negócios e gadgets novos?","142","Três fundamentos para uma boa governança da inovação","1","index, follow, max-image-preview:large, max-snippet:-1, max-video-preview:-1","AdvertisingAgency|ProfessionalService|WebSite|BlogPosting|BreadcrumbList","70","7","9","0","768","title longo (66) | og:image relativo"
"https://mclair.com.br/blog/tres-licoes-que-aprendi-com-claudio-galeazzi/","blog-post","200","0","","https://mclair.com.br/blog/tres-licoes-que-aprendi-com-claudio-galeazzi/","Três lições que aprendi com Cláudio Galeazzi | Blog Mclair","58","Ao longo da minha vida profissional trabalhei com alguns dos melhores executivos e empresários do Brasil.","105","Três lições que aprendi com Cláudio Galeazzi","1","index, follow, max-image-preview:large, max-snippet:-1, max-video-preview:-1","AdvertisingAgency|ProfessionalService|WebSite|BlogPosting|BreadcrumbList","70","7","9","0","731","og:image relativo"
"https://mclair.com.br/blog/tres-lugares-e-um-ponto/","blog-post","200","0","","https://mclair.com.br/blog/tres-lugares-e-um-ponto/","Três lugares e um ponto | Blog Mclair","37","Saiba o que Jony Ive, Michael Jordan e um chef de cozinha tem em comum, junto ao sucesso de um time !","101","Três lugares e um ponto","1","index, follow, max-image-preview:large, max-snippet:-1, max-video-preview:-1","AdvertisingAgency|ProfessionalService|WebSite|BlogPosting|BreadcrumbList","70","7","9","0","479","og:image relativo"
"https://mclair.com.br/blog/urgencia-do-trabalho-remoto-evidencia-oportunidades-de-qualificacao/","blog-post","200","0","","https://mclair.com.br/blog/urgencia-do-trabalho-remoto-evidencia-oportunidades-de-qualificacao/","Urgência do trabalho remoto evidencia oportunidades… | Mclair","61","A atual urgência pelo modelo de trabalho remoto tem revelado oportunidades de qualificação da gestão, afinal,  evidencia se os gestores têm competência ou clare","160","Urgência do trabalho remoto evidencia oportunidades de qualificação","1","index, follow, max-image-preview:large, max-snippet:-1, max-video-preview:-1","AdvertisingAgency|ProfessionalService|WebSite|BlogPosting|BreadcrumbList","70","7","10","0","867","og:image relativo"
"https://mclair.com.br/blog/valuation-quanto-vale-um-canal-no-youtube/","blog-post","200","0","","https://mclair.com.br/blog/valuation-quanto-vale-um-canal-no-youtube/","Valuation: Quanto vale um canal no Youtube? | Blog Mclair","57","Enquanto setor impacta R$ 3,4 bi no PIB brasileiro, empreendedores da plataforma ainda são despreparados para calcular seu valor de mercado","139","Valuation: Quanto vale um canal no Youtube?","1","index, follow, max-image-preview:large, max-snippet:-1, max-video-preview:-1","AdvertisingAgency|ProfessionalService|WebSite|BlogPosting|BreadcrumbList","70","7","9","0","597","og:image relativo"
"https://mclair.com.br/blog/vissla-lanca-plataforma-para-potencializar-campanhas-de-marketing/","blog-post","200","0","","https://mclair.com.br/blog/vissla-lanca-plataforma-para-potencializar-campanhas-de-marketing/","Vissla lança plataforma para potencializar campanhas… | Mclair","62","A startup Vissla acaba de chegar ao mercado, com uma plataforma inédita de automação de vídeos, que visa ajudar empresas que precisam multiplicar campanhas de m","160","Vissla lança plataforma para potencializar campanhas de marketing","1","index, follow, max-image-preview:large, max-snippet:-1, max-video-preview:-1","AdvertisingAgency|ProfessionalService|WebSite|BlogPosting|BreadcrumbList","70","7","9","0","682","og:image relativo"
"https://mclair.com.br/blog/voce-sabia-que-area-de-ti-sera-uma-das-mais-impactadas-pela-lgpd/","blog-post","200","0","","https://mclair.com.br/blog/voce-sabia-que-area-de-ti-sera-uma-das-mais-impactadas-pela-lgpd/","Você sabia que área de TI será uma das mais impactad… | Mclair","62","A Lei Geral de Proteção de Dados - LGPD (nº 13.709/2018) é tema recorrente em discussões sobre o aumento da fiscalização e privacidade de dados pessoais","152","Você sabia que área de TI será uma das mais impactadas pela LGPD?","1","index, follow, max-image-preview:large, max-snippet:-1, max-video-preview:-1","AdvertisingAgency|ProfessionalService|WebSite|BlogPosting|BreadcrumbList","70","7","9","0","834","og:image relativo"
"https://mclair.com.br/blog/zbra-anuncia-head-de-novos-negocios/","blog-post","200","0","","https://mclair.com.br/blog/zbra-anuncia-head-de-novos-negocios/","ZBRA anuncia Head de Novos Negócios | Blog Mclair","49","Marcos Lemes assume o posto após passagens por empresas como Getup, Maplink e Geograph; profissional visa a liderança comercial e chega com o desafio de estrutu","160","ZBRA anuncia Head de Novos Negócios","1","index, follow, max-image-preview:large, max-snippet:-1, max-video-preview:-1","AdvertisingAgency|ProfessionalService|WebSite|BlogPosting|BreadcrumbList","70","7","9","0","399","og:image relativo"
"https://mclair.com.br/blog/zbra-anuncia-mudancas-na-diretoria-e-plano-de-expansao/","blog-post","200","0","","https://mclair.com.br/blog/zbra-anuncia-mudancas-na-diretoria-e-plano-de-expansao/","ZBRA anuncia mudanças na diretoria e plano de expans… | Mclair","62","Com foco na ampliação dos negócios, especialmente nos EUA, e triplicação do faturamento nos próximos três anos, companhia terá Alexandre Cunha como CEO, enquant","160","ZBRA anuncia mudanças na diretoria e plano de expansão","1","index, follow, max-image-preview:large, max-snippet:-1, max-video-preview:-1","AdvertisingAgency|ProfessionalService|WebSite|BlogPosting|BreadcrumbList","70","7","9","0","746","og:image relativo"
"https://mclair.com.br/blog/zbra-anuncia-rebranding-com-reforco-do-posicionamento-para-o-mercado-t/","blog-post","200","0","","https://mclair.com.br/blog/zbra-anuncia-rebranding-com-reforco-do-posicionamento-para-o-mercado-t/","ZBRA anuncia rebranding com reforço do posicionament… | Mclair","62","Nova marca explora o potencial de negócios da empresa e coincide com momento de crescimento estratégico da companhia, com a conquista de novos clientes e expans","160","ZBRA anuncia rebranding com reforço do posicionamento para o mercado Tech","1","index, follow, max-image-preview:large, max-snippet:-1, max-video-preview:-1","AdvertisingAgency|ProfessionalService|WebSite|BlogPosting|BreadcrumbList","70","7","9","0","607","og:image relativo"
"https://mclair.com.br/cases/","cases-index","200","0","","https://mclair.com.br/cases/","Cases Mclair | Resultados em Marketing de Autoridade","52","Cases Mclair: Fidalgo (11.600+ inserções), BMS/ABIMAQ (1.734 internacionais), Claudia Elisa, Alexandre Magno, Elemar Jr. e mais.","128","Cases de Sucesso emMarketing de Autoridadee Comunicação Estratégica","1","index, follow, max-image-preview:large, max-snippet:-1, max-video-preview:-1","AdvertisingAgency|ProfessionalService|WebSite|ItemList","79","12","14","0","922",""
"https://mclair.com.br/cases/alexandre-magno/","case","200","0","","https://mclair.com.br/cases/alexandre-magno/","Case Alexandre Magno | Mclair: Marketing de Autoridade e Comunicação Estratégica","80","Gestão de crise na aquisição da Emergee pelo Itaú e construção de autoridade pessoal para Alexandre Magno.","106","Alexandre Magno","1","index, follow, max-image-preview:large, max-snippet:-1, max-video-preview:-1","AdvertisingAgency|ProfessionalService|WebSite|Article|BreadcrumbList","70","7","9","0","245","title longo (80)"
"https://mclair.com.br/cases/bms-abimaq/","case","200","0","","https://mclair.com.br/cases/bms-abimaq/","Case BMS / ABIMAQ + ApexBrasil | Mclair: Marketing de Autoridade e Comunicação Estratégica","90","Assessoria de imprensa que gerou 1.734 publicações internacionais para o BMS/ABIMAQ em mais de 15 países.","105","BMS / ABIMAQ + ApexBrasil","1","index, follow, max-image-preview:large, max-snippet:-1, max-video-preview:-1","AdvertisingAgency|ProfessionalService|WebSite|Article|BreadcrumbList","70","7","9","0","217","title longo (90)"
"https://mclair.com.br/cases/claudia-elisa/","case","200","0","","https://mclair.com.br/cases/claudia-elisa/","Case Claudia Elisa | Mclair: Marketing de Autoridade e Comunicação Estratégica","78","Como a Mclair ajudou Claudia Elisa a construir três marcas e consolidar autoridade de mercado em liderança e comunicação.","121","Claudia Elisa","1","index, follow, max-image-preview:large, max-snippet:-1, max-video-preview:-1","AdvertisingAgency|ProfessionalService|WebSite|Article|BreadcrumbList","70","7","13","0","284","title longo (78)"
"https://mclair.com.br/cases/diego-nogare/","case","200","0","","https://mclair.com.br/cases/diego-nogare/","Case Diego Nogare | Mclair: Marketing de Autoridade e Comunicação Estratégica","77","Como a Mclair posicionou Diego Nogare como autoridade em IA e Dados em veículos como Exame, CNN e HSM.","102","Diego Nogare","1","index, follow, max-image-preview:large, max-snippet:-1, max-video-preview:-1","AdvertisingAgency|ProfessionalService|WebSite|Article|BreadcrumbList","70","7","12","0","258","title longo (77)"
"https://mclair.com.br/cases/elemar-jr/","case","200","0","","https://mclair.com.br/cases/elemar-jr/","Case Elemar Jr. | Mclair: Marketing de Autoridade e Comunicação Estratégica","75","Como a Mclair transformou a operação individual de Elemar Jr. na consultoria estruturada EximiaCo, referência em TI.","116","Elemar Jr.","1","index, follow, max-image-preview:large, max-snippet:-1, max-video-preview:-1","AdvertisingAgency|ProfessionalService|WebSite|Article|BreadcrumbList","70","7","16","0","281","title longo (75)"
"https://mclair.com.br/cases/fidalgo/","case","200","0","","https://mclair.com.br/cases/fidalgo/","Case Fidalgo Leilões | Mclair: Marketing de Autoridade e Comunicação Estratégica","80","Como a Mclair garantiu mais de 1.600 inserções na mídia para o Fidalgo Leilões com cobertura nacional expressiva.","113","Fidalgo Leilões","1","index, follow, max-image-preview:large, max-snippet:-1, max-video-preview:-1","AdvertisingAgency|ProfessionalService|WebSite|Article|BreadcrumbList","70","7","10","0","235","title longo (80)"
"https://mclair.com.br/cases/globo-leiloes/","case","200","0","","https://mclair.com.br/cases/globo-leiloes/","Case Globo Leilões | Mclair: Marketing de Autoridade e Comunicação Estratégica","78","Como a Mclair gerou 685 inserções na mídia, 5,7 milhões de visualizações e mais de 31 milhões de cliques para a Globo Leilões.","126","Globo Leilões","1","index, follow, max-image-preview:large, max-snippet:-1, max-video-preview:-1","AdvertisingAgency|ProfessionalService|WebSite|Article|BreadcrumbList","70","7","11","0","255","title longo (78)"
"https://mclair.com.br/cases/insight-rh/","case","200","0","","https://mclair.com.br/cases/insight-rh/","Case Insight RH | Mclair: Marketing de Autoridade e Comunicação Estratégica","75","Como a Mclair transformou digitalmente a Insight RH, criando marca, canais, landing page interativa e escola de liderança do zero.","130","Insight RH","1","index, follow, max-image-preview:large, max-snippet:-1, max-video-preview:-1","AdvertisingAgency|ProfessionalService|WebSite|Article|BreadcrumbList","70","7","11","0","236","title longo (75)"
"https://mclair.com.br/cases/lambda3/","case","200","0","","https://mclair.com.br/cases/lambda3/","Case Lambda3 | Mclair: Marketing de Autoridade e Comunicação Estratégica","72","Cinco anos de parceria estratégica posicionando a Lambda3 como referência em tecnologia e dados no Brasil.","106","Lambda3","1","index, follow, max-image-preview:large, max-snippet:-1, max-video-preview:-1","AdvertisingAgency|ProfessionalService|WebSite|Article|BreadcrumbList","70","7","9","0","210","title longo (72)"
"https://mclair.com.br/cases/nexinvoice/","case","200","0","","https://mclair.com.br/cases/nexinvoice/","Case Guiando / nexinvoice | Mclair: Marketing de Autoridade e Comunicação Estratégica","85","Como a Mclair criou o nexinvoice e a mascote Annie para o Guiando, marca depois adquirida pela Asaas.","101","Guiando / nexinvoice","1","index, follow, max-image-preview:large, max-snippet:-1, max-video-preview:-1","AdvertisingAgency|ProfessionalService|WebSite|Article|BreadcrumbList","70","7","10","0","230","title longo (85)"
"https://mclair.com.br/cases/silene-chiconini/","case","200","0","","https://mclair.com.br/cases/silene-chiconini/","Case Silene Chiconini | Mclair: Marketing de Autoridade e Comunicação Estratégica","81","Como a Mclair posicionou Silene Chiconini como consultora referência em Comunicação e Sustentabilidade.","103","Silene Chiconini","1","index, follow, max-image-preview:large, max-snippet:-1, max-video-preview:-1","AdvertisingAgency|ProfessionalService|WebSite|Article|BreadcrumbList","70","7","9","0","203","title longo (81)"
"https://mclair.com.br/cases/vip-leiloes/","case","200","0","","https://mclair.com.br/cases/vip-leiloes/","Case VIP Leilões | Mclair: Marketing de Autoridade e Comunicação Estratégica","76","Como a Mclair posicionou a VIP Leilões em Extra, Valor Investe, InfoMoney e IstoÉ Dinheiro, associando a marca a leilões dos maiores bancos do país.","148","VIP Leilões","1","index, follow, max-image-preview:large, max-snippet:-1, max-video-preview:-1","AdvertisingAgency|ProfessionalService|WebSite|Article|BreadcrumbList","70","7","13","0","285","title longo (76)"
"https://mclair.com.br/cases/zbra/","case","200","0","","https://mclair.com.br/cases/zbra/","Case Zbra | Mclair: Marketing de Autoridade e Comunicação Estratégica","69","Como a Mclair alinhou toda a comunicação da Zbra após seu rebranding: redes sociais, imprensa e posicionamento integrados.","122","Zbra","1","index, follow, max-image-preview:large, max-snippet:-1, max-video-preview:-1","AdvertisingAgency|ProfessionalService|WebSite|Article|BreadcrumbList","70","7","9","0","226","title longo (69)"
"https://mclair.com.br/clientes/","institucional","200","0","","https://mclair.com.br/clientes/","Clientes | Mclair Comunicação Estratégica","41","200+ empresas de 23+ segmentos confiam na Mclair para Comunicação Estratégica, Marketing de Autoridade e Assessoria de Imprensa. São Paulo.","139","NossosClientes","1","index, follow, max-image-preview:large, max-snippet:-1, max-video-preview:-1","AdvertisingAgency|ProfessionalService|WebSite","79","6","74","0","194",""
"https://mclair.com.br/contato/","institucional","200","0","","https://mclair.com.br/contato/","Contato Mclair | Marketing de Autoridade em São Paulo","53","Fale com a Mclair. Solicite uma consultoria em Comunicação Estratégica ou Marketing de Autoridade. kelly@mclair.com.br | (11) 98860-0372.","137","Inicie sua jornada deMarketing de Autoridade","1","index, follow, max-image-preview:large, max-snippet:-1, max-video-preview:-1","AdvertisingAgency|ProfessionalService|WebSite|FAQPage","66","9","5","0","354",""
"https://mclair.com.br/marketing-para-leiloeiros/","institucional","200","0","","https://mclair.com.br/marketing-para-leiloeiros/","Marketing para Leiloeiros | Mclair Assessoria de Imprensa e Growth","66","Comunicação especializada para o mercado de leilões: assessoria de imprensa, growth e conteúdo que transformam visibilidade em arrematantes reais. Cases: Fidalgo, Globo e VIP Leilões.","183","Seu leilão merecemais que curtidas.Merece disputa por lance.","1","index, follow, max-image-preview:large, max-snippet:-1, max-video-preview:-1","AdvertisingAgency|ProfessionalService|WebSite|WebPage|BreadcrumbList|Service|FAQPage","76","8","20","0","1066","title longo (66) | description longa (183)"
"https://mclair.com.br/mentorias/","institucional","200","0","","https://mclair.com.br/mentorias/","Mentorias Bolder & Bolder Press | Kelly Pinheiro | Mclair","57","Mentorias exclusivas com Kelly Pinheiro. Bolder: posicione sua marca como autoridade. Bolder Press: domine a assessoria de imprensa moderna.","140","Mentoriasquetransformamsuacarreira","1","index, follow, max-image-preview:large, max-snippet:-1, max-video-preview:-1","AdvertisingAgency|ProfessionalService|WebSite|ItemList","66","8","21","0","420",""
"https://mclair.com.br/servicos/","servicos-index","200","0","","https://mclair.com.br/servicos/","Serviços Mclair | Marketing de Autoridade, Comunicação Estratégica e Branding","77","6 soluções Mclair: Marketing de Autoridade, Assessoria de Imprensa, Branding Estratégico, Marketing Digital, Consultoria e Mentorias Bolder.","140","Comunicação Estratégicae Marketing de Autoridade","1","index, follow, max-image-preview:large, max-snippet:-1, max-video-preview:-1","AdvertisingAgency|ProfessionalService|WebSite|CollectionPage","73","13","6","0","495","title longo (77)"
"https://mclair.com.br/servicos/assessoria-de-imprensa/","servico","200","0","","https://mclair.com.br/servicos/assessoria-de-imprensa/","Assessoria de Imprensa | Mclair: Agência de Comunicação Estratégica","67","Assessoria de Imprensa Mclair. 11.600+ inserções nos veículos certos, com relacionamento direto com jornalistas e redações.","123","Assessoria de Imprensa","1","index, follow, max-image-preview:large, max-snippet:-1, max-video-preview:-1","AdvertisingAgency|ProfessionalService|WebSite|Service|BreadcrumbList","71","9","6","0","231","title longo (67)"
"https://mclair.com.br/servicos/branding-estrategico/","servico","200","0","","https://mclair.com.br/servicos/branding-estrategico/","Branding Estratégico | Mclair: Agência de Comunicação Estratégica","65","Branding Estratégico com a Mclair. Identidade visual, posicionamento e linguagem de marca como sistema integrado para ser escolhida antes da concorrência.","154","Branding Estratégico","1","index, follow, max-image-preview:large, max-snippet:-1, max-video-preview:-1","AdvertisingAgency|ProfessionalService|WebSite|Service|BreadcrumbList","71","9","6","0","232",""
"https://mclair.com.br/servicos/consultoria-em-comunicacao/","servico","200","0","","https://mclair.com.br/servicos/consultoria-em-comunicacao/","Consultoria em Comunicação | Mclair: Agência de Comunicação Estratégica","71","Consultoria em Comunicação com a Mclair. Diagnóstico real, comparação com concorrentes e plano de ação com prioridades, sem genérico.","133","Consultoria em Comunicação","1","index, follow, max-image-preview:large, max-snippet:-1, max-video-preview:-1","AdvertisingAgency|ProfessionalService|WebSite|Service|BreadcrumbList","71","9","6","0","212","title longo (71)"
"https://mclair.com.br/servicos/marketing-de-autoridade/","servico","200","0","","https://mclair.com.br/servicos/marketing-de-autoridade/","Marketing de Autoridade | Mclair: Agência de Comunicação Estratégica","68","Marketing de Autoridade com a Mclair. Posicionamos sua marca como primeira escolha do setor com conteúdo estratégico, presença digital e narrativa de marca.","156","Marketing de Autoridade","1","index, follow, max-image-preview:large, max-snippet:-1, max-video-preview:-1","AdvertisingAgency|ProfessionalService|WebSite|Service|BreadcrumbList","71","9","6","0","238","title longo (68)"
"https://mclair.com.br/servicos/marketing-digital/","servico","200","0","","https://mclair.com.br/servicos/marketing-digital/","Marketing Digital | Mclair: Agência de Comunicação Estratégica","62","Marketing Digital com a Mclair. SEO, conteúdo, social media e ads integrados com papel definido para cada canal e dados reais de performance.","141","Marketing Digital","1","index, follow, max-image-preview:large, max-snippet:-1, max-video-preview:-1","AdvertisingAgency|ProfessionalService|WebSite|Service|BreadcrumbList","71","9","6","0","231",""
"https://mclair.com.br/servicos/mentorias-exclusivas/","servico","200","0","","https://mclair.com.br/servicos/mentorias-exclusivas/","Mentorias Exclusivas | Mclair: Agência de Comunicação Estratégica","65","Mentorias Mclair: Bolder e Bolder Press com Kelly Pinheiro. 20 anos de método, acompanhamento direto e rede de alunos para quem quer resultado em meses.","152","Mentorias Exclusivas","1","index, follow, max-image-preview:large, max-snippet:-1, max-video-preview:-1","AdvertisingAgency|ProfessionalService|WebSite|Service|BreadcrumbList","71","9","6","0","223",""
"https://mclair.com.br/sobre/","institucional","200","0","","https://mclair.com.br/sobre/","Sobre a Mclair | Comunicação Estratégica desde 2017","51","Agência fundada em 2017 por Kelly Pinheiro. 200+ clientes, 23+ segmentos, 11.600+ inserções na mídia e 1.734 publicações internacionais.","136","Mclair: Comunicação Estratégicae Marketing de Autoridade desde 2017","1","index, follow, max-image-preview:large, max-snippet:-1, max-video-preview:-1","AdvertisingAgency|ProfessionalService|WebSite|AboutPage|Person","66","7","6","0","315",""
